"페이지명","분류","Query URL"
"강서구 외벽방수","외벽방수","https://sinbiroo.co.kr/?k=%EA%B0%95%EC%84%9C%EA%B5%AC-%EC%99%B8%EB%B2%BD%EB%B0%A9%EC%88%98"
"강서구 옥상방수","옥상방수","https://sinbiroo.co.kr/?k=%EA%B0%95%EC%84%9C%EA%B5%AC-%EC%98%A5%EC%83%81%EB%B0%A9%EC%88%98"
"강서구 건물방수","건물방수","https://sinbiroo.co.kr/?k=%EA%B0%95%EC%84%9C%EA%B5%AC-%EA%B1%B4%EB%AC%BC%EB%B0%A9%EC%88%98"
"강서구 외벽도색","외벽도색","https://sinbiroo.co.kr/?k=%EA%B0%95%EC%84%9C%EA%B5%AC-%EC%99%B8%EB%B2%BD%EB%8F%84%EC%83%89"
"염창동 외벽방수","외벽방수","https://sinbiroo.co.kr/?k=%EC%97%BC%EC%B0%BD%EB%8F%99-%EC%99%B8%EB%B2%BD%EB%B0%A9%EC%88%98"
"염창동 옥상방수","옥상방수","https://sinbiroo.co.kr/?k=%EC%97%BC%EC%B0%BD%EB%8F%99-%EC%98%A5%EC%83%81%EB%B0%A9%EC%88%98"
"염창동 건물방수","건물방수","https://sinbiroo.co.kr/?k=%EC%97%BC%EC%B0%BD%EB%8F%99-%EA%B1%B4%EB%AC%BC%EB%B0%A9%EC%88%98"
"염창동 외벽도색","외벽도색","https://sinbiroo.co.kr/?k=%EC%97%BC%EC%B0%BD%EB%8F%99-%EC%99%B8%EB%B2%BD%EB%8F%84%EC%83%89"
"등촌동 외벽방수","외벽방수","https://sinbiroo.co.kr/?k=%EB%93%B1%EC%B4%8C%EB%8F%99-%EC%99%B8%EB%B2%BD%EB%B0%A9%EC%88%98"
"등촌동 옥상방수","옥상방수","https://sinbiroo.co.kr/?k=%EB%93%B1%EC%B4%8C%EB%8F%99-%EC%98%A5%EC%83%81%EB%B0%A9%EC%88%98"
"등촌동 건물방수","건물방수","https://sinbiroo.co.kr/?k=%EB%93%B1%EC%B4%8C%EB%8F%99-%EA%B1%B4%EB%AC%BC%EB%B0%A9%EC%88%98"
"등촌동 외벽도색","외벽도색","https://sinbiroo.co.kr/?k=%EB%93%B1%EC%B4%8C%EB%8F%99-%EC%99%B8%EB%B2%BD%EB%8F%84%EC%83%89"
"화곡본동 외벽방수","외벽방수","https://sinbiroo.co.kr/?k=%ED%99%94%EA%B3%A1%EB%B3%B8%EB%8F%99-%EC%99%B8%EB%B2%BD%EB%B0%A9%EC%88%98"
"화곡본동 옥상방수","옥상방수","https://sinbiroo.co.kr/?k=%ED%99%94%EA%B3%A1%EB%B3%B8%EB%8F%99-%EC%98%A5%EC%83%81%EB%B0%A9%EC%88%98"
"화곡본동 건물방수","건물방수","https://sinbiroo.co.kr/?k=%ED%99%94%EA%B3%A1%EB%B3%B8%EB%8F%99-%EA%B1%B4%EB%AC%BC%EB%B0%A9%EC%88%98"
"화곡본동 외벽도색","외벽도색","https://sinbiroo.co.kr/?k=%ED%99%94%EA%B3%A1%EB%B3%B8%EB%8F%99-%EC%99%B8%EB%B2%BD%EB%8F%84%EC%83%89"
"화곡동 외벽방수","외벽방수","https://sinbiroo.co.kr/?k=%ED%99%94%EA%B3%A1%EB%8F%99-%EC%99%B8%EB%B2%BD%EB%B0%A9%EC%88%98"
"화곡동 옥상방수","옥상방수","https://sinbiroo.co.kr/?k=%ED%99%94%EA%B3%A1%EB%8F%99-%EC%98%A5%EC%83%81%EB%B0%A9%EC%88%98"
"화곡동 건물방수","건물방수","https://sinbiroo.co.kr/?k=%ED%99%94%EA%B3%A1%EB%8F%99-%EA%B1%B4%EB%AC%BC%EB%B0%A9%EC%88%98"
"화곡동 외벽도색","외벽도색","https://sinbiroo.co.kr/?k=%ED%99%94%EA%B3%A1%EB%8F%99-%EC%99%B8%EB%B2%BD%EB%8F%84%EC%83%89"
"우장산동 외벽방수","외벽방수","https://sinbiroo.co.kr/?k=%EC%9A%B0%EC%9E%A5%EC%82%B0%EB%8F%99-%EC%99%B8%EB%B2%BD%EB%B0%A9%EC%88%98"
"우장산동 옥상방수","옥상방수","https://sinbiroo.co.kr/?k=%EC%9A%B0%EC%9E%A5%EC%82%B0%EB%8F%99-%EC%98%A5%EC%83%81%EB%B0%A9%EC%88%98"
"우장산동 건물방수","건물방수","https://sinbiroo.co.kr/?k=%EC%9A%B0%EC%9E%A5%EC%82%B0%EB%8F%99-%EA%B1%B4%EB%AC%BC%EB%B0%A9%EC%88%98"
"우장산동 외벽도색","외벽도색","https://sinbiroo.co.kr/?k=%EC%9A%B0%EC%9E%A5%EC%82%B0%EB%8F%99-%EC%99%B8%EB%B2%BD%EB%8F%84%EC%83%89"
"가양동 외벽방수","외벽방수","https://sinbiroo.co.kr/?k=%EA%B0%80%EC%96%91%EB%8F%99-%EC%99%B8%EB%B2%BD%EB%B0%A9%EC%88%98"
"가양동 옥상방수","옥상방수","https://sinbiroo.co.kr/?k=%EA%B0%80%EC%96%91%EB%8F%99-%EC%98%A5%EC%83%81%EB%B0%A9%EC%88%98"
"가양동 건물방수","건물방수","https://sinbiroo.co.kr/?k=%EA%B0%80%EC%96%91%EB%8F%99-%EA%B1%B4%EB%AC%BC%EB%B0%A9%EC%88%98"
"가양동 외벽도색","외벽도색","https://sinbiroo.co.kr/?k=%EA%B0%80%EC%96%91%EB%8F%99-%EC%99%B8%EB%B2%BD%EB%8F%84%EC%83%89"
"발산동 외벽방수","외벽방수","https://sinbiroo.co.kr/?k=%EB%B0%9C%EC%82%B0%EB%8F%99-%EC%99%B8%EB%B2%BD%EB%B0%A9%EC%88%98"
"발산동 옥상방수","옥상방수","https://sinbiroo.co.kr/?k=%EB%B0%9C%EC%82%B0%EB%8F%99-%EC%98%A5%EC%83%81%EB%B0%A9%EC%88%98"
"발산동 건물방수","건물방수","https://sinbiroo.co.kr/?k=%EB%B0%9C%EC%82%B0%EB%8F%99-%EA%B1%B4%EB%AC%BC%EB%B0%A9%EC%88%98"
"발산동 외벽도색","외벽도색","https://sinbiroo.co.kr/?k=%EB%B0%9C%EC%82%B0%EB%8F%99-%EC%99%B8%EB%B2%BD%EB%8F%84%EC%83%89"
"공항동 외벽방수","외벽방수","https://sinbiroo.co.kr/?k=%EA%B3%B5%ED%95%AD%EB%8F%99-%EC%99%B8%EB%B2%BD%EB%B0%A9%EC%88%98"
"공항동 옥상방수","옥상방수","https://sinbiroo.co.kr/?k=%EA%B3%B5%ED%95%AD%EB%8F%99-%EC%98%A5%EC%83%81%EB%B0%A9%EC%88%98"
"공항동 건물방수","건물방수","https://sinbiroo.co.kr/?k=%EA%B3%B5%ED%95%AD%EB%8F%99-%EA%B1%B4%EB%AC%BC%EB%B0%A9%EC%88%98"
"공항동 외벽도색","외벽도색","https://sinbiroo.co.kr/?k=%EA%B3%B5%ED%95%AD%EB%8F%99-%EC%99%B8%EB%B2%BD%EB%8F%84%EC%83%89"
"방화동 외벽방수","외벽방수","https://sinbiroo.co.kr/?k=%EB%B0%A9%ED%99%94%EB%8F%99-%EC%99%B8%EB%B2%BD%EB%B0%A9%EC%88%98"
"방화동 옥상방수","옥상방수","https://sinbiroo.co.kr/?k=%EB%B0%A9%ED%99%94%EB%8F%99-%EC%98%A5%EC%83%81%EB%B0%A9%EC%88%98"
"방화동 건물방수","건물방수","https://sinbiroo.co.kr/?k=%EB%B0%A9%ED%99%94%EB%8F%99-%EA%B1%B4%EB%AC%BC%EB%B0%A9%EC%88%98"
"방화동 외벽도색","외벽도색","https://sinbiroo.co.kr/?k=%EB%B0%A9%ED%99%94%EB%8F%99-%EC%99%B8%EB%B2%BD%EB%8F%84%EC%83%89"
"마포구 외벽방수","외벽방수","https://sinbiroo.co.kr/?k=%EB%A7%88%ED%8F%AC%EA%B5%AC-%EC%99%B8%EB%B2%BD%EB%B0%A9%EC%88%98"
"마포구 옥상방수","옥상방수","https://sinbiroo.co.kr/?k=%EB%A7%88%ED%8F%AC%EA%B5%AC-%EC%98%A5%EC%83%81%EB%B0%A9%EC%88%98"
"마포구 건물방수","건물방수","https://sinbiroo.co.kr/?k=%EB%A7%88%ED%8F%AC%EA%B5%AC-%EA%B1%B4%EB%AC%BC%EB%B0%A9%EC%88%98"
"마포구 외벽도색","외벽도색","https://sinbiroo.co.kr/?k=%EB%A7%88%ED%8F%AC%EA%B5%AC-%EC%99%B8%EB%B2%BD%EB%8F%84%EC%83%89"
"아현동 외벽방수","외벽방수","https://sinbiroo.co.kr/?k=%EC%95%84%ED%98%84%EB%8F%99-%EC%99%B8%EB%B2%BD%EB%B0%A9%EC%88%98"
"아현동 옥상방수","옥상방수","https://sinbiroo.co.kr/?k=%EC%95%84%ED%98%84%EB%8F%99-%EC%98%A5%EC%83%81%EB%B0%A9%EC%88%98"
"아현동 건물방수","건물방수","https://sinbiroo.co.kr/?k=%EC%95%84%ED%98%84%EB%8F%99-%EA%B1%B4%EB%AC%BC%EB%B0%A9%EC%88%98"
"아현동 외벽도색","외벽도색","https://sinbiroo.co.kr/?k=%EC%95%84%ED%98%84%EB%8F%99-%EC%99%B8%EB%B2%BD%EB%8F%84%EC%83%89"
"공덕동 외벽방수","외벽방수","https://sinbiroo.co.kr/?k=%EA%B3%B5%EB%8D%95%EB%8F%99-%EC%99%B8%EB%B2%BD%EB%B0%A9%EC%88%98"
"공덕동 옥상방수","옥상방수","https://sinbiroo.co.kr/?k=%EA%B3%B5%EB%8D%95%EB%8F%99-%EC%98%A5%EC%83%81%EB%B0%A9%EC%88%98"
"공덕동 건물방수","건물방수","https://sinbiroo.co.kr/?k=%EA%B3%B5%EB%8D%95%EB%8F%99-%EA%B1%B4%EB%AC%BC%EB%B0%A9%EC%88%98"
"공덕동 외벽도색","외벽도색","https://sinbiroo.co.kr/?k=%EA%B3%B5%EB%8D%95%EB%8F%99-%EC%99%B8%EB%B2%BD%EB%8F%84%EC%83%89"
"도화동 외벽방수","외벽방수","https://sinbiroo.co.kr/?k=%EB%8F%84%ED%99%94%EB%8F%99-%EC%99%B8%EB%B2%BD%EB%B0%A9%EC%88%98"
"도화동 옥상방수","옥상방수","https://sinbiroo.co.kr/?k=%EB%8F%84%ED%99%94%EB%8F%99-%EC%98%A5%EC%83%81%EB%B0%A9%EC%88%98"
"도화동 건물방수","건물방수","https://sinbiroo.co.kr/?k=%EB%8F%84%ED%99%94%EB%8F%99-%EA%B1%B4%EB%AC%BC%EB%B0%A9%EC%88%98"
"도화동 외벽도색","외벽도색","https://sinbiroo.co.kr/?k=%EB%8F%84%ED%99%94%EB%8F%99-%EC%99%B8%EB%B2%BD%EB%8F%84%EC%83%89"
"용강동 외벽방수","외벽방수","https://sinbiroo.co.kr/?k=%EC%9A%A9%EA%B0%95%EB%8F%99-%EC%99%B8%EB%B2%BD%EB%B0%A9%EC%88%98"
"용강동 옥상방수","옥상방수","https://sinbiroo.co.kr/?k=%EC%9A%A9%EA%B0%95%EB%8F%99-%EC%98%A5%EC%83%81%EB%B0%A9%EC%88%98"
"용강동 건물방수","건물방수","https://sinbiroo.co.kr/?k=%EC%9A%A9%EA%B0%95%EB%8F%99-%EA%B1%B4%EB%AC%BC%EB%B0%A9%EC%88%98"
"용강동 외벽도색","외벽도색","https://sinbiroo.co.kr/?k=%EC%9A%A9%EA%B0%95%EB%8F%99-%EC%99%B8%EB%B2%BD%EB%8F%84%EC%83%89"
"대흥동 외벽방수","외벽방수","https://sinbiroo.co.kr/?k=%EB%8C%80%ED%9D%A5%EB%8F%99-%EC%99%B8%EB%B2%BD%EB%B0%A9%EC%88%98"
"대흥동 옥상방수","옥상방수","https://sinbiroo.co.kr/?k=%EB%8C%80%ED%9D%A5%EB%8F%99-%EC%98%A5%EC%83%81%EB%B0%A9%EC%88%98"
"대흥동 건물방수","건물방수","https://sinbiroo.co.kr/?k=%EB%8C%80%ED%9D%A5%EB%8F%99-%EA%B1%B4%EB%AC%BC%EB%B0%A9%EC%88%98"
"대흥동 외벽도색","외벽도색","https://sinbiroo.co.kr/?k=%EB%8C%80%ED%9D%A5%EB%8F%99-%EC%99%B8%EB%B2%BD%EB%8F%84%EC%83%89"
"염리동 외벽방수","외벽방수","https://sinbiroo.co.kr/?k=%EC%97%BC%EB%A6%AC%EB%8F%99-%EC%99%B8%EB%B2%BD%EB%B0%A9%EC%88%98"
"염리동 옥상방수","옥상방수","https://sinbiroo.co.kr/?k=%EC%97%BC%EB%A6%AC%EB%8F%99-%EC%98%A5%EC%83%81%EB%B0%A9%EC%88%98"
"염리동 건물방수","건물방수","https://sinbiroo.co.kr/?k=%EC%97%BC%EB%A6%AC%EB%8F%99-%EA%B1%B4%EB%AC%BC%EB%B0%A9%EC%88%98"
"염리동 외벽도색","외벽도색","https://sinbiroo.co.kr/?k=%EC%97%BC%EB%A6%AC%EB%8F%99-%EC%99%B8%EB%B2%BD%EB%8F%84%EC%83%89"
"신수동 외벽방수","외벽방수","https://sinbiroo.co.kr/?k=%EC%8B%A0%EC%88%98%EB%8F%99-%EC%99%B8%EB%B2%BD%EB%B0%A9%EC%88%98"
"신수동 옥상방수","옥상방수","https://sinbiroo.co.kr/?k=%EC%8B%A0%EC%88%98%EB%8F%99-%EC%98%A5%EC%83%81%EB%B0%A9%EC%88%98"
"신수동 건물방수","건물방수","https://sinbiroo.co.kr/?k=%EC%8B%A0%EC%88%98%EB%8F%99-%EA%B1%B4%EB%AC%BC%EB%B0%A9%EC%88%98"
"신수동 외벽도색","외벽도색","https://sinbiroo.co.kr/?k=%EC%8B%A0%EC%88%98%EB%8F%99-%EC%99%B8%EB%B2%BD%EB%8F%84%EC%83%89"
"서강동 외벽방수","외벽방수","https://sinbiroo.co.kr/?k=%EC%84%9C%EA%B0%95%EB%8F%99-%EC%99%B8%EB%B2%BD%EB%B0%A9%EC%88%98"
"서강동 옥상방수","옥상방수","https://sinbiroo.co.kr/?k=%EC%84%9C%EA%B0%95%EB%8F%99-%EC%98%A5%EC%83%81%EB%B0%A9%EC%88%98"
"서강동 건물방수","건물방수","https://sinbiroo.co.kr/?k=%EC%84%9C%EA%B0%95%EB%8F%99-%EA%B1%B4%EB%AC%BC%EB%B0%A9%EC%88%98"
"서강동 외벽도색","외벽도색","https://sinbiroo.co.kr/?k=%EC%84%9C%EA%B0%95%EB%8F%99-%EC%99%B8%EB%B2%BD%EB%8F%84%EC%83%89"
"서교동 외벽방수","외벽방수","https://sinbiroo.co.kr/?k=%EC%84%9C%EA%B5%90%EB%8F%99-%EC%99%B8%EB%B2%BD%EB%B0%A9%EC%88%98"
"서교동 옥상방수","옥상방수","https://sinbiroo.co.kr/?k=%EC%84%9C%EA%B5%90%EB%8F%99-%EC%98%A5%EC%83%81%EB%B0%A9%EC%88%98"
"서교동 건물방수","건물방수","https://sinbiroo.co.kr/?k=%EC%84%9C%EA%B5%90%EB%8F%99-%EA%B1%B4%EB%AC%BC%EB%B0%A9%EC%88%98"
"서교동 외벽도색","외벽도색","https://sinbiroo.co.kr/?k=%EC%84%9C%EA%B5%90%EB%8F%99-%EC%99%B8%EB%B2%BD%EB%8F%84%EC%83%89"
"합정동 외벽방수","외벽방수","https://sinbiroo.co.kr/?k=%ED%95%A9%EC%A0%95%EB%8F%99-%EC%99%B8%EB%B2%BD%EB%B0%A9%EC%88%98"
"합정동 옥상방수","옥상방수","https://sinbiroo.co.kr/?k=%ED%95%A9%EC%A0%95%EB%8F%99-%EC%98%A5%EC%83%81%EB%B0%A9%EC%88%98"
"합정동 건물방수","건물방수","https://sinbiroo.co.kr/?k=%ED%95%A9%EC%A0%95%EB%8F%99-%EA%B1%B4%EB%AC%BC%EB%B0%A9%EC%88%98"
"합정동 외벽도색","외벽도색","https://sinbiroo.co.kr/?k=%ED%95%A9%EC%A0%95%EB%8F%99-%EC%99%B8%EB%B2%BD%EB%8F%84%EC%83%89"
"망원동 외벽방수","외벽방수","https://sinbiroo.co.kr/?k=%EB%A7%9D%EC%9B%90%EB%8F%99-%EC%99%B8%EB%B2%BD%EB%B0%A9%EC%88%98"
"망원동 옥상방수","옥상방수","https://sinbiroo.co.kr/?k=%EB%A7%9D%EC%9B%90%EB%8F%99-%EC%98%A5%EC%83%81%EB%B0%A9%EC%88%98"
"망원동 건물방수","건물방수","https://sinbiroo.co.kr/?k=%EB%A7%9D%EC%9B%90%EB%8F%99-%EA%B1%B4%EB%AC%BC%EB%B0%A9%EC%88%98"
"망원동 외벽도색","외벽도색","https://sinbiroo.co.kr/?k=%EB%A7%9D%EC%9B%90%EB%8F%99-%EC%99%B8%EB%B2%BD%EB%8F%84%EC%83%89"
"연남동 외벽방수","외벽방수","https://sinbiroo.co.kr/?k=%EC%97%B0%EB%82%A8%EB%8F%99-%EC%99%B8%EB%B2%BD%EB%B0%A9%EC%88%98"
"연남동 옥상방수","옥상방수","https://sinbiroo.co.kr/?k=%EC%97%B0%EB%82%A8%EB%8F%99-%EC%98%A5%EC%83%81%EB%B0%A9%EC%88%98"
"연남동 건물방수","건물방수","https://sinbiroo.co.kr/?k=%EC%97%B0%EB%82%A8%EB%8F%99-%EA%B1%B4%EB%AC%BC%EB%B0%A9%EC%88%98"
"연남동 외벽도색","외벽도색","https://sinbiroo.co.kr/?k=%EC%97%B0%EB%82%A8%EB%8F%99-%EC%99%B8%EB%B2%BD%EB%8F%84%EC%83%89"
"성산동 외벽방수","외벽방수","https://sinbiroo.co.kr/?k=%EC%84%B1%EC%82%B0%EB%8F%99-%EC%99%B8%EB%B2%BD%EB%B0%A9%EC%88%98"
"성산동 옥상방수","옥상방수","https://sinbiroo.co.kr/?k=%EC%84%B1%EC%82%B0%EB%8F%99-%EC%98%A5%EC%83%81%EB%B0%A9%EC%88%98"
"성산동 건물방수","건물방수","https://sinbiroo.co.kr/?k=%EC%84%B1%EC%82%B0%EB%8F%99-%EA%B1%B4%EB%AC%BC%EB%B0%A9%EC%88%98"
"성산동 외벽도색","외벽도색","https://sinbiroo.co.kr/?k=%EC%84%B1%EC%82%B0%EB%8F%99-%EC%99%B8%EB%B2%BD%EB%8F%84%EC%83%89"
"상암동 외벽방수","외벽방수","https://sinbiroo.co.kr/?k=%EC%83%81%EC%95%94%EB%8F%99-%EC%99%B8%EB%B2%BD%EB%B0%A9%EC%88%98"
"상암동 옥상방수","옥상방수","https://sinbiroo.co.kr/?k=%EC%83%81%EC%95%94%EB%8F%99-%EC%98%A5%EC%83%81%EB%B0%A9%EC%88%98"
"상암동 건물방수","건물방수","https://sinbiroo.co.kr/?k=%EC%83%81%EC%95%94%EB%8F%99-%EA%B1%B4%EB%AC%BC%EB%B0%A9%EC%88%98"
"상암동 외벽도색","외벽도색","https://sinbiroo.co.kr/?k=%EC%83%81%EC%95%94%EB%8F%99-%EC%99%B8%EB%B2%BD%EB%8F%84%EC%83%89"
"서대문구 외벽방수","외벽방수","https://sinbiroo.co.kr/?k=%EC%84%9C%EB%8C%80%EB%AC%B8%EA%B5%AC-%EC%99%B8%EB%B2%BD%EB%B0%A9%EC%88%98"
"서대문구 옥상방수","옥상방수","https://sinbiroo.co.kr/?k=%EC%84%9C%EB%8C%80%EB%AC%B8%EA%B5%AC-%EC%98%A5%EC%83%81%EB%B0%A9%EC%88%98"
"서대문구 건물방수","건물방수","https://sinbiroo.co.kr/?k=%EC%84%9C%EB%8C%80%EB%AC%B8%EA%B5%AC-%EA%B1%B4%EB%AC%BC%EB%B0%A9%EC%88%98"
"서대문구 외벽도색","외벽도색","https://sinbiroo.co.kr/?k=%EC%84%9C%EB%8C%80%EB%AC%B8%EA%B5%AC-%EC%99%B8%EB%B2%BD%EB%8F%84%EC%83%89"
"충현동 외벽방수","외벽방수","https://sinbiroo.co.kr/?k=%EC%B6%A9%ED%98%84%EB%8F%99-%EC%99%B8%EB%B2%BD%EB%B0%A9%EC%88%98"
"충현동 옥상방수","옥상방수","https://sinbiroo.co.kr/?k=%EC%B6%A9%ED%98%84%EB%8F%99-%EC%98%A5%EC%83%81%EB%B0%A9%EC%88%98"
"충현동 건물방수","건물방수","https://sinbiroo.co.kr/?k=%EC%B6%A9%ED%98%84%EB%8F%99-%EA%B1%B4%EB%AC%BC%EB%B0%A9%EC%88%98"
"충현동 외벽도색","외벽도색","https://sinbiroo.co.kr/?k=%EC%B6%A9%ED%98%84%EB%8F%99-%EC%99%B8%EB%B2%BD%EB%8F%84%EC%83%89"
"천연동 외벽방수","외벽방수","https://sinbiroo.co.kr/?k=%EC%B2%9C%EC%97%B0%EB%8F%99-%EC%99%B8%EB%B2%BD%EB%B0%A9%EC%88%98"
"천연동 옥상방수","옥상방수","https://sinbiroo.co.kr/?k=%EC%B2%9C%EC%97%B0%EB%8F%99-%EC%98%A5%EC%83%81%EB%B0%A9%EC%88%98"
"천연동 건물방수","건물방수","https://sinbiroo.co.kr/?k=%EC%B2%9C%EC%97%B0%EB%8F%99-%EA%B1%B4%EB%AC%BC%EB%B0%A9%EC%88%98"
"천연동 외벽도색","외벽도색","https://sinbiroo.co.kr/?k=%EC%B2%9C%EC%97%B0%EB%8F%99-%EC%99%B8%EB%B2%BD%EB%8F%84%EC%83%89"
"북아현동 외벽방수","외벽방수","https://sinbiroo.co.kr/?k=%EB%B6%81%EC%95%84%ED%98%84%EB%8F%99-%EC%99%B8%EB%B2%BD%EB%B0%A9%EC%88%98"
"북아현동 옥상방수","옥상방수","https://sinbiroo.co.kr/?k=%EB%B6%81%EC%95%84%ED%98%84%EB%8F%99-%EC%98%A5%EC%83%81%EB%B0%A9%EC%88%98"
"북아현동 건물방수","건물방수","https://sinbiroo.co.kr/?k=%EB%B6%81%EC%95%84%ED%98%84%EB%8F%99-%EA%B1%B4%EB%AC%BC%EB%B0%A9%EC%88%98"
"북아현동 외벽도색","외벽도색","https://sinbiroo.co.kr/?k=%EB%B6%81%EC%95%84%ED%98%84%EB%8F%99-%EC%99%B8%EB%B2%BD%EB%8F%84%EC%83%89"
"신촌동 외벽방수","외벽방수","https://sinbiroo.co.kr/?k=%EC%8B%A0%EC%B4%8C%EB%8F%99-%EC%99%B8%EB%B2%BD%EB%B0%A9%EC%88%98"
"신촌동 옥상방수","옥상방수","https://sinbiroo.co.kr/?k=%EC%8B%A0%EC%B4%8C%EB%8F%99-%EC%98%A5%EC%83%81%EB%B0%A9%EC%88%98"
"신촌동 건물방수","건물방수","https://sinbiroo.co.kr/?k=%EC%8B%A0%EC%B4%8C%EB%8F%99-%EA%B1%B4%EB%AC%BC%EB%B0%A9%EC%88%98"
"신촌동 외벽도색","외벽도색","https://sinbiroo.co.kr/?k=%EC%8B%A0%EC%B4%8C%EB%8F%99-%EC%99%B8%EB%B2%BD%EB%8F%84%EC%83%89"
"연희동 외벽방수","외벽방수","https://sinbiroo.co.kr/?k=%EC%97%B0%ED%9D%AC%EB%8F%99-%EC%99%B8%EB%B2%BD%EB%B0%A9%EC%88%98"
"연희동 옥상방수","옥상방수","https://sinbiroo.co.kr/?k=%EC%97%B0%ED%9D%AC%EB%8F%99-%EC%98%A5%EC%83%81%EB%B0%A9%EC%88%98"
"연희동 건물방수","건물방수","https://sinbiroo.co.kr/?k=%EC%97%B0%ED%9D%AC%EB%8F%99-%EA%B1%B4%EB%AC%BC%EB%B0%A9%EC%88%98"
"연희동 외벽도색","외벽도색","https://sinbiroo.co.kr/?k=%EC%97%B0%ED%9D%AC%EB%8F%99-%EC%99%B8%EB%B2%BD%EB%8F%84%EC%83%89"
"홍제동 외벽방수","외벽방수","https://sinbiroo.co.kr/?k=%ED%99%8D%EC%A0%9C%EB%8F%99-%EC%99%B8%EB%B2%BD%EB%B0%A9%EC%88%98"
"홍제동 옥상방수","옥상방수","https://sinbiroo.co.kr/?k=%ED%99%8D%EC%A0%9C%EB%8F%99-%EC%98%A5%EC%83%81%EB%B0%A9%EC%88%98"
"홍제동 건물방수","건물방수","https://sinbiroo.co.kr/?k=%ED%99%8D%EC%A0%9C%EB%8F%99-%EA%B1%B4%EB%AC%BC%EB%B0%A9%EC%88%98"
"홍제동 외벽도색","외벽도색","https://sinbiroo.co.kr/?k=%ED%99%8D%EC%A0%9C%EB%8F%99-%EC%99%B8%EB%B2%BD%EB%8F%84%EC%83%89"
"홍은동 외벽방수","외벽방수","https://sinbiroo.co.kr/?k=%ED%99%8D%EC%9D%80%EB%8F%99-%EC%99%B8%EB%B2%BD%EB%B0%A9%EC%88%98"
"홍은동 옥상방수","옥상방수","https://sinbiroo.co.kr/?k=%ED%99%8D%EC%9D%80%EB%8F%99-%EC%98%A5%EC%83%81%EB%B0%A9%EC%88%98"
"홍은동 건물방수","건물방수","https://sinbiroo.co.kr/?k=%ED%99%8D%EC%9D%80%EB%8F%99-%EA%B1%B4%EB%AC%BC%EB%B0%A9%EC%88%98"
"홍은동 외벽도색","외벽도색","https://sinbiroo.co.kr/?k=%ED%99%8D%EC%9D%80%EB%8F%99-%EC%99%B8%EB%B2%BD%EB%8F%84%EC%83%89"
"남가좌동 외벽방수","외벽방수","https://sinbiroo.co.kr/?k=%EB%82%A8%EA%B0%80%EC%A2%8C%EB%8F%99-%EC%99%B8%EB%B2%BD%EB%B0%A9%EC%88%98"
"남가좌동 옥상방수","옥상방수","https://sinbiroo.co.kr/?k=%EB%82%A8%EA%B0%80%EC%A2%8C%EB%8F%99-%EC%98%A5%EC%83%81%EB%B0%A9%EC%88%98"
"남가좌동 건물방수","건물방수","https://sinbiroo.co.kr/?k=%EB%82%A8%EA%B0%80%EC%A2%8C%EB%8F%99-%EA%B1%B4%EB%AC%BC%EB%B0%A9%EC%88%98"
"남가좌동 외벽도색","외벽도색","https://sinbiroo.co.kr/?k=%EB%82%A8%EA%B0%80%EC%A2%8C%EB%8F%99-%EC%99%B8%EB%B2%BD%EB%8F%84%EC%83%89"
"북가좌동 외벽방수","외벽방수","https://sinbiroo.co.kr/?k=%EB%B6%81%EA%B0%80%EC%A2%8C%EB%8F%99-%EC%99%B8%EB%B2%BD%EB%B0%A9%EC%88%98"
"북가좌동 옥상방수","옥상방수","https://sinbiroo.co.kr/?k=%EB%B6%81%EA%B0%80%EC%A2%8C%EB%8F%99-%EC%98%A5%EC%83%81%EB%B0%A9%EC%88%98"
"북가좌동 건물방수","건물방수","https://sinbiroo.co.kr/?k=%EB%B6%81%EA%B0%80%EC%A2%8C%EB%8F%99-%EA%B1%B4%EB%AC%BC%EB%B0%A9%EC%88%98"
"북가좌동 외벽도색","외벽도색","https://sinbiroo.co.kr/?k=%EB%B6%81%EA%B0%80%EC%A2%8C%EB%8F%99-%EC%99%B8%EB%B2%BD%EB%8F%84%EC%83%89"
"은평구 외벽방수","외벽방수","https://sinbiroo.co.kr/?k=%EC%9D%80%ED%8F%89%EA%B5%AC-%EC%99%B8%EB%B2%BD%EB%B0%A9%EC%88%98"
"은평구 옥상방수","옥상방수","https://sinbiroo.co.kr/?k=%EC%9D%80%ED%8F%89%EA%B5%AC-%EC%98%A5%EC%83%81%EB%B0%A9%EC%88%98"
"은평구 건물방수","건물방수","https://sinbiroo.co.kr/?k=%EC%9D%80%ED%8F%89%EA%B5%AC-%EA%B1%B4%EB%AC%BC%EB%B0%A9%EC%88%98"
"은평구 외벽도색","외벽도색","https://sinbiroo.co.kr/?k=%EC%9D%80%ED%8F%89%EA%B5%AC-%EC%99%B8%EB%B2%BD%EB%8F%84%EC%83%89"
"녹번동 외벽방수","외벽방수","https://sinbiroo.co.kr/?k=%EB%85%B9%EB%B2%88%EB%8F%99-%EC%99%B8%EB%B2%BD%EB%B0%A9%EC%88%98"
"녹번동 옥상방수","옥상방수","https://sinbiroo.co.kr/?k=%EB%85%B9%EB%B2%88%EB%8F%99-%EC%98%A5%EC%83%81%EB%B0%A9%EC%88%98"
"녹번동 건물방수","건물방수","https://sinbiroo.co.kr/?k=%EB%85%B9%EB%B2%88%EB%8F%99-%EA%B1%B4%EB%AC%BC%EB%B0%A9%EC%88%98"
"녹번동 외벽도색","외벽도색","https://sinbiroo.co.kr/?k=%EB%85%B9%EB%B2%88%EB%8F%99-%EC%99%B8%EB%B2%BD%EB%8F%84%EC%83%89"
"불광동 외벽방수","외벽방수","https://sinbiroo.co.kr/?k=%EB%B6%88%EA%B4%91%EB%8F%99-%EC%99%B8%EB%B2%BD%EB%B0%A9%EC%88%98"
"불광동 옥상방수","옥상방수","https://sinbiroo.co.kr/?k=%EB%B6%88%EA%B4%91%EB%8F%99-%EC%98%A5%EC%83%81%EB%B0%A9%EC%88%98"
"불광동 건물방수","건물방수","https://sinbiroo.co.kr/?k=%EB%B6%88%EA%B4%91%EB%8F%99-%EA%B1%B4%EB%AC%BC%EB%B0%A9%EC%88%98"
"불광동 외벽도색","외벽도색","https://sinbiroo.co.kr/?k=%EB%B6%88%EA%B4%91%EB%8F%99-%EC%99%B8%EB%B2%BD%EB%8F%84%EC%83%89"
"갈현동 외벽방수","외벽방수","https://sinbiroo.co.kr/?k=%EA%B0%88%ED%98%84%EB%8F%99-%EC%99%B8%EB%B2%BD%EB%B0%A9%EC%88%98"
"갈현동 옥상방수","옥상방수","https://sinbiroo.co.kr/?k=%EA%B0%88%ED%98%84%EB%8F%99-%EC%98%A5%EC%83%81%EB%B0%A9%EC%88%98"
"갈현동 건물방수","건물방수","https://sinbiroo.co.kr/?k=%EA%B0%88%ED%98%84%EB%8F%99-%EA%B1%B4%EB%AC%BC%EB%B0%A9%EC%88%98"
"갈현동 외벽도색","외벽도색","https://sinbiroo.co.kr/?k=%EA%B0%88%ED%98%84%EB%8F%99-%EC%99%B8%EB%B2%BD%EB%8F%84%EC%83%89"
"구산동 외벽방수","외벽방수","https://sinbiroo.co.kr/?k=%EA%B5%AC%EC%82%B0%EB%8F%99-%EC%99%B8%EB%B2%BD%EB%B0%A9%EC%88%98"
"구산동 옥상방수","옥상방수","https://sinbiroo.co.kr/?k=%EA%B5%AC%EC%82%B0%EB%8F%99-%EC%98%A5%EC%83%81%EB%B0%A9%EC%88%98"
"구산동 건물방수","건물방수","https://sinbiroo.co.kr/?k=%EA%B5%AC%EC%82%B0%EB%8F%99-%EA%B1%B4%EB%AC%BC%EB%B0%A9%EC%88%98"
"구산동 외벽도색","외벽도색","https://sinbiroo.co.kr/?k=%EA%B5%AC%EC%82%B0%EB%8F%99-%EC%99%B8%EB%B2%BD%EB%8F%84%EC%83%89"
"대조동 외벽방수","외벽방수","https://sinbiroo.co.kr/?k=%EB%8C%80%EC%A1%B0%EB%8F%99-%EC%99%B8%EB%B2%BD%EB%B0%A9%EC%88%98"
"대조동 옥상방수","옥상방수","https://sinbiroo.co.kr/?k=%EB%8C%80%EC%A1%B0%EB%8F%99-%EC%98%A5%EC%83%81%EB%B0%A9%EC%88%98"
"대조동 건물방수","건물방수","https://sinbiroo.co.kr/?k=%EB%8C%80%EC%A1%B0%EB%8F%99-%EA%B1%B4%EB%AC%BC%EB%B0%A9%EC%88%98"
"대조동 외벽도색","외벽도색","https://sinbiroo.co.kr/?k=%EB%8C%80%EC%A1%B0%EB%8F%99-%EC%99%B8%EB%B2%BD%EB%8F%84%EC%83%89"
"응암동 외벽방수","외벽방수","https://sinbiroo.co.kr/?k=%EC%9D%91%EC%95%94%EB%8F%99-%EC%99%B8%EB%B2%BD%EB%B0%A9%EC%88%98"
"응암동 옥상방수","옥상방수","https://sinbiroo.co.kr/?k=%EC%9D%91%EC%95%94%EB%8F%99-%EC%98%A5%EC%83%81%EB%B0%A9%EC%88%98"
"응암동 건물방수","건물방수","https://sinbiroo.co.kr/?k=%EC%9D%91%EC%95%94%EB%8F%99-%EA%B1%B4%EB%AC%BC%EB%B0%A9%EC%88%98"
"응암동 외벽도색","외벽도색","https://sinbiroo.co.kr/?k=%EC%9D%91%EC%95%94%EB%8F%99-%EC%99%B8%EB%B2%BD%EB%8F%84%EC%83%89"
"역촌동 외벽방수","외벽방수","https://sinbiroo.co.kr/?k=%EC%97%AD%EC%B4%8C%EB%8F%99-%EC%99%B8%EB%B2%BD%EB%B0%A9%EC%88%98"
"역촌동 옥상방수","옥상방수","https://sinbiroo.co.kr/?k=%EC%97%AD%EC%B4%8C%EB%8F%99-%EC%98%A5%EC%83%81%EB%B0%A9%EC%88%98"
"역촌동 건물방수","건물방수","https://sinbiroo.co.kr/?k=%EC%97%AD%EC%B4%8C%EB%8F%99-%EA%B1%B4%EB%AC%BC%EB%B0%A9%EC%88%98"
"역촌동 외벽도색","외벽도색","https://sinbiroo.co.kr/?k=%EC%97%AD%EC%B4%8C%EB%8F%99-%EC%99%B8%EB%B2%BD%EB%8F%84%EC%83%89"
"신사동 외벽방수","외벽방수","https://sinbiroo.co.kr/?k=%EC%8B%A0%EC%82%AC%EB%8F%99-%EC%99%B8%EB%B2%BD%EB%B0%A9%EC%88%98"
"신사동 옥상방수","옥상방수","https://sinbiroo.co.kr/?k=%EC%8B%A0%EC%82%AC%EB%8F%99-%EC%98%A5%EC%83%81%EB%B0%A9%EC%88%98"
"신사동 건물방수","건물방수","https://sinbiroo.co.kr/?k=%EC%8B%A0%EC%82%AC%EB%8F%99-%EA%B1%B4%EB%AC%BC%EB%B0%A9%EC%88%98"
"신사동 외벽도색","외벽도색","https://sinbiroo.co.kr/?k=%EC%8B%A0%EC%82%AC%EB%8F%99-%EC%99%B8%EB%B2%BD%EB%8F%84%EC%83%89"
"증산동 외벽방수","외벽방수","https://sinbiroo.co.kr/?k=%EC%A6%9D%EC%82%B0%EB%8F%99-%EC%99%B8%EB%B2%BD%EB%B0%A9%EC%88%98"
"증산동 옥상방수","옥상방수","https://sinbiroo.co.kr/?k=%EC%A6%9D%EC%82%B0%EB%8F%99-%EC%98%A5%EC%83%81%EB%B0%A9%EC%88%98"
"증산동 건물방수","건물방수","https://sinbiroo.co.kr/?k=%EC%A6%9D%EC%82%B0%EB%8F%99-%EA%B1%B4%EB%AC%BC%EB%B0%A9%EC%88%98"
"증산동 외벽도색","외벽도색","https://sinbiroo.co.kr/?k=%EC%A6%9D%EC%82%B0%EB%8F%99-%EC%99%B8%EB%B2%BD%EB%8F%84%EC%83%89"
"수색동 외벽방수","외벽방수","https://sinbiroo.co.kr/?k=%EC%88%98%EC%83%89%EB%8F%99-%EC%99%B8%EB%B2%BD%EB%B0%A9%EC%88%98"
"수색동 옥상방수","옥상방수","https://sinbiroo.co.kr/?k=%EC%88%98%EC%83%89%EB%8F%99-%EC%98%A5%EC%83%81%EB%B0%A9%EC%88%98"
"수색동 건물방수","건물방수","https://sinbiroo.co.kr/?k=%EC%88%98%EC%83%89%EB%8F%99-%EA%B1%B4%EB%AC%BC%EB%B0%A9%EC%88%98"
"수색동 외벽도색","외벽도색","https://sinbiroo.co.kr/?k=%EC%88%98%EC%83%89%EB%8F%99-%EC%99%B8%EB%B2%BD%EB%8F%84%EC%83%89"
"진관동 외벽방수","외벽방수","https://sinbiroo.co.kr/?k=%EC%A7%84%EA%B4%80%EB%8F%99-%EC%99%B8%EB%B2%BD%EB%B0%A9%EC%88%98"
"진관동 옥상방수","옥상방수","https://sinbiroo.co.kr/?k=%EC%A7%84%EA%B4%80%EB%8F%99-%EC%98%A5%EC%83%81%EB%B0%A9%EC%88%98"
"진관동 건물방수","건물방수","https://sinbiroo.co.kr/?k=%EC%A7%84%EA%B4%80%EB%8F%99-%EA%B1%B4%EB%AC%BC%EB%B0%A9%EC%88%98"
"진관동 외벽도색","외벽도색","https://sinbiroo.co.kr/?k=%EC%A7%84%EA%B4%80%EB%8F%99-%EC%99%B8%EB%B2%BD%EB%8F%84%EC%83%89"
"종로구 외벽방수","외벽방수","https://sinbiroo.co.kr/?k=%EC%A2%85%EB%A1%9C%EA%B5%AC-%EC%99%B8%EB%B2%BD%EB%B0%A9%EC%88%98"
"종로구 옥상방수","옥상방수","https://sinbiroo.co.kr/?k=%EC%A2%85%EB%A1%9C%EA%B5%AC-%EC%98%A5%EC%83%81%EB%B0%A9%EC%88%98"
"종로구 건물방수","건물방수","https://sinbiroo.co.kr/?k=%EC%A2%85%EB%A1%9C%EA%B5%AC-%EA%B1%B4%EB%AC%BC%EB%B0%A9%EC%88%98"
"종로구 외벽도색","외벽도색","https://sinbiroo.co.kr/?k=%EC%A2%85%EB%A1%9C%EA%B5%AC-%EC%99%B8%EB%B2%BD%EB%8F%84%EC%83%89"
"청운효자동 외벽방수","외벽방수","https://sinbiroo.co.kr/?k=%EC%B2%AD%EC%9A%B4%ED%9A%A8%EC%9E%90%EB%8F%99-%EC%99%B8%EB%B2%BD%EB%B0%A9%EC%88%98"
"청운효자동 옥상방수","옥상방수","https://sinbiroo.co.kr/?k=%EC%B2%AD%EC%9A%B4%ED%9A%A8%EC%9E%90%EB%8F%99-%EC%98%A5%EC%83%81%EB%B0%A9%EC%88%98"
"청운효자동 건물방수","건물방수","https://sinbiroo.co.kr/?k=%EC%B2%AD%EC%9A%B4%ED%9A%A8%EC%9E%90%EB%8F%99-%EA%B1%B4%EB%AC%BC%EB%B0%A9%EC%88%98"
"청운효자동 외벽도색","외벽도색","https://sinbiroo.co.kr/?k=%EC%B2%AD%EC%9A%B4%ED%9A%A8%EC%9E%90%EB%8F%99-%EC%99%B8%EB%B2%BD%EB%8F%84%EC%83%89"
"사직동 외벽방수","외벽방수","https://sinbiroo.co.kr/?k=%EC%82%AC%EC%A7%81%EB%8F%99-%EC%99%B8%EB%B2%BD%EB%B0%A9%EC%88%98"
"사직동 옥상방수","옥상방수","https://sinbiroo.co.kr/?k=%EC%82%AC%EC%A7%81%EB%8F%99-%EC%98%A5%EC%83%81%EB%B0%A9%EC%88%98"
"사직동 건물방수","건물방수","https://sinbiroo.co.kr/?k=%EC%82%AC%EC%A7%81%EB%8F%99-%EA%B1%B4%EB%AC%BC%EB%B0%A9%EC%88%98"
"사직동 외벽도색","외벽도색","https://sinbiroo.co.kr/?k=%EC%82%AC%EC%A7%81%EB%8F%99-%EC%99%B8%EB%B2%BD%EB%8F%84%EC%83%89"
"삼청동 외벽방수","외벽방수","https://sinbiroo.co.kr/?k=%EC%82%BC%EC%B2%AD%EB%8F%99-%EC%99%B8%EB%B2%BD%EB%B0%A9%EC%88%98"
"삼청동 옥상방수","옥상방수","https://sinbiroo.co.kr/?k=%EC%82%BC%EC%B2%AD%EB%8F%99-%EC%98%A5%EC%83%81%EB%B0%A9%EC%88%98"
"삼청동 건물방수","건물방수","https://sinbiroo.co.kr/?k=%EC%82%BC%EC%B2%AD%EB%8F%99-%EA%B1%B4%EB%AC%BC%EB%B0%A9%EC%88%98"
"삼청동 외벽도색","외벽도색","https://sinbiroo.co.kr/?k=%EC%82%BC%EC%B2%AD%EB%8F%99-%EC%99%B8%EB%B2%BD%EB%8F%84%EC%83%89"
"부암동 외벽방수","외벽방수","https://sinbiroo.co.kr/?k=%EB%B6%80%EC%95%94%EB%8F%99-%EC%99%B8%EB%B2%BD%EB%B0%A9%EC%88%98"
"부암동 옥상방수","옥상방수","https://sinbiroo.co.kr/?k=%EB%B6%80%EC%95%94%EB%8F%99-%EC%98%A5%EC%83%81%EB%B0%A9%EC%88%98"
"부암동 건물방수","건물방수","https://sinbiroo.co.kr/?k=%EB%B6%80%EC%95%94%EB%8F%99-%EA%B1%B4%EB%AC%BC%EB%B0%A9%EC%88%98"
"부암동 외벽도색","외벽도색","https://sinbiroo.co.kr/?k=%EB%B6%80%EC%95%94%EB%8F%99-%EC%99%B8%EB%B2%BD%EB%8F%84%EC%83%89"
"평창동 외벽방수","외벽방수","https://sinbiroo.co.kr/?k=%ED%8F%89%EC%B0%BD%EB%8F%99-%EC%99%B8%EB%B2%BD%EB%B0%A9%EC%88%98"
"평창동 옥상방수","옥상방수","https://sinbiroo.co.kr/?k=%ED%8F%89%EC%B0%BD%EB%8F%99-%EC%98%A5%EC%83%81%EB%B0%A9%EC%88%98"
"평창동 건물방수","건물방수","https://sinbiroo.co.kr/?k=%ED%8F%89%EC%B0%BD%EB%8F%99-%EA%B1%B4%EB%AC%BC%EB%B0%A9%EC%88%98"
"평창동 외벽도색","외벽도색","https://sinbiroo.co.kr/?k=%ED%8F%89%EC%B0%BD%EB%8F%99-%EC%99%B8%EB%B2%BD%EB%8F%84%EC%83%89"
"무악동 외벽방수","외벽방수","https://sinbiroo.co.kr/?k=%EB%AC%B4%EC%95%85%EB%8F%99-%EC%99%B8%EB%B2%BD%EB%B0%A9%EC%88%98"
"무악동 옥상방수","옥상방수","https://sinbiroo.co.kr/?k=%EB%AC%B4%EC%95%85%EB%8F%99-%EC%98%A5%EC%83%81%EB%B0%A9%EC%88%98"
"무악동 건물방수","건물방수","https://sinbiroo.co.kr/?k=%EB%AC%B4%EC%95%85%EB%8F%99-%EA%B1%B4%EB%AC%BC%EB%B0%A9%EC%88%98"
"무악동 외벽도색","외벽도색","https://sinbiroo.co.kr/?k=%EB%AC%B4%EC%95%85%EB%8F%99-%EC%99%B8%EB%B2%BD%EB%8F%84%EC%83%89"
"교남동 외벽방수","외벽방수","https://sinbiroo.co.kr/?k=%EA%B5%90%EB%82%A8%EB%8F%99-%EC%99%B8%EB%B2%BD%EB%B0%A9%EC%88%98"
"교남동 옥상방수","옥상방수","https://sinbiroo.co.kr/?k=%EA%B5%90%EB%82%A8%EB%8F%99-%EC%98%A5%EC%83%81%EB%B0%A9%EC%88%98"
"교남동 건물방수","건물방수","https://sinbiroo.co.kr/?k=%EA%B5%90%EB%82%A8%EB%8F%99-%EA%B1%B4%EB%AC%BC%EB%B0%A9%EC%88%98"
"교남동 외벽도색","외벽도색","https://sinbiroo.co.kr/?k=%EA%B5%90%EB%82%A8%EB%8F%99-%EC%99%B8%EB%B2%BD%EB%8F%84%EC%83%89"
"가회동 외벽방수","외벽방수","https://sinbiroo.co.kr/?k=%EA%B0%80%ED%9A%8C%EB%8F%99-%EC%99%B8%EB%B2%BD%EB%B0%A9%EC%88%98"
"가회동 옥상방수","옥상방수","https://sinbiroo.co.kr/?k=%EA%B0%80%ED%9A%8C%EB%8F%99-%EC%98%A5%EC%83%81%EB%B0%A9%EC%88%98"
"가회동 건물방수","건물방수","https://sinbiroo.co.kr/?k=%EA%B0%80%ED%9A%8C%EB%8F%99-%EA%B1%B4%EB%AC%BC%EB%B0%A9%EC%88%98"
"가회동 외벽도색","외벽도색","https://sinbiroo.co.kr/?k=%EA%B0%80%ED%9A%8C%EB%8F%99-%EC%99%B8%EB%B2%BD%EB%8F%84%EC%83%89"
"종로동 외벽방수","외벽방수","https://sinbiroo.co.kr/?k=%EC%A2%85%EB%A1%9C%EB%8F%99-%EC%99%B8%EB%B2%BD%EB%B0%A9%EC%88%98"
"종로동 옥상방수","옥상방수","https://sinbiroo.co.kr/?k=%EC%A2%85%EB%A1%9C%EB%8F%99-%EC%98%A5%EC%83%81%EB%B0%A9%EC%88%98"
"종로동 건물방수","건물방수","https://sinbiroo.co.kr/?k=%EC%A2%85%EB%A1%9C%EB%8F%99-%EA%B1%B4%EB%AC%BC%EB%B0%A9%EC%88%98"
"종로동 외벽도색","외벽도색","https://sinbiroo.co.kr/?k=%EC%A2%85%EB%A1%9C%EB%8F%99-%EC%99%B8%EB%B2%BD%EB%8F%84%EC%83%89"
"이화동 외벽방수","외벽방수","https://sinbiroo.co.kr/?k=%EC%9D%B4%ED%99%94%EB%8F%99-%EC%99%B8%EB%B2%BD%EB%B0%A9%EC%88%98"
"이화동 옥상방수","옥상방수","https://sinbiroo.co.kr/?k=%EC%9D%B4%ED%99%94%EB%8F%99-%EC%98%A5%EC%83%81%EB%B0%A9%EC%88%98"
"이화동 건물방수","건물방수","https://sinbiroo.co.kr/?k=%EC%9D%B4%ED%99%94%EB%8F%99-%EA%B1%B4%EB%AC%BC%EB%B0%A9%EC%88%98"
"이화동 외벽도색","외벽도색","https://sinbiroo.co.kr/?k=%EC%9D%B4%ED%99%94%EB%8F%99-%EC%99%B8%EB%B2%BD%EB%8F%84%EC%83%89"
"혜화동 외벽방수","외벽방수","https://sinbiroo.co.kr/?k=%ED%98%9C%ED%99%94%EB%8F%99-%EC%99%B8%EB%B2%BD%EB%B0%A9%EC%88%98"
"혜화동 옥상방수","옥상방수","https://sinbiroo.co.kr/?k=%ED%98%9C%ED%99%94%EB%8F%99-%EC%98%A5%EC%83%81%EB%B0%A9%EC%88%98"
"혜화동 건물방수","건물방수","https://sinbiroo.co.kr/?k=%ED%98%9C%ED%99%94%EB%8F%99-%EA%B1%B4%EB%AC%BC%EB%B0%A9%EC%88%98"
"혜화동 외벽도색","외벽도색","https://sinbiroo.co.kr/?k=%ED%98%9C%ED%99%94%EB%8F%99-%EC%99%B8%EB%B2%BD%EB%8F%84%EC%83%89"
"창신동 외벽방수","외벽방수","https://sinbiroo.co.kr/?k=%EC%B0%BD%EC%8B%A0%EB%8F%99-%EC%99%B8%EB%B2%BD%EB%B0%A9%EC%88%98"
"창신동 옥상방수","옥상방수","https://sinbiroo.co.kr/?k=%EC%B0%BD%EC%8B%A0%EB%8F%99-%EC%98%A5%EC%83%81%EB%B0%A9%EC%88%98"
"창신동 건물방수","건물방수","https://sinbiroo.co.kr/?k=%EC%B0%BD%EC%8B%A0%EB%8F%99-%EA%B1%B4%EB%AC%BC%EB%B0%A9%EC%88%98"
"창신동 외벽도색","외벽도색","https://sinbiroo.co.kr/?k=%EC%B0%BD%EC%8B%A0%EB%8F%99-%EC%99%B8%EB%B2%BD%EB%8F%84%EC%83%89"
"숭인동 외벽방수","외벽방수","https://sinbiroo.co.kr/?k=%EC%88%AD%EC%9D%B8%EB%8F%99-%EC%99%B8%EB%B2%BD%EB%B0%A9%EC%88%98"
"숭인동 옥상방수","옥상방수","https://sinbiroo.co.kr/?k=%EC%88%AD%EC%9D%B8%EB%8F%99-%EC%98%A5%EC%83%81%EB%B0%A9%EC%88%98"
"숭인동 건물방수","건물방수","https://sinbiroo.co.kr/?k=%EC%88%AD%EC%9D%B8%EB%8F%99-%EA%B1%B4%EB%AC%BC%EB%B0%A9%EC%88%98"
"숭인동 외벽도색","외벽도색","https://sinbiroo.co.kr/?k=%EC%88%AD%EC%9D%B8%EB%8F%99-%EC%99%B8%EB%B2%BD%EB%8F%84%EC%83%89"
"중구 외벽방수","외벽방수","https://sinbiroo.co.kr/?k=%EC%A4%91%EA%B5%AC-%EC%99%B8%EB%B2%BD%EB%B0%A9%EC%88%98"
"중구 옥상방수","옥상방수","https://sinbiroo.co.kr/?k=%EC%A4%91%EA%B5%AC-%EC%98%A5%EC%83%81%EB%B0%A9%EC%88%98"
"중구 건물방수","건물방수","https://sinbiroo.co.kr/?k=%EC%A4%91%EA%B5%AC-%EA%B1%B4%EB%AC%BC%EB%B0%A9%EC%88%98"
"중구 외벽도색","외벽도색","https://sinbiroo.co.kr/?k=%EC%A4%91%EA%B5%AC-%EC%99%B8%EB%B2%BD%EB%8F%84%EC%83%89"
"소공동 외벽방수","외벽방수","https://sinbiroo.co.kr/?k=%EC%86%8C%EA%B3%B5%EB%8F%99-%EC%99%B8%EB%B2%BD%EB%B0%A9%EC%88%98"
"소공동 옥상방수","옥상방수","https://sinbiroo.co.kr/?k=%EC%86%8C%EA%B3%B5%EB%8F%99-%EC%98%A5%EC%83%81%EB%B0%A9%EC%88%98"
"소공동 건물방수","건물방수","https://sinbiroo.co.kr/?k=%EC%86%8C%EA%B3%B5%EB%8F%99-%EA%B1%B4%EB%AC%BC%EB%B0%A9%EC%88%98"
"소공동 외벽도색","외벽도색","https://sinbiroo.co.kr/?k=%EC%86%8C%EA%B3%B5%EB%8F%99-%EC%99%B8%EB%B2%BD%EB%8F%84%EC%83%89"
"회현동 외벽방수","외벽방수","https://sinbiroo.co.kr/?k=%ED%9A%8C%ED%98%84%EB%8F%99-%EC%99%B8%EB%B2%BD%EB%B0%A9%EC%88%98"
"회현동 옥상방수","옥상방수","https://sinbiroo.co.kr/?k=%ED%9A%8C%ED%98%84%EB%8F%99-%EC%98%A5%EC%83%81%EB%B0%A9%EC%88%98"
"회현동 건물방수","건물방수","https://sinbiroo.co.kr/?k=%ED%9A%8C%ED%98%84%EB%8F%99-%EA%B1%B4%EB%AC%BC%EB%B0%A9%EC%88%98"
"회현동 외벽도색","외벽도색","https://sinbiroo.co.kr/?k=%ED%9A%8C%ED%98%84%EB%8F%99-%EC%99%B8%EB%B2%BD%EB%8F%84%EC%83%89"
"명동 외벽방수","외벽방수","https://sinbiroo.co.kr/?k=%EB%AA%85%EB%8F%99-%EC%99%B8%EB%B2%BD%EB%B0%A9%EC%88%98"
"명동 옥상방수","옥상방수","https://sinbiroo.co.kr/?k=%EB%AA%85%EB%8F%99-%EC%98%A5%EC%83%81%EB%B0%A9%EC%88%98"
"명동 건물방수","건물방수","https://sinbiroo.co.kr/?k=%EB%AA%85%EB%8F%99-%EA%B1%B4%EB%AC%BC%EB%B0%A9%EC%88%98"
"명동 외벽도색","외벽도색","https://sinbiroo.co.kr/?k=%EB%AA%85%EB%8F%99-%EC%99%B8%EB%B2%BD%EB%8F%84%EC%83%89"
"필동 외벽방수","외벽방수","https://sinbiroo.co.kr/?k=%ED%95%84%EB%8F%99-%EC%99%B8%EB%B2%BD%EB%B0%A9%EC%88%98"
"필동 옥상방수","옥상방수","https://sinbiroo.co.kr/?k=%ED%95%84%EB%8F%99-%EC%98%A5%EC%83%81%EB%B0%A9%EC%88%98"
"필동 건물방수","건물방수","https://sinbiroo.co.kr/?k=%ED%95%84%EB%8F%99-%EA%B1%B4%EB%AC%BC%EB%B0%A9%EC%88%98"
"필동 외벽도색","외벽도색","https://sinbiroo.co.kr/?k=%ED%95%84%EB%8F%99-%EC%99%B8%EB%B2%BD%EB%8F%84%EC%83%89"
"장충동 외벽방수","외벽방수","https://sinbiroo.co.kr/?k=%EC%9E%A5%EC%B6%A9%EB%8F%99-%EC%99%B8%EB%B2%BD%EB%B0%A9%EC%88%98"
"장충동 옥상방수","옥상방수","https://sinbiroo.co.kr/?k=%EC%9E%A5%EC%B6%A9%EB%8F%99-%EC%98%A5%EC%83%81%EB%B0%A9%EC%88%98"
"장충동 건물방수","건물방수","https://sinbiroo.co.kr/?k=%EC%9E%A5%EC%B6%A9%EB%8F%99-%EA%B1%B4%EB%AC%BC%EB%B0%A9%EC%88%98"
"장충동 외벽도색","외벽도색","https://sinbiroo.co.kr/?k=%EC%9E%A5%EC%B6%A9%EB%8F%99-%EC%99%B8%EB%B2%BD%EB%8F%84%EC%83%89"
"광희동 외벽방수","외벽방수","https://sinbiroo.co.kr/?k=%EA%B4%91%ED%9D%AC%EB%8F%99-%EC%99%B8%EB%B2%BD%EB%B0%A9%EC%88%98"
"광희동 옥상방수","옥상방수","https://sinbiroo.co.kr/?k=%EA%B4%91%ED%9D%AC%EB%8F%99-%EC%98%A5%EC%83%81%EB%B0%A9%EC%88%98"
"광희동 건물방수","건물방수","https://sinbiroo.co.kr/?k=%EA%B4%91%ED%9D%AC%EB%8F%99-%EA%B1%B4%EB%AC%BC%EB%B0%A9%EC%88%98"
"광희동 외벽도색","외벽도색","https://sinbiroo.co.kr/?k=%EA%B4%91%ED%9D%AC%EB%8F%99-%EC%99%B8%EB%B2%BD%EB%8F%84%EC%83%89"
"을지로동 외벽방수","외벽방수","https://sinbiroo.co.kr/?k=%EC%9D%84%EC%A7%80%EB%A1%9C%EB%8F%99-%EC%99%B8%EB%B2%BD%EB%B0%A9%EC%88%98"
"을지로동 옥상방수","옥상방수","https://sinbiroo.co.kr/?k=%EC%9D%84%EC%A7%80%EB%A1%9C%EB%8F%99-%EC%98%A5%EC%83%81%EB%B0%A9%EC%88%98"
"을지로동 건물방수","건물방수","https://sinbiroo.co.kr/?k=%EC%9D%84%EC%A7%80%EB%A1%9C%EB%8F%99-%EA%B1%B4%EB%AC%BC%EB%B0%A9%EC%88%98"
"을지로동 외벽도색","외벽도색","https://sinbiroo.co.kr/?k=%EC%9D%84%EC%A7%80%EB%A1%9C%EB%8F%99-%EC%99%B8%EB%B2%BD%EB%8F%84%EC%83%89"
"신당동 외벽방수","외벽방수","https://sinbiroo.co.kr/?k=%EC%8B%A0%EB%8B%B9%EB%8F%99-%EC%99%B8%EB%B2%BD%EB%B0%A9%EC%88%98"
"신당동 옥상방수","옥상방수","https://sinbiroo.co.kr/?k=%EC%8B%A0%EB%8B%B9%EB%8F%99-%EC%98%A5%EC%83%81%EB%B0%A9%EC%88%98"
"신당동 건물방수","건물방수","https://sinbiroo.co.kr/?k=%EC%8B%A0%EB%8B%B9%EB%8F%99-%EA%B1%B4%EB%AC%BC%EB%B0%A9%EC%88%98"
"신당동 외벽도색","외벽도색","https://sinbiroo.co.kr/?k=%EC%8B%A0%EB%8B%B9%EB%8F%99-%EC%99%B8%EB%B2%BD%EB%8F%84%EC%83%89"
"다산동 외벽방수","외벽방수","https://sinbiroo.co.kr/?k=%EB%8B%A4%EC%82%B0%EB%8F%99-%EC%99%B8%EB%B2%BD%EB%B0%A9%EC%88%98"
"다산동 옥상방수","옥상방수","https://sinbiroo.co.kr/?k=%EB%8B%A4%EC%82%B0%EB%8F%99-%EC%98%A5%EC%83%81%EB%B0%A9%EC%88%98"
"다산동 건물방수","건물방수","https://sinbiroo.co.kr/?k=%EB%8B%A4%EC%82%B0%EB%8F%99-%EA%B1%B4%EB%AC%BC%EB%B0%A9%EC%88%98"
"다산동 외벽도색","외벽도색","https://sinbiroo.co.kr/?k=%EB%8B%A4%EC%82%B0%EB%8F%99-%EC%99%B8%EB%B2%BD%EB%8F%84%EC%83%89"
"약수동 외벽방수","외벽방수","https://sinbiroo.co.kr/?k=%EC%95%BD%EC%88%98%EB%8F%99-%EC%99%B8%EB%B2%BD%EB%B0%A9%EC%88%98"
"약수동 옥상방수","옥상방수","https://sinbiroo.co.kr/?k=%EC%95%BD%EC%88%98%EB%8F%99-%EC%98%A5%EC%83%81%EB%B0%A9%EC%88%98"
"약수동 건물방수","건물방수","https://sinbiroo.co.kr/?k=%EC%95%BD%EC%88%98%EB%8F%99-%EA%B1%B4%EB%AC%BC%EB%B0%A9%EC%88%98"
"약수동 외벽도색","외벽도색","https://sinbiroo.co.kr/?k=%EC%95%BD%EC%88%98%EB%8F%99-%EC%99%B8%EB%B2%BD%EB%8F%84%EC%83%89"
"청구동 외벽방수","외벽방수","https://sinbiroo.co.kr/?k=%EC%B2%AD%EA%B5%AC%EB%8F%99-%EC%99%B8%EB%B2%BD%EB%B0%A9%EC%88%98"
"청구동 옥상방수","옥상방수","https://sinbiroo.co.kr/?k=%EC%B2%AD%EA%B5%AC%EB%8F%99-%EC%98%A5%EC%83%81%EB%B0%A9%EC%88%98"
"청구동 건물방수","건물방수","https://sinbiroo.co.kr/?k=%EC%B2%AD%EA%B5%AC%EB%8F%99-%EA%B1%B4%EB%AC%BC%EB%B0%A9%EC%88%98"
"청구동 외벽도색","외벽도색","https://sinbiroo.co.kr/?k=%EC%B2%AD%EA%B5%AC%EB%8F%99-%EC%99%B8%EB%B2%BD%EB%8F%84%EC%83%89"
"동화동 외벽방수","외벽방수","https://sinbiroo.co.kr/?k=%EB%8F%99%ED%99%94%EB%8F%99-%EC%99%B8%EB%B2%BD%EB%B0%A9%EC%88%98"
"동화동 옥상방수","옥상방수","https://sinbiroo.co.kr/?k=%EB%8F%99%ED%99%94%EB%8F%99-%EC%98%A5%EC%83%81%EB%B0%A9%EC%88%98"
"동화동 건물방수","건물방수","https://sinbiroo.co.kr/?k=%EB%8F%99%ED%99%94%EB%8F%99-%EA%B1%B4%EB%AC%BC%EB%B0%A9%EC%88%98"
"동화동 외벽도색","외벽도색","https://sinbiroo.co.kr/?k=%EB%8F%99%ED%99%94%EB%8F%99-%EC%99%B8%EB%B2%BD%EB%8F%84%EC%83%89"
"황학동 외벽방수","외벽방수","https://sinbiroo.co.kr/?k=%ED%99%A9%ED%95%99%EB%8F%99-%EC%99%B8%EB%B2%BD%EB%B0%A9%EC%88%98"
"황학동 옥상방수","옥상방수","https://sinbiroo.co.kr/?k=%ED%99%A9%ED%95%99%EB%8F%99-%EC%98%A5%EC%83%81%EB%B0%A9%EC%88%98"
"황학동 건물방수","건물방수","https://sinbiroo.co.kr/?k=%ED%99%A9%ED%95%99%EB%8F%99-%EA%B1%B4%EB%AC%BC%EB%B0%A9%EC%88%98"
"황학동 외벽도색","외벽도색","https://sinbiroo.co.kr/?k=%ED%99%A9%ED%95%99%EB%8F%99-%EC%99%B8%EB%B2%BD%EB%8F%84%EC%83%89"
"중림동 외벽방수","외벽방수","https://sinbiroo.co.kr/?k=%EC%A4%91%EB%A6%BC%EB%8F%99-%EC%99%B8%EB%B2%BD%EB%B0%A9%EC%88%98"
"중림동 옥상방수","옥상방수","https://sinbiroo.co.kr/?k=%EC%A4%91%EB%A6%BC%EB%8F%99-%EC%98%A5%EC%83%81%EB%B0%A9%EC%88%98"
"중림동 건물방수","건물방수","https://sinbiroo.co.kr/?k=%EC%A4%91%EB%A6%BC%EB%8F%99-%EA%B1%B4%EB%AC%BC%EB%B0%A9%EC%88%98"
"중림동 외벽도색","외벽도색","https://sinbiroo.co.kr/?k=%EC%A4%91%EB%A6%BC%EB%8F%99-%EC%99%B8%EB%B2%BD%EB%8F%84%EC%83%89"
"용산구 외벽방수","외벽방수","https://sinbiroo.co.kr/?k=%EC%9A%A9%EC%82%B0%EA%B5%AC-%EC%99%B8%EB%B2%BD%EB%B0%A9%EC%88%98"
"용산구 옥상방수","옥상방수","https://sinbiroo.co.kr/?k=%EC%9A%A9%EC%82%B0%EA%B5%AC-%EC%98%A5%EC%83%81%EB%B0%A9%EC%88%98"
"용산구 건물방수","건물방수","https://sinbiroo.co.kr/?k=%EC%9A%A9%EC%82%B0%EA%B5%AC-%EA%B1%B4%EB%AC%BC%EB%B0%A9%EC%88%98"
"용산구 외벽도색","외벽도색","https://sinbiroo.co.kr/?k=%EC%9A%A9%EC%82%B0%EA%B5%AC-%EC%99%B8%EB%B2%BD%EB%8F%84%EC%83%89"
"후암동 외벽방수","외벽방수","https://sinbiroo.co.kr/?k=%ED%9B%84%EC%95%94%EB%8F%99-%EC%99%B8%EB%B2%BD%EB%B0%A9%EC%88%98"
"후암동 옥상방수","옥상방수","https://sinbiroo.co.kr/?k=%ED%9B%84%EC%95%94%EB%8F%99-%EC%98%A5%EC%83%81%EB%B0%A9%EC%88%98"
"후암동 건물방수","건물방수","https://sinbiroo.co.kr/?k=%ED%9B%84%EC%95%94%EB%8F%99-%EA%B1%B4%EB%AC%BC%EB%B0%A9%EC%88%98"
"후암동 외벽도색","외벽도색","https://sinbiroo.co.kr/?k=%ED%9B%84%EC%95%94%EB%8F%99-%EC%99%B8%EB%B2%BD%EB%8F%84%EC%83%89"
"용산동 외벽방수","외벽방수","https://sinbiroo.co.kr/?k=%EC%9A%A9%EC%82%B0%EB%8F%99-%EC%99%B8%EB%B2%BD%EB%B0%A9%EC%88%98"
"용산동 옥상방수","옥상방수","https://sinbiroo.co.kr/?k=%EC%9A%A9%EC%82%B0%EB%8F%99-%EC%98%A5%EC%83%81%EB%B0%A9%EC%88%98"
"용산동 건물방수","건물방수","https://sinbiroo.co.kr/?k=%EC%9A%A9%EC%82%B0%EB%8F%99-%EA%B1%B4%EB%AC%BC%EB%B0%A9%EC%88%98"
"용산동 외벽도색","외벽도색","https://sinbiroo.co.kr/?k=%EC%9A%A9%EC%82%B0%EB%8F%99-%EC%99%B8%EB%B2%BD%EB%8F%84%EC%83%89"
"남영동 외벽방수","외벽방수","https://sinbiroo.co.kr/?k=%EB%82%A8%EC%98%81%EB%8F%99-%EC%99%B8%EB%B2%BD%EB%B0%A9%EC%88%98"
"남영동 옥상방수","옥상방수","https://sinbiroo.co.kr/?k=%EB%82%A8%EC%98%81%EB%8F%99-%EC%98%A5%EC%83%81%EB%B0%A9%EC%88%98"
"남영동 건물방수","건물방수","https://sinbiroo.co.kr/?k=%EB%82%A8%EC%98%81%EB%8F%99-%EA%B1%B4%EB%AC%BC%EB%B0%A9%EC%88%98"
"남영동 외벽도색","외벽도색","https://sinbiroo.co.kr/?k=%EB%82%A8%EC%98%81%EB%8F%99-%EC%99%B8%EB%B2%BD%EB%8F%84%EC%83%89"
"청파동 외벽방수","외벽방수","https://sinbiroo.co.kr/?k=%EC%B2%AD%ED%8C%8C%EB%8F%99-%EC%99%B8%EB%B2%BD%EB%B0%A9%EC%88%98"
"청파동 옥상방수","옥상방수","https://sinbiroo.co.kr/?k=%EC%B2%AD%ED%8C%8C%EB%8F%99-%EC%98%A5%EC%83%81%EB%B0%A9%EC%88%98"
"청파동 건물방수","건물방수","https://sinbiroo.co.kr/?k=%EC%B2%AD%ED%8C%8C%EB%8F%99-%EA%B1%B4%EB%AC%BC%EB%B0%A9%EC%88%98"
"청파동 외벽도색","외벽도색","https://sinbiroo.co.kr/?k=%EC%B2%AD%ED%8C%8C%EB%8F%99-%EC%99%B8%EB%B2%BD%EB%8F%84%EC%83%89"
"원효로동 외벽방수","외벽방수","https://sinbiroo.co.kr/?k=%EC%9B%90%ED%9A%A8%EB%A1%9C%EB%8F%99-%EC%99%B8%EB%B2%BD%EB%B0%A9%EC%88%98"
"원효로동 옥상방수","옥상방수","https://sinbiroo.co.kr/?k=%EC%9B%90%ED%9A%A8%EB%A1%9C%EB%8F%99-%EC%98%A5%EC%83%81%EB%B0%A9%EC%88%98"
"원효로동 건물방수","건물방수","https://sinbiroo.co.kr/?k=%EC%9B%90%ED%9A%A8%EB%A1%9C%EB%8F%99-%EA%B1%B4%EB%AC%BC%EB%B0%A9%EC%88%98"
"원효로동 외벽도색","외벽도색","https://sinbiroo.co.kr/?k=%EC%9B%90%ED%9A%A8%EB%A1%9C%EB%8F%99-%EC%99%B8%EB%B2%BD%EB%8F%84%EC%83%89"
"효창동 외벽방수","외벽방수","https://sinbiroo.co.kr/?k=%ED%9A%A8%EC%B0%BD%EB%8F%99-%EC%99%B8%EB%B2%BD%EB%B0%A9%EC%88%98"
"효창동 옥상방수","옥상방수","https://sinbiroo.co.kr/?k=%ED%9A%A8%EC%B0%BD%EB%8F%99-%EC%98%A5%EC%83%81%EB%B0%A9%EC%88%98"
"효창동 건물방수","건물방수","https://sinbiroo.co.kr/?k=%ED%9A%A8%EC%B0%BD%EB%8F%99-%EA%B1%B4%EB%AC%BC%EB%B0%A9%EC%88%98"
"효창동 외벽도색","외벽도색","https://sinbiroo.co.kr/?k=%ED%9A%A8%EC%B0%BD%EB%8F%99-%EC%99%B8%EB%B2%BD%EB%8F%84%EC%83%89"
"용문동 외벽방수","외벽방수","https://sinbiroo.co.kr/?k=%EC%9A%A9%EB%AC%B8%EB%8F%99-%EC%99%B8%EB%B2%BD%EB%B0%A9%EC%88%98"
"용문동 옥상방수","옥상방수","https://sinbiroo.co.kr/?k=%EC%9A%A9%EB%AC%B8%EB%8F%99-%EC%98%A5%EC%83%81%EB%B0%A9%EC%88%98"
"용문동 건물방수","건물방수","https://sinbiroo.co.kr/?k=%EC%9A%A9%EB%AC%B8%EB%8F%99-%EA%B1%B4%EB%AC%BC%EB%B0%A9%EC%88%98"
"용문동 외벽도색","외벽도색","https://sinbiroo.co.kr/?k=%EC%9A%A9%EB%AC%B8%EB%8F%99-%EC%99%B8%EB%B2%BD%EB%8F%84%EC%83%89"
"한강로동 외벽방수","외벽방수","https://sinbiroo.co.kr/?k=%ED%95%9C%EA%B0%95%EB%A1%9C%EB%8F%99-%EC%99%B8%EB%B2%BD%EB%B0%A9%EC%88%98"
"한강로동 옥상방수","옥상방수","https://sinbiroo.co.kr/?k=%ED%95%9C%EA%B0%95%EB%A1%9C%EB%8F%99-%EC%98%A5%EC%83%81%EB%B0%A9%EC%88%98"
"한강로동 건물방수","건물방수","https://sinbiroo.co.kr/?k=%ED%95%9C%EA%B0%95%EB%A1%9C%EB%8F%99-%EA%B1%B4%EB%AC%BC%EB%B0%A9%EC%88%98"
"한강로동 외벽도색","외벽도색","https://sinbiroo.co.kr/?k=%ED%95%9C%EA%B0%95%EB%A1%9C%EB%8F%99-%EC%99%B8%EB%B2%BD%EB%8F%84%EC%83%89"
"이촌동 외벽방수","외벽방수","https://sinbiroo.co.kr/?k=%EC%9D%B4%EC%B4%8C%EB%8F%99-%EC%99%B8%EB%B2%BD%EB%B0%A9%EC%88%98"
"이촌동 옥상방수","옥상방수","https://sinbiroo.co.kr/?k=%EC%9D%B4%EC%B4%8C%EB%8F%99-%EC%98%A5%EC%83%81%EB%B0%A9%EC%88%98"
"이촌동 건물방수","건물방수","https://sinbiroo.co.kr/?k=%EC%9D%B4%EC%B4%8C%EB%8F%99-%EA%B1%B4%EB%AC%BC%EB%B0%A9%EC%88%98"
"이촌동 외벽도색","외벽도색","https://sinbiroo.co.kr/?k=%EC%9D%B4%EC%B4%8C%EB%8F%99-%EC%99%B8%EB%B2%BD%EB%8F%84%EC%83%89"
"이태원동 외벽방수","외벽방수","https://sinbiroo.co.kr/?k=%EC%9D%B4%ED%83%9C%EC%9B%90%EB%8F%99-%EC%99%B8%EB%B2%BD%EB%B0%A9%EC%88%98"
"이태원동 옥상방수","옥상방수","https://sinbiroo.co.kr/?k=%EC%9D%B4%ED%83%9C%EC%9B%90%EB%8F%99-%EC%98%A5%EC%83%81%EB%B0%A9%EC%88%98"
"이태원동 건물방수","건물방수","https://sinbiroo.co.kr/?k=%EC%9D%B4%ED%83%9C%EC%9B%90%EB%8F%99-%EA%B1%B4%EB%AC%BC%EB%B0%A9%EC%88%98"
"이태원동 외벽도색","외벽도색","https://sinbiroo.co.kr/?k=%EC%9D%B4%ED%83%9C%EC%9B%90%EB%8F%99-%EC%99%B8%EB%B2%BD%EB%8F%84%EC%83%89"
"한남동 외벽방수","외벽방수","https://sinbiroo.co.kr/?k=%ED%95%9C%EB%82%A8%EB%8F%99-%EC%99%B8%EB%B2%BD%EB%B0%A9%EC%88%98"
"한남동 옥상방수","옥상방수","https://sinbiroo.co.kr/?k=%ED%95%9C%EB%82%A8%EB%8F%99-%EC%98%A5%EC%83%81%EB%B0%A9%EC%88%98"
"한남동 건물방수","건물방수","https://sinbiroo.co.kr/?k=%ED%95%9C%EB%82%A8%EB%8F%99-%EA%B1%B4%EB%AC%BC%EB%B0%A9%EC%88%98"
"한남동 외벽도색","외벽도색","https://sinbiroo.co.kr/?k=%ED%95%9C%EB%82%A8%EB%8F%99-%EC%99%B8%EB%B2%BD%EB%8F%84%EC%83%89"
"서빙고동 외벽방수","외벽방수","https://sinbiroo.co.kr/?k=%EC%84%9C%EB%B9%99%EA%B3%A0%EB%8F%99-%EC%99%B8%EB%B2%BD%EB%B0%A9%EC%88%98"
"서빙고동 옥상방수","옥상방수","https://sinbiroo.co.kr/?k=%EC%84%9C%EB%B9%99%EA%B3%A0%EB%8F%99-%EC%98%A5%EC%83%81%EB%B0%A9%EC%88%98"
"서빙고동 건물방수","건물방수","https://sinbiroo.co.kr/?k=%EC%84%9C%EB%B9%99%EA%B3%A0%EB%8F%99-%EA%B1%B4%EB%AC%BC%EB%B0%A9%EC%88%98"
"서빙고동 외벽도색","외벽도색","https://sinbiroo.co.kr/?k=%EC%84%9C%EB%B9%99%EA%B3%A0%EB%8F%99-%EC%99%B8%EB%B2%BD%EB%8F%84%EC%83%89"
"보광동 외벽방수","외벽방수","https://sinbiroo.co.kr/?k=%EB%B3%B4%EA%B4%91%EB%8F%99-%EC%99%B8%EB%B2%BD%EB%B0%A9%EC%88%98"
"보광동 옥상방수","옥상방수","https://sinbiroo.co.kr/?k=%EB%B3%B4%EA%B4%91%EB%8F%99-%EC%98%A5%EC%83%81%EB%B0%A9%EC%88%98"
"보광동 건물방수","건물방수","https://sinbiroo.co.kr/?k=%EB%B3%B4%EA%B4%91%EB%8F%99-%EA%B1%B4%EB%AC%BC%EB%B0%A9%EC%88%98"
"보광동 외벽도색","외벽도색","https://sinbiroo.co.kr/?k=%EB%B3%B4%EA%B4%91%EB%8F%99-%EC%99%B8%EB%B2%BD%EB%8F%84%EC%83%89"
"동작구 외벽방수","외벽방수","https://sinbiroo.co.kr/?k=%EB%8F%99%EC%9E%91%EA%B5%AC-%EC%99%B8%EB%B2%BD%EB%B0%A9%EC%88%98"
"동작구 옥상방수","옥상방수","https://sinbiroo.co.kr/?k=%EB%8F%99%EC%9E%91%EA%B5%AC-%EC%98%A5%EC%83%81%EB%B0%A9%EC%88%98"
"동작구 건물방수","건물방수","https://sinbiroo.co.kr/?k=%EB%8F%99%EC%9E%91%EA%B5%AC-%EA%B1%B4%EB%AC%BC%EB%B0%A9%EC%88%98"
"동작구 외벽도색","외벽도색","https://sinbiroo.co.kr/?k=%EB%8F%99%EC%9E%91%EA%B5%AC-%EC%99%B8%EB%B2%BD%EB%8F%84%EC%83%89"
"노량진동 외벽방수","외벽방수","https://sinbiroo.co.kr/?k=%EB%85%B8%EB%9F%89%EC%A7%84%EB%8F%99-%EC%99%B8%EB%B2%BD%EB%B0%A9%EC%88%98"
"노량진동 옥상방수","옥상방수","https://sinbiroo.co.kr/?k=%EB%85%B8%EB%9F%89%EC%A7%84%EB%8F%99-%EC%98%A5%EC%83%81%EB%B0%A9%EC%88%98"
"노량진동 건물방수","건물방수","https://sinbiroo.co.kr/?k=%EB%85%B8%EB%9F%89%EC%A7%84%EB%8F%99-%EA%B1%B4%EB%AC%BC%EB%B0%A9%EC%88%98"
"노량진동 외벽도색","외벽도색","https://sinbiroo.co.kr/?k=%EB%85%B8%EB%9F%89%EC%A7%84%EB%8F%99-%EC%99%B8%EB%B2%BD%EB%8F%84%EC%83%89"
"상도동 외벽방수","외벽방수","https://sinbiroo.co.kr/?k=%EC%83%81%EB%8F%84%EB%8F%99-%EC%99%B8%EB%B2%BD%EB%B0%A9%EC%88%98"
"상도동 옥상방수","옥상방수","https://sinbiroo.co.kr/?k=%EC%83%81%EB%8F%84%EB%8F%99-%EC%98%A5%EC%83%81%EB%B0%A9%EC%88%98"
"상도동 건물방수","건물방수","https://sinbiroo.co.kr/?k=%EC%83%81%EB%8F%84%EB%8F%99-%EA%B1%B4%EB%AC%BC%EB%B0%A9%EC%88%98"
"상도동 외벽도색","외벽도색","https://sinbiroo.co.kr/?k=%EC%83%81%EB%8F%84%EB%8F%99-%EC%99%B8%EB%B2%BD%EB%8F%84%EC%83%89"
"본동 외벽방수","외벽방수","https://sinbiroo.co.kr/?k=%EB%B3%B8%EB%8F%99-%EC%99%B8%EB%B2%BD%EB%B0%A9%EC%88%98"
"본동 옥상방수","옥상방수","https://sinbiroo.co.kr/?k=%EB%B3%B8%EB%8F%99-%EC%98%A5%EC%83%81%EB%B0%A9%EC%88%98"
"본동 건물방수","건물방수","https://sinbiroo.co.kr/?k=%EB%B3%B8%EB%8F%99-%EA%B1%B4%EB%AC%BC%EB%B0%A9%EC%88%98"
"본동 외벽도색","외벽도색","https://sinbiroo.co.kr/?k=%EB%B3%B8%EB%8F%99-%EC%99%B8%EB%B2%BD%EB%8F%84%EC%83%89"
"흑석동 외벽방수","외벽방수","https://sinbiroo.co.kr/?k=%ED%9D%91%EC%84%9D%EB%8F%99-%EC%99%B8%EB%B2%BD%EB%B0%A9%EC%88%98"
"흑석동 옥상방수","옥상방수","https://sinbiroo.co.kr/?k=%ED%9D%91%EC%84%9D%EB%8F%99-%EC%98%A5%EC%83%81%EB%B0%A9%EC%88%98"
"흑석동 건물방수","건물방수","https://sinbiroo.co.kr/?k=%ED%9D%91%EC%84%9D%EB%8F%99-%EA%B1%B4%EB%AC%BC%EB%B0%A9%EC%88%98"
"흑석동 외벽도색","외벽도색","https://sinbiroo.co.kr/?k=%ED%9D%91%EC%84%9D%EB%8F%99-%EC%99%B8%EB%B2%BD%EB%8F%84%EC%83%89"
"동작동 외벽방수","외벽방수","https://sinbiroo.co.kr/?k=%EB%8F%99%EC%9E%91%EB%8F%99-%EC%99%B8%EB%B2%BD%EB%B0%A9%EC%88%98"
"동작동 옥상방수","옥상방수","https://sinbiroo.co.kr/?k=%EB%8F%99%EC%9E%91%EB%8F%99-%EC%98%A5%EC%83%81%EB%B0%A9%EC%88%98"
"동작동 건물방수","건물방수","https://sinbiroo.co.kr/?k=%EB%8F%99%EC%9E%91%EB%8F%99-%EA%B1%B4%EB%AC%BC%EB%B0%A9%EC%88%98"
"동작동 외벽도색","외벽도색","https://sinbiroo.co.kr/?k=%EB%8F%99%EC%9E%91%EB%8F%99-%EC%99%B8%EB%B2%BD%EB%8F%84%EC%83%89"
"사당동 외벽방수","외벽방수","https://sinbiroo.co.kr/?k=%EC%82%AC%EB%8B%B9%EB%8F%99-%EC%99%B8%EB%B2%BD%EB%B0%A9%EC%88%98"
"사당동 옥상방수","옥상방수","https://sinbiroo.co.kr/?k=%EC%82%AC%EB%8B%B9%EB%8F%99-%EC%98%A5%EC%83%81%EB%B0%A9%EC%88%98"
"사당동 건물방수","건물방수","https://sinbiroo.co.kr/?k=%EC%82%AC%EB%8B%B9%EB%8F%99-%EA%B1%B4%EB%AC%BC%EB%B0%A9%EC%88%98"
"사당동 외벽도색","외벽도색","https://sinbiroo.co.kr/?k=%EC%82%AC%EB%8B%B9%EB%8F%99-%EC%99%B8%EB%B2%BD%EB%8F%84%EC%83%89"
"대방동 외벽방수","외벽방수","https://sinbiroo.co.kr/?k=%EB%8C%80%EB%B0%A9%EB%8F%99-%EC%99%B8%EB%B2%BD%EB%B0%A9%EC%88%98"
"대방동 옥상방수","옥상방수","https://sinbiroo.co.kr/?k=%EB%8C%80%EB%B0%A9%EB%8F%99-%EC%98%A5%EC%83%81%EB%B0%A9%EC%88%98"
"대방동 건물방수","건물방수","https://sinbiroo.co.kr/?k=%EB%8C%80%EB%B0%A9%EB%8F%99-%EA%B1%B4%EB%AC%BC%EB%B0%A9%EC%88%98"
"대방동 외벽도색","외벽도색","https://sinbiroo.co.kr/?k=%EB%8C%80%EB%B0%A9%EB%8F%99-%EC%99%B8%EB%B2%BD%EB%8F%84%EC%83%89"
"신대방동 외벽방수","외벽방수","https://sinbiroo.co.kr/?k=%EC%8B%A0%EB%8C%80%EB%B0%A9%EB%8F%99-%EC%99%B8%EB%B2%BD%EB%B0%A9%EC%88%98"
"신대방동 옥상방수","옥상방수","https://sinbiroo.co.kr/?k=%EC%8B%A0%EB%8C%80%EB%B0%A9%EB%8F%99-%EC%98%A5%EC%83%81%EB%B0%A9%EC%88%98"
"신대방동 건물방수","건물방수","https://sinbiroo.co.kr/?k=%EC%8B%A0%EB%8C%80%EB%B0%A9%EB%8F%99-%EA%B1%B4%EB%AC%BC%EB%B0%A9%EC%88%98"
"신대방동 외벽도색","외벽도색","https://sinbiroo.co.kr/?k=%EC%8B%A0%EB%8C%80%EB%B0%A9%EB%8F%99-%EC%99%B8%EB%B2%BD%EB%8F%84%EC%83%89"
"관악구 외벽방수","외벽방수","https://sinbiroo.co.kr/?k=%EA%B4%80%EC%95%85%EA%B5%AC-%EC%99%B8%EB%B2%BD%EB%B0%A9%EC%88%98"
"관악구 옥상방수","옥상방수","https://sinbiroo.co.kr/?k=%EA%B4%80%EC%95%85%EA%B5%AC-%EC%98%A5%EC%83%81%EB%B0%A9%EC%88%98"
"관악구 건물방수","건물방수","https://sinbiroo.co.kr/?k=%EA%B4%80%EC%95%85%EA%B5%AC-%EA%B1%B4%EB%AC%BC%EB%B0%A9%EC%88%98"
"관악구 외벽도색","외벽도색","https://sinbiroo.co.kr/?k=%EA%B4%80%EC%95%85%EA%B5%AC-%EC%99%B8%EB%B2%BD%EB%8F%84%EC%83%89"
"봉천동 외벽방수","외벽방수","https://sinbiroo.co.kr/?k=%EB%B4%89%EC%B2%9C%EB%8F%99-%EC%99%B8%EB%B2%BD%EB%B0%A9%EC%88%98"
"봉천동 옥상방수","옥상방수","https://sinbiroo.co.kr/?k=%EB%B4%89%EC%B2%9C%EB%8F%99-%EC%98%A5%EC%83%81%EB%B0%A9%EC%88%98"
"봉천동 건물방수","건물방수","https://sinbiroo.co.kr/?k=%EB%B4%89%EC%B2%9C%EB%8F%99-%EA%B1%B4%EB%AC%BC%EB%B0%A9%EC%88%98"
"봉천동 외벽도색","외벽도색","https://sinbiroo.co.kr/?k=%EB%B4%89%EC%B2%9C%EB%8F%99-%EC%99%B8%EB%B2%BD%EB%8F%84%EC%83%89"
"신림동 외벽방수","외벽방수","https://sinbiroo.co.kr/?k=%EC%8B%A0%EB%A6%BC%EB%8F%99-%EC%99%B8%EB%B2%BD%EB%B0%A9%EC%88%98"
"신림동 옥상방수","옥상방수","https://sinbiroo.co.kr/?k=%EC%8B%A0%EB%A6%BC%EB%8F%99-%EC%98%A5%EC%83%81%EB%B0%A9%EC%88%98"
"신림동 건물방수","건물방수","https://sinbiroo.co.kr/?k=%EC%8B%A0%EB%A6%BC%EB%8F%99-%EA%B1%B4%EB%AC%BC%EB%B0%A9%EC%88%98"
"신림동 외벽도색","외벽도색","https://sinbiroo.co.kr/?k=%EC%8B%A0%EB%A6%BC%EB%8F%99-%EC%99%B8%EB%B2%BD%EB%8F%84%EC%83%89"
"남현동 외벽방수","외벽방수","https://sinbiroo.co.kr/?k=%EB%82%A8%ED%98%84%EB%8F%99-%EC%99%B8%EB%B2%BD%EB%B0%A9%EC%88%98"
"남현동 옥상방수","옥상방수","https://sinbiroo.co.kr/?k=%EB%82%A8%ED%98%84%EB%8F%99-%EC%98%A5%EC%83%81%EB%B0%A9%EC%88%98"
"남현동 건물방수","건물방수","https://sinbiroo.co.kr/?k=%EB%82%A8%ED%98%84%EB%8F%99-%EA%B1%B4%EB%AC%BC%EB%B0%A9%EC%88%98"
"남현동 외벽도색","외벽도색","https://sinbiroo.co.kr/?k=%EB%82%A8%ED%98%84%EB%8F%99-%EC%99%B8%EB%B2%BD%EB%8F%84%EC%83%89"
"보라매동 외벽방수","외벽방수","https://sinbiroo.co.kr/?k=%EB%B3%B4%EB%9D%BC%EB%A7%A4%EB%8F%99-%EC%99%B8%EB%B2%BD%EB%B0%A9%EC%88%98"
"보라매동 옥상방수","옥상방수","https://sinbiroo.co.kr/?k=%EB%B3%B4%EB%9D%BC%EB%A7%A4%EB%8F%99-%EC%98%A5%EC%83%81%EB%B0%A9%EC%88%98"
"보라매동 건물방수","건물방수","https://sinbiroo.co.kr/?k=%EB%B3%B4%EB%9D%BC%EB%A7%A4%EB%8F%99-%EA%B1%B4%EB%AC%BC%EB%B0%A9%EC%88%98"
"보라매동 외벽도색","외벽도색","https://sinbiroo.co.kr/?k=%EB%B3%B4%EB%9D%BC%EB%A7%A4%EB%8F%99-%EC%99%B8%EB%B2%BD%EB%8F%84%EC%83%89"
"청림동 외벽방수","외벽방수","https://sinbiroo.co.kr/?k=%EC%B2%AD%EB%A6%BC%EB%8F%99-%EC%99%B8%EB%B2%BD%EB%B0%A9%EC%88%98"
"청림동 옥상방수","옥상방수","https://sinbiroo.co.kr/?k=%EC%B2%AD%EB%A6%BC%EB%8F%99-%EC%98%A5%EC%83%81%EB%B0%A9%EC%88%98"
"청림동 건물방수","건물방수","https://sinbiroo.co.kr/?k=%EC%B2%AD%EB%A6%BC%EB%8F%99-%EA%B1%B4%EB%AC%BC%EB%B0%A9%EC%88%98"
"청림동 외벽도색","외벽도색","https://sinbiroo.co.kr/?k=%EC%B2%AD%EB%A6%BC%EB%8F%99-%EC%99%B8%EB%B2%BD%EB%8F%84%EC%83%89"
"성현동 외벽방수","외벽방수","https://sinbiroo.co.kr/?k=%EC%84%B1%ED%98%84%EB%8F%99-%EC%99%B8%EB%B2%BD%EB%B0%A9%EC%88%98"
"성현동 옥상방수","옥상방수","https://sinbiroo.co.kr/?k=%EC%84%B1%ED%98%84%EB%8F%99-%EC%98%A5%EC%83%81%EB%B0%A9%EC%88%98"
"성현동 건물방수","건물방수","https://sinbiroo.co.kr/?k=%EC%84%B1%ED%98%84%EB%8F%99-%EA%B1%B4%EB%AC%BC%EB%B0%A9%EC%88%98"
"성현동 외벽도색","외벽도색","https://sinbiroo.co.kr/?k=%EC%84%B1%ED%98%84%EB%8F%99-%EC%99%B8%EB%B2%BD%EB%8F%84%EC%83%89"
"행운동 외벽방수","외벽방수","https://sinbiroo.co.kr/?k=%ED%96%89%EC%9A%B4%EB%8F%99-%EC%99%B8%EB%B2%BD%EB%B0%A9%EC%88%98"
"행운동 옥상방수","옥상방수","https://sinbiroo.co.kr/?k=%ED%96%89%EC%9A%B4%EB%8F%99-%EC%98%A5%EC%83%81%EB%B0%A9%EC%88%98"
"행운동 건물방수","건물방수","https://sinbiroo.co.kr/?k=%ED%96%89%EC%9A%B4%EB%8F%99-%EA%B1%B4%EB%AC%BC%EB%B0%A9%EC%88%98"
"행운동 외벽도색","외벽도색","https://sinbiroo.co.kr/?k=%ED%96%89%EC%9A%B4%EB%8F%99-%EC%99%B8%EB%B2%BD%EB%8F%84%EC%83%89"
"낙성대동 외벽방수","외벽방수","https://sinbiroo.co.kr/?k=%EB%82%99%EC%84%B1%EB%8C%80%EB%8F%99-%EC%99%B8%EB%B2%BD%EB%B0%A9%EC%88%98"
"낙성대동 옥상방수","옥상방수","https://sinbiroo.co.kr/?k=%EB%82%99%EC%84%B1%EB%8C%80%EB%8F%99-%EC%98%A5%EC%83%81%EB%B0%A9%EC%88%98"
"낙성대동 건물방수","건물방수","https://sinbiroo.co.kr/?k=%EB%82%99%EC%84%B1%EB%8C%80%EB%8F%99-%EA%B1%B4%EB%AC%BC%EB%B0%A9%EC%88%98"
"낙성대동 외벽도색","외벽도색","https://sinbiroo.co.kr/?k=%EB%82%99%EC%84%B1%EB%8C%80%EB%8F%99-%EC%99%B8%EB%B2%BD%EB%8F%84%EC%83%89"
"청룡동 외벽방수","외벽방수","https://sinbiroo.co.kr/?k=%EC%B2%AD%EB%A3%A1%EB%8F%99-%EC%99%B8%EB%B2%BD%EB%B0%A9%EC%88%98"
"청룡동 옥상방수","옥상방수","https://sinbiroo.co.kr/?k=%EC%B2%AD%EB%A3%A1%EB%8F%99-%EC%98%A5%EC%83%81%EB%B0%A9%EC%88%98"
"청룡동 건물방수","건물방수","https://sinbiroo.co.kr/?k=%EC%B2%AD%EB%A3%A1%EB%8F%99-%EA%B1%B4%EB%AC%BC%EB%B0%A9%EC%88%98"
"청룡동 외벽도색","외벽도색","https://sinbiroo.co.kr/?k=%EC%B2%AD%EB%A3%A1%EB%8F%99-%EC%99%B8%EB%B2%BD%EB%8F%84%EC%83%89"
"은천동 외벽방수","외벽방수","https://sinbiroo.co.kr/?k=%EC%9D%80%EC%B2%9C%EB%8F%99-%EC%99%B8%EB%B2%BD%EB%B0%A9%EC%88%98"
"은천동 옥상방수","옥상방수","https://sinbiroo.co.kr/?k=%EC%9D%80%EC%B2%9C%EB%8F%99-%EC%98%A5%EC%83%81%EB%B0%A9%EC%88%98"
"은천동 건물방수","건물방수","https://sinbiroo.co.kr/?k=%EC%9D%80%EC%B2%9C%EB%8F%99-%EA%B1%B4%EB%AC%BC%EB%B0%A9%EC%88%98"
"은천동 외벽도색","외벽도색","https://sinbiroo.co.kr/?k=%EC%9D%80%EC%B2%9C%EB%8F%99-%EC%99%B8%EB%B2%BD%EB%8F%84%EC%83%89"
"중앙동 외벽방수","외벽방수","https://sinbiroo.co.kr/?k=%EC%A4%91%EC%95%99%EB%8F%99-%EC%99%B8%EB%B2%BD%EB%B0%A9%EC%88%98"
"중앙동 옥상방수","옥상방수","https://sinbiroo.co.kr/?k=%EC%A4%91%EC%95%99%EB%8F%99-%EC%98%A5%EC%83%81%EB%B0%A9%EC%88%98"
"중앙동 건물방수","건물방수","https://sinbiroo.co.kr/?k=%EC%A4%91%EC%95%99%EB%8F%99-%EA%B1%B4%EB%AC%BC%EB%B0%A9%EC%88%98"
"중앙동 외벽도색","외벽도색","https://sinbiroo.co.kr/?k=%EC%A4%91%EC%95%99%EB%8F%99-%EC%99%B8%EB%B2%BD%EB%8F%84%EC%83%89"
"인헌동 외벽방수","외벽방수","https://sinbiroo.co.kr/?k=%EC%9D%B8%ED%97%8C%EB%8F%99-%EC%99%B8%EB%B2%BD%EB%B0%A9%EC%88%98"
"인헌동 옥상방수","옥상방수","https://sinbiroo.co.kr/?k=%EC%9D%B8%ED%97%8C%EB%8F%99-%EC%98%A5%EC%83%81%EB%B0%A9%EC%88%98"
"인헌동 건물방수","건물방수","https://sinbiroo.co.kr/?k=%EC%9D%B8%ED%97%8C%EB%8F%99-%EA%B1%B4%EB%AC%BC%EB%B0%A9%EC%88%98"
"인헌동 외벽도색","외벽도색","https://sinbiroo.co.kr/?k=%EC%9D%B8%ED%97%8C%EB%8F%99-%EC%99%B8%EB%B2%BD%EB%8F%84%EC%83%89"
"서원동 외벽방수","외벽방수","https://sinbiroo.co.kr/?k=%EC%84%9C%EC%9B%90%EB%8F%99-%EC%99%B8%EB%B2%BD%EB%B0%A9%EC%88%98"
"서원동 옥상방수","옥상방수","https://sinbiroo.co.kr/?k=%EC%84%9C%EC%9B%90%EB%8F%99-%EC%98%A5%EC%83%81%EB%B0%A9%EC%88%98"
"서원동 건물방수","건물방수","https://sinbiroo.co.kr/?k=%EC%84%9C%EC%9B%90%EB%8F%99-%EA%B1%B4%EB%AC%BC%EB%B0%A9%EC%88%98"
"서원동 외벽도색","외벽도색","https://sinbiroo.co.kr/?k=%EC%84%9C%EC%9B%90%EB%8F%99-%EC%99%B8%EB%B2%BD%EB%8F%84%EC%83%89"
"신원동 외벽방수","외벽방수","https://sinbiroo.co.kr/?k=%EC%8B%A0%EC%9B%90%EB%8F%99-%EC%99%B8%EB%B2%BD%EB%B0%A9%EC%88%98"
"신원동 옥상방수","옥상방수","https://sinbiroo.co.kr/?k=%EC%8B%A0%EC%9B%90%EB%8F%99-%EC%98%A5%EC%83%81%EB%B0%A9%EC%88%98"
"신원동 건물방수","건물방수","https://sinbiroo.co.kr/?k=%EC%8B%A0%EC%9B%90%EB%8F%99-%EA%B1%B4%EB%AC%BC%EB%B0%A9%EC%88%98"
"신원동 외벽도색","외벽도색","https://sinbiroo.co.kr/?k=%EC%8B%A0%EC%9B%90%EB%8F%99-%EC%99%B8%EB%B2%BD%EB%8F%84%EC%83%89"
"서림동 외벽방수","외벽방수","https://sinbiroo.co.kr/?k=%EC%84%9C%EB%A6%BC%EB%8F%99-%EC%99%B8%EB%B2%BD%EB%B0%A9%EC%88%98"
"서림동 옥상방수","옥상방수","https://sinbiroo.co.kr/?k=%EC%84%9C%EB%A6%BC%EB%8F%99-%EC%98%A5%EC%83%81%EB%B0%A9%EC%88%98"
"서림동 건물방수","건물방수","https://sinbiroo.co.kr/?k=%EC%84%9C%EB%A6%BC%EB%8F%99-%EA%B1%B4%EB%AC%BC%EB%B0%A9%EC%88%98"
"서림동 외벽도색","외벽도색","https://sinbiroo.co.kr/?k=%EC%84%9C%EB%A6%BC%EB%8F%99-%EC%99%B8%EB%B2%BD%EB%8F%84%EC%83%89"
"신사동 외벽방수","외벽방수","https://sinbiroo.co.kr/?k=%EC%8B%A0%EC%82%AC%EB%8F%99-%EC%99%B8%EB%B2%BD%EB%B0%A9%EC%88%98"
"신사동 옥상방수","옥상방수","https://sinbiroo.co.kr/?k=%EC%8B%A0%EC%82%AC%EB%8F%99-%EC%98%A5%EC%83%81%EB%B0%A9%EC%88%98"
"신사동 건물방수","건물방수","https://sinbiroo.co.kr/?k=%EC%8B%A0%EC%82%AC%EB%8F%99-%EA%B1%B4%EB%AC%BC%EB%B0%A9%EC%88%98"
"신사동 외벽도색","외벽도색","https://sinbiroo.co.kr/?k=%EC%8B%A0%EC%82%AC%EB%8F%99-%EC%99%B8%EB%B2%BD%EB%8F%84%EC%83%89"
"난향동 외벽방수","외벽방수","https://sinbiroo.co.kr/?k=%EB%82%9C%ED%96%A5%EB%8F%99-%EC%99%B8%EB%B2%BD%EB%B0%A9%EC%88%98"
"난향동 옥상방수","옥상방수","https://sinbiroo.co.kr/?k=%EB%82%9C%ED%96%A5%EB%8F%99-%EC%98%A5%EC%83%81%EB%B0%A9%EC%88%98"
"난향동 건물방수","건물방수","https://sinbiroo.co.kr/?k=%EB%82%9C%ED%96%A5%EB%8F%99-%EA%B1%B4%EB%AC%BC%EB%B0%A9%EC%88%98"
"난향동 외벽도색","외벽도색","https://sinbiroo.co.kr/?k=%EB%82%9C%ED%96%A5%EB%8F%99-%EC%99%B8%EB%B2%BD%EB%8F%84%EC%83%89"
"조원동 외벽방수","외벽방수","https://sinbiroo.co.kr/?k=%EC%A1%B0%EC%9B%90%EB%8F%99-%EC%99%B8%EB%B2%BD%EB%B0%A9%EC%88%98"
"조원동 옥상방수","옥상방수","https://sinbiroo.co.kr/?k=%EC%A1%B0%EC%9B%90%EB%8F%99-%EC%98%A5%EC%83%81%EB%B0%A9%EC%88%98"
"조원동 건물방수","건물방수","https://sinbiroo.co.kr/?k=%EC%A1%B0%EC%9B%90%EB%8F%99-%EA%B1%B4%EB%AC%BC%EB%B0%A9%EC%88%98"
"조원동 외벽도색","외벽도색","https://sinbiroo.co.kr/?k=%EC%A1%B0%EC%9B%90%EB%8F%99-%EC%99%B8%EB%B2%BD%EB%8F%84%EC%83%89"
"대학동 외벽방수","외벽방수","https://sinbiroo.co.kr/?k=%EB%8C%80%ED%95%99%EB%8F%99-%EC%99%B8%EB%B2%BD%EB%B0%A9%EC%88%98"
"대학동 옥상방수","옥상방수","https://sinbiroo.co.kr/?k=%EB%8C%80%ED%95%99%EB%8F%99-%EC%98%A5%EC%83%81%EB%B0%A9%EC%88%98"
"대학동 건물방수","건물방수","https://sinbiroo.co.kr/?k=%EB%8C%80%ED%95%99%EB%8F%99-%EA%B1%B4%EB%AC%BC%EB%B0%A9%EC%88%98"
"대학동 외벽도색","외벽도색","https://sinbiroo.co.kr/?k=%EB%8C%80%ED%95%99%EB%8F%99-%EC%99%B8%EB%B2%BD%EB%8F%84%EC%83%89"
"삼성동 외벽방수","외벽방수","https://sinbiroo.co.kr/?k=%EC%82%BC%EC%84%B1%EB%8F%99-%EC%99%B8%EB%B2%BD%EB%B0%A9%EC%88%98"
"삼성동 옥상방수","옥상방수","https://sinbiroo.co.kr/?k=%EC%82%BC%EC%84%B1%EB%8F%99-%EC%98%A5%EC%83%81%EB%B0%A9%EC%88%98"
"삼성동 건물방수","건물방수","https://sinbiroo.co.kr/?k=%EC%82%BC%EC%84%B1%EB%8F%99-%EA%B1%B4%EB%AC%BC%EB%B0%A9%EC%88%98"
"삼성동 외벽도색","외벽도색","https://sinbiroo.co.kr/?k=%EC%82%BC%EC%84%B1%EB%8F%99-%EC%99%B8%EB%B2%BD%EB%8F%84%EC%83%89"
"미성동 외벽방수","외벽방수","https://sinbiroo.co.kr/?k=%EB%AF%B8%EC%84%B1%EB%8F%99-%EC%99%B8%EB%B2%BD%EB%B0%A9%EC%88%98"
"미성동 옥상방수","옥상방수","https://sinbiroo.co.kr/?k=%EB%AF%B8%EC%84%B1%EB%8F%99-%EC%98%A5%EC%83%81%EB%B0%A9%EC%88%98"
"미성동 건물방수","건물방수","https://sinbiroo.co.kr/?k=%EB%AF%B8%EC%84%B1%EB%8F%99-%EA%B1%B4%EB%AC%BC%EB%B0%A9%EC%88%98"
"미성동 외벽도색","외벽도색","https://sinbiroo.co.kr/?k=%EB%AF%B8%EC%84%B1%EB%8F%99-%EC%99%B8%EB%B2%BD%EB%8F%84%EC%83%89"
"난곡동 외벽방수","외벽방수","https://sinbiroo.co.kr/?k=%EB%82%9C%EA%B3%A1%EB%8F%99-%EC%99%B8%EB%B2%BD%EB%B0%A9%EC%88%98"
"난곡동 옥상방수","옥상방수","https://sinbiroo.co.kr/?k=%EB%82%9C%EA%B3%A1%EB%8F%99-%EC%98%A5%EC%83%81%EB%B0%A9%EC%88%98"
"난곡동 건물방수","건물방수","https://sinbiroo.co.kr/?k=%EB%82%9C%EA%B3%A1%EB%8F%99-%EA%B1%B4%EB%AC%BC%EB%B0%A9%EC%88%98"
"난곡동 외벽도색","외벽도색","https://sinbiroo.co.kr/?k=%EB%82%9C%EA%B3%A1%EB%8F%99-%EC%99%B8%EB%B2%BD%EB%8F%84%EC%83%89"
"영등포구 외벽방수","외벽방수","https://sinbiroo.co.kr/?k=%EC%98%81%EB%93%B1%ED%8F%AC%EA%B5%AC-%EC%99%B8%EB%B2%BD%EB%B0%A9%EC%88%98"
"영등포구 옥상방수","옥상방수","https://sinbiroo.co.kr/?k=%EC%98%81%EB%93%B1%ED%8F%AC%EA%B5%AC-%EC%98%A5%EC%83%81%EB%B0%A9%EC%88%98"
"영등포구 건물방수","건물방수","https://sinbiroo.co.kr/?k=%EC%98%81%EB%93%B1%ED%8F%AC%EA%B5%AC-%EA%B1%B4%EB%AC%BC%EB%B0%A9%EC%88%98"
"영등포구 외벽도색","외벽도색","https://sinbiroo.co.kr/?k=%EC%98%81%EB%93%B1%ED%8F%AC%EA%B5%AC-%EC%99%B8%EB%B2%BD%EB%8F%84%EC%83%89"
"영등포동 외벽방수","외벽방수","https://sinbiroo.co.kr/?k=%EC%98%81%EB%93%B1%ED%8F%AC%EB%8F%99-%EC%99%B8%EB%B2%BD%EB%B0%A9%EC%88%98"
"영등포동 옥상방수","옥상방수","https://sinbiroo.co.kr/?k=%EC%98%81%EB%93%B1%ED%8F%AC%EB%8F%99-%EC%98%A5%EC%83%81%EB%B0%A9%EC%88%98"
"영등포동 건물방수","건물방수","https://sinbiroo.co.kr/?k=%EC%98%81%EB%93%B1%ED%8F%AC%EB%8F%99-%EA%B1%B4%EB%AC%BC%EB%B0%A9%EC%88%98"
"영등포동 외벽도색","외벽도색","https://sinbiroo.co.kr/?k=%EC%98%81%EB%93%B1%ED%8F%AC%EB%8F%99-%EC%99%B8%EB%B2%BD%EB%8F%84%EC%83%89"
"여의동 외벽방수","외벽방수","https://sinbiroo.co.kr/?k=%EC%97%AC%EC%9D%98%EB%8F%99-%EC%99%B8%EB%B2%BD%EB%B0%A9%EC%88%98"
"여의동 옥상방수","옥상방수","https://sinbiroo.co.kr/?k=%EC%97%AC%EC%9D%98%EB%8F%99-%EC%98%A5%EC%83%81%EB%B0%A9%EC%88%98"
"여의동 건물방수","건물방수","https://sinbiroo.co.kr/?k=%EC%97%AC%EC%9D%98%EB%8F%99-%EA%B1%B4%EB%AC%BC%EB%B0%A9%EC%88%98"
"여의동 외벽도색","외벽도색","https://sinbiroo.co.kr/?k=%EC%97%AC%EC%9D%98%EB%8F%99-%EC%99%B8%EB%B2%BD%EB%8F%84%EC%83%89"
"당산동 외벽방수","외벽방수","https://sinbiroo.co.kr/?k=%EB%8B%B9%EC%82%B0%EB%8F%99-%EC%99%B8%EB%B2%BD%EB%B0%A9%EC%88%98"
"당산동 옥상방수","옥상방수","https://sinbiroo.co.kr/?k=%EB%8B%B9%EC%82%B0%EB%8F%99-%EC%98%A5%EC%83%81%EB%B0%A9%EC%88%98"
"당산동 건물방수","건물방수","https://sinbiroo.co.kr/?k=%EB%8B%B9%EC%82%B0%EB%8F%99-%EA%B1%B4%EB%AC%BC%EB%B0%A9%EC%88%98"
"당산동 외벽도색","외벽도색","https://sinbiroo.co.kr/?k=%EB%8B%B9%EC%82%B0%EB%8F%99-%EC%99%B8%EB%B2%BD%EB%8F%84%EC%83%89"
"도림동 외벽방수","외벽방수","https://sinbiroo.co.kr/?k=%EB%8F%84%EB%A6%BC%EB%8F%99-%EC%99%B8%EB%B2%BD%EB%B0%A9%EC%88%98"
"도림동 옥상방수","옥상방수","https://sinbiroo.co.kr/?k=%EB%8F%84%EB%A6%BC%EB%8F%99-%EC%98%A5%EC%83%81%EB%B0%A9%EC%88%98"
"도림동 건물방수","건물방수","https://sinbiroo.co.kr/?k=%EB%8F%84%EB%A6%BC%EB%8F%99-%EA%B1%B4%EB%AC%BC%EB%B0%A9%EC%88%98"
"도림동 외벽도색","외벽도색","https://sinbiroo.co.kr/?k=%EB%8F%84%EB%A6%BC%EB%8F%99-%EC%99%B8%EB%B2%BD%EB%8F%84%EC%83%89"
"문래동 외벽방수","외벽방수","https://sinbiroo.co.kr/?k=%EB%AC%B8%EB%9E%98%EB%8F%99-%EC%99%B8%EB%B2%BD%EB%B0%A9%EC%88%98"
"문래동 옥상방수","옥상방수","https://sinbiroo.co.kr/?k=%EB%AC%B8%EB%9E%98%EB%8F%99-%EC%98%A5%EC%83%81%EB%B0%A9%EC%88%98"
"문래동 건물방수","건물방수","https://sinbiroo.co.kr/?k=%EB%AC%B8%EB%9E%98%EB%8F%99-%EA%B1%B4%EB%AC%BC%EB%B0%A9%EC%88%98"
"문래동 외벽도색","외벽도색","https://sinbiroo.co.kr/?k=%EB%AC%B8%EB%9E%98%EB%8F%99-%EC%99%B8%EB%B2%BD%EB%8F%84%EC%83%89"
"양평동 외벽방수","외벽방수","https://sinbiroo.co.kr/?k=%EC%96%91%ED%8F%89%EB%8F%99-%EC%99%B8%EB%B2%BD%EB%B0%A9%EC%88%98"
"양평동 옥상방수","옥상방수","https://sinbiroo.co.kr/?k=%EC%96%91%ED%8F%89%EB%8F%99-%EC%98%A5%EC%83%81%EB%B0%A9%EC%88%98"
"양평동 건물방수","건물방수","https://sinbiroo.co.kr/?k=%EC%96%91%ED%8F%89%EB%8F%99-%EA%B1%B4%EB%AC%BC%EB%B0%A9%EC%88%98"
"양평동 외벽도색","외벽도색","https://sinbiroo.co.kr/?k=%EC%96%91%ED%8F%89%EB%8F%99-%EC%99%B8%EB%B2%BD%EB%8F%84%EC%83%89"
"신길동 외벽방수","외벽방수","https://sinbiroo.co.kr/?k=%EC%8B%A0%EA%B8%B8%EB%8F%99-%EC%99%B8%EB%B2%BD%EB%B0%A9%EC%88%98"
"신길동 옥상방수","옥상방수","https://sinbiroo.co.kr/?k=%EC%8B%A0%EA%B8%B8%EB%8F%99-%EC%98%A5%EC%83%81%EB%B0%A9%EC%88%98"
"신길동 건물방수","건물방수","https://sinbiroo.co.kr/?k=%EC%8B%A0%EA%B8%B8%EB%8F%99-%EA%B1%B4%EB%AC%BC%EB%B0%A9%EC%88%98"
"신길동 외벽도색","외벽도색","https://sinbiroo.co.kr/?k=%EC%8B%A0%EA%B8%B8%EB%8F%99-%EC%99%B8%EB%B2%BD%EB%8F%84%EC%83%89"
"대림동 외벽방수","외벽방수","https://sinbiroo.co.kr/?k=%EB%8C%80%EB%A6%BC%EB%8F%99-%EC%99%B8%EB%B2%BD%EB%B0%A9%EC%88%98"
"대림동 옥상방수","옥상방수","https://sinbiroo.co.kr/?k=%EB%8C%80%EB%A6%BC%EB%8F%99-%EC%98%A5%EC%83%81%EB%B0%A9%EC%88%98"
"대림동 건물방수","건물방수","https://sinbiroo.co.kr/?k=%EB%8C%80%EB%A6%BC%EB%8F%99-%EA%B1%B4%EB%AC%BC%EB%B0%A9%EC%88%98"
"대림동 외벽도색","외벽도색","https://sinbiroo.co.kr/?k=%EB%8C%80%EB%A6%BC%EB%8F%99-%EC%99%B8%EB%B2%BD%EB%8F%84%EC%83%89"
"금천구 외벽방수","외벽방수","https://sinbiroo.co.kr/?k=%EA%B8%88%EC%B2%9C%EA%B5%AC-%EC%99%B8%EB%B2%BD%EB%B0%A9%EC%88%98"
"금천구 옥상방수","옥상방수","https://sinbiroo.co.kr/?k=%EA%B8%88%EC%B2%9C%EA%B5%AC-%EC%98%A5%EC%83%81%EB%B0%A9%EC%88%98"
"금천구 건물방수","건물방수","https://sinbiroo.co.kr/?k=%EA%B8%88%EC%B2%9C%EA%B5%AC-%EA%B1%B4%EB%AC%BC%EB%B0%A9%EC%88%98"
"금천구 외벽도색","외벽도색","https://sinbiroo.co.kr/?k=%EA%B8%88%EC%B2%9C%EA%B5%AC-%EC%99%B8%EB%B2%BD%EB%8F%84%EC%83%89"
"가산동 외벽방수","외벽방수","https://sinbiroo.co.kr/?k=%EA%B0%80%EC%82%B0%EB%8F%99-%EC%99%B8%EB%B2%BD%EB%B0%A9%EC%88%98"
"가산동 옥상방수","옥상방수","https://sinbiroo.co.kr/?k=%EA%B0%80%EC%82%B0%EB%8F%99-%EC%98%A5%EC%83%81%EB%B0%A9%EC%88%98"
"가산동 건물방수","건물방수","https://sinbiroo.co.kr/?k=%EA%B0%80%EC%82%B0%EB%8F%99-%EA%B1%B4%EB%AC%BC%EB%B0%A9%EC%88%98"
"가산동 외벽도색","외벽도색","https://sinbiroo.co.kr/?k=%EA%B0%80%EC%82%B0%EB%8F%99-%EC%99%B8%EB%B2%BD%EB%8F%84%EC%83%89"
"독산동 외벽방수","외벽방수","https://sinbiroo.co.kr/?k=%EB%8F%85%EC%82%B0%EB%8F%99-%EC%99%B8%EB%B2%BD%EB%B0%A9%EC%88%98"
"독산동 옥상방수","옥상방수","https://sinbiroo.co.kr/?k=%EB%8F%85%EC%82%B0%EB%8F%99-%EC%98%A5%EC%83%81%EB%B0%A9%EC%88%98"
"독산동 건물방수","건물방수","https://sinbiroo.co.kr/?k=%EB%8F%85%EC%82%B0%EB%8F%99-%EA%B1%B4%EB%AC%BC%EB%B0%A9%EC%88%98"
"독산동 외벽도색","외벽도색","https://sinbiroo.co.kr/?k=%EB%8F%85%EC%82%B0%EB%8F%99-%EC%99%B8%EB%B2%BD%EB%8F%84%EC%83%89"
"시흥동 외벽방수","외벽방수","https://sinbiroo.co.kr/?k=%EC%8B%9C%ED%9D%A5%EB%8F%99-%EC%99%B8%EB%B2%BD%EB%B0%A9%EC%88%98"
"시흥동 옥상방수","옥상방수","https://sinbiroo.co.kr/?k=%EC%8B%9C%ED%9D%A5%EB%8F%99-%EC%98%A5%EC%83%81%EB%B0%A9%EC%88%98"
"시흥동 건물방수","건물방수","https://sinbiroo.co.kr/?k=%EC%8B%9C%ED%9D%A5%EB%8F%99-%EA%B1%B4%EB%AC%BC%EB%B0%A9%EC%88%98"
"시흥동 외벽도색","외벽도색","https://sinbiroo.co.kr/?k=%EC%8B%9C%ED%9D%A5%EB%8F%99-%EC%99%B8%EB%B2%BD%EB%8F%84%EC%83%89"
"구로구 외벽방수","외벽방수","https://sinbiroo.co.kr/?k=%EA%B5%AC%EB%A1%9C%EA%B5%AC-%EC%99%B8%EB%B2%BD%EB%B0%A9%EC%88%98"
"구로구 옥상방수","옥상방수","https://sinbiroo.co.kr/?k=%EA%B5%AC%EB%A1%9C%EA%B5%AC-%EC%98%A5%EC%83%81%EB%B0%A9%EC%88%98"
"구로구 건물방수","건물방수","https://sinbiroo.co.kr/?k=%EA%B5%AC%EB%A1%9C%EA%B5%AC-%EA%B1%B4%EB%AC%BC%EB%B0%A9%EC%88%98"
"구로구 외벽도색","외벽도색","https://sinbiroo.co.kr/?k=%EA%B5%AC%EB%A1%9C%EA%B5%AC-%EC%99%B8%EB%B2%BD%EB%8F%84%EC%83%89"
"구로동 외벽방수","외벽방수","https://sinbiroo.co.kr/?k=%EA%B5%AC%EB%A1%9C%EB%8F%99-%EC%99%B8%EB%B2%BD%EB%B0%A9%EC%88%98"
"구로동 옥상방수","옥상방수","https://sinbiroo.co.kr/?k=%EA%B5%AC%EB%A1%9C%EB%8F%99-%EC%98%A5%EC%83%81%EB%B0%A9%EC%88%98"
"구로동 건물방수","건물방수","https://sinbiroo.co.kr/?k=%EA%B5%AC%EB%A1%9C%EB%8F%99-%EA%B1%B4%EB%AC%BC%EB%B0%A9%EC%88%98"
"구로동 외벽도색","외벽도색","https://sinbiroo.co.kr/?k=%EA%B5%AC%EB%A1%9C%EB%8F%99-%EC%99%B8%EB%B2%BD%EB%8F%84%EC%83%89"
"신도림동 외벽방수","외벽방수","https://sinbiroo.co.kr/?k=%EC%8B%A0%EB%8F%84%EB%A6%BC%EB%8F%99-%EC%99%B8%EB%B2%BD%EB%B0%A9%EC%88%98"
"신도림동 옥상방수","옥상방수","https://sinbiroo.co.kr/?k=%EC%8B%A0%EB%8F%84%EB%A6%BC%EB%8F%99-%EC%98%A5%EC%83%81%EB%B0%A9%EC%88%98"
"신도림동 건물방수","건물방수","https://sinbiroo.co.kr/?k=%EC%8B%A0%EB%8F%84%EB%A6%BC%EB%8F%99-%EA%B1%B4%EB%AC%BC%EB%B0%A9%EC%88%98"
"신도림동 외벽도색","외벽도색","https://sinbiroo.co.kr/?k=%EC%8B%A0%EB%8F%84%EB%A6%BC%EB%8F%99-%EC%99%B8%EB%B2%BD%EB%8F%84%EC%83%89"
"가리봉동 외벽방수","외벽방수","https://sinbiroo.co.kr/?k=%EA%B0%80%EB%A6%AC%EB%B4%89%EB%8F%99-%EC%99%B8%EB%B2%BD%EB%B0%A9%EC%88%98"
"가리봉동 옥상방수","옥상방수","https://sinbiroo.co.kr/?k=%EA%B0%80%EB%A6%AC%EB%B4%89%EB%8F%99-%EC%98%A5%EC%83%81%EB%B0%A9%EC%88%98"
"가리봉동 건물방수","건물방수","https://sinbiroo.co.kr/?k=%EA%B0%80%EB%A6%AC%EB%B4%89%EB%8F%99-%EA%B1%B4%EB%AC%BC%EB%B0%A9%EC%88%98"
"가리봉동 외벽도색","외벽도색","https://sinbiroo.co.kr/?k=%EA%B0%80%EB%A6%AC%EB%B4%89%EB%8F%99-%EC%99%B8%EB%B2%BD%EB%8F%84%EC%83%89"
"고척동 외벽방수","외벽방수","https://sinbiroo.co.kr/?k=%EA%B3%A0%EC%B2%99%EB%8F%99-%EC%99%B8%EB%B2%BD%EB%B0%A9%EC%88%98"
"고척동 옥상방수","옥상방수","https://sinbiroo.co.kr/?k=%EA%B3%A0%EC%B2%99%EB%8F%99-%EC%98%A5%EC%83%81%EB%B0%A9%EC%88%98"
"고척동 건물방수","건물방수","https://sinbiroo.co.kr/?k=%EA%B3%A0%EC%B2%99%EB%8F%99-%EA%B1%B4%EB%AC%BC%EB%B0%A9%EC%88%98"
"고척동 외벽도색","외벽도색","https://sinbiroo.co.kr/?k=%EA%B3%A0%EC%B2%99%EB%8F%99-%EC%99%B8%EB%B2%BD%EB%8F%84%EC%83%89"
"개봉동 외벽방수","외벽방수","https://sinbiroo.co.kr/?k=%EA%B0%9C%EB%B4%89%EB%8F%99-%EC%99%B8%EB%B2%BD%EB%B0%A9%EC%88%98"
"개봉동 옥상방수","옥상방수","https://sinbiroo.co.kr/?k=%EA%B0%9C%EB%B4%89%EB%8F%99-%EC%98%A5%EC%83%81%EB%B0%A9%EC%88%98"
"개봉동 건물방수","건물방수","https://sinbiroo.co.kr/?k=%EA%B0%9C%EB%B4%89%EB%8F%99-%EA%B1%B4%EB%AC%BC%EB%B0%A9%EC%88%98"
"개봉동 외벽도색","외벽도색","https://sinbiroo.co.kr/?k=%EA%B0%9C%EB%B4%89%EB%8F%99-%EC%99%B8%EB%B2%BD%EB%8F%84%EC%83%89"
"오류동 외벽방수","외벽방수","https://sinbiroo.co.kr/?k=%EC%98%A4%EB%A5%98%EB%8F%99-%EC%99%B8%EB%B2%BD%EB%B0%A9%EC%88%98"
"오류동 옥상방수","옥상방수","https://sinbiroo.co.kr/?k=%EC%98%A4%EB%A5%98%EB%8F%99-%EC%98%A5%EC%83%81%EB%B0%A9%EC%88%98"
"오류동 건물방수","건물방수","https://sinbiroo.co.kr/?k=%EC%98%A4%EB%A5%98%EB%8F%99-%EA%B1%B4%EB%AC%BC%EB%B0%A9%EC%88%98"
"오류동 외벽도색","외벽도색","https://sinbiroo.co.kr/?k=%EC%98%A4%EB%A5%98%EB%8F%99-%EC%99%B8%EB%B2%BD%EB%8F%84%EC%83%89"
"수궁동 외벽방수","외벽방수","https://sinbiroo.co.kr/?k=%EC%88%98%EA%B6%81%EB%8F%99-%EC%99%B8%EB%B2%BD%EB%B0%A9%EC%88%98"
"수궁동 옥상방수","옥상방수","https://sinbiroo.co.kr/?k=%EC%88%98%EA%B6%81%EB%8F%99-%EC%98%A5%EC%83%81%EB%B0%A9%EC%88%98"
"수궁동 건물방수","건물방수","https://sinbiroo.co.kr/?k=%EC%88%98%EA%B6%81%EB%8F%99-%EA%B1%B4%EB%AC%BC%EB%B0%A9%EC%88%98"
"수궁동 외벽도색","외벽도색","https://sinbiroo.co.kr/?k=%EC%88%98%EA%B6%81%EB%8F%99-%EC%99%B8%EB%B2%BD%EB%8F%84%EC%83%89"
"항동 외벽방수","외벽방수","https://sinbiroo.co.kr/?k=%ED%95%AD%EB%8F%99-%EC%99%B8%EB%B2%BD%EB%B0%A9%EC%88%98"
"항동 옥상방수","옥상방수","https://sinbiroo.co.kr/?k=%ED%95%AD%EB%8F%99-%EC%98%A5%EC%83%81%EB%B0%A9%EC%88%98"
"항동 건물방수","건물방수","https://sinbiroo.co.kr/?k=%ED%95%AD%EB%8F%99-%EA%B1%B4%EB%AC%BC%EB%B0%A9%EC%88%98"
"항동 외벽도색","외벽도색","https://sinbiroo.co.kr/?k=%ED%95%AD%EB%8F%99-%EC%99%B8%EB%B2%BD%EB%8F%84%EC%83%89"
"서초구 외벽방수","외벽방수","https://sinbiroo.co.kr/?k=%EC%84%9C%EC%B4%88%EA%B5%AC-%EC%99%B8%EB%B2%BD%EB%B0%A9%EC%88%98"
"서초구 옥상방수","옥상방수","https://sinbiroo.co.kr/?k=%EC%84%9C%EC%B4%88%EA%B5%AC-%EC%98%A5%EC%83%81%EB%B0%A9%EC%88%98"
"서초구 건물방수","건물방수","https://sinbiroo.co.kr/?k=%EC%84%9C%EC%B4%88%EA%B5%AC-%EA%B1%B4%EB%AC%BC%EB%B0%A9%EC%88%98"
"서초구 외벽도색","외벽도색","https://sinbiroo.co.kr/?k=%EC%84%9C%EC%B4%88%EA%B5%AC-%EC%99%B8%EB%B2%BD%EB%8F%84%EC%83%89"
"서초동 외벽방수","외벽방수","https://sinbiroo.co.kr/?k=%EC%84%9C%EC%B4%88%EB%8F%99-%EC%99%B8%EB%B2%BD%EB%B0%A9%EC%88%98"
"서초동 옥상방수","옥상방수","https://sinbiroo.co.kr/?k=%EC%84%9C%EC%B4%88%EB%8F%99-%EC%98%A5%EC%83%81%EB%B0%A9%EC%88%98"
"서초동 건물방수","건물방수","https://sinbiroo.co.kr/?k=%EC%84%9C%EC%B4%88%EB%8F%99-%EA%B1%B4%EB%AC%BC%EB%B0%A9%EC%88%98"
"서초동 외벽도색","외벽도색","https://sinbiroo.co.kr/?k=%EC%84%9C%EC%B4%88%EB%8F%99-%EC%99%B8%EB%B2%BD%EB%8F%84%EC%83%89"
"잠원동 외벽방수","외벽방수","https://sinbiroo.co.kr/?k=%EC%9E%A0%EC%9B%90%EB%8F%99-%EC%99%B8%EB%B2%BD%EB%B0%A9%EC%88%98"
"잠원동 옥상방수","옥상방수","https://sinbiroo.co.kr/?k=%EC%9E%A0%EC%9B%90%EB%8F%99-%EC%98%A5%EC%83%81%EB%B0%A9%EC%88%98"
"잠원동 건물방수","건물방수","https://sinbiroo.co.kr/?k=%EC%9E%A0%EC%9B%90%EB%8F%99-%EA%B1%B4%EB%AC%BC%EB%B0%A9%EC%88%98"
"잠원동 외벽도색","외벽도색","https://sinbiroo.co.kr/?k=%EC%9E%A0%EC%9B%90%EB%8F%99-%EC%99%B8%EB%B2%BD%EB%8F%84%EC%83%89"
"반포동 외벽방수","외벽방수","https://sinbiroo.co.kr/?k=%EB%B0%98%ED%8F%AC%EB%8F%99-%EC%99%B8%EB%B2%BD%EB%B0%A9%EC%88%98"
"반포동 옥상방수","옥상방수","https://sinbiroo.co.kr/?k=%EB%B0%98%ED%8F%AC%EB%8F%99-%EC%98%A5%EC%83%81%EB%B0%A9%EC%88%98"
"반포동 건물방수","건물방수","https://sinbiroo.co.kr/?k=%EB%B0%98%ED%8F%AC%EB%8F%99-%EA%B1%B4%EB%AC%BC%EB%B0%A9%EC%88%98"
"반포동 외벽도색","외벽도색","https://sinbiroo.co.kr/?k=%EB%B0%98%ED%8F%AC%EB%8F%99-%EC%99%B8%EB%B2%BD%EB%8F%84%EC%83%89"
"방배동 외벽방수","외벽방수","https://sinbiroo.co.kr/?k=%EB%B0%A9%EB%B0%B0%EB%8F%99-%EC%99%B8%EB%B2%BD%EB%B0%A9%EC%88%98"
"방배동 옥상방수","옥상방수","https://sinbiroo.co.kr/?k=%EB%B0%A9%EB%B0%B0%EB%8F%99-%EC%98%A5%EC%83%81%EB%B0%A9%EC%88%98"
"방배동 건물방수","건물방수","https://sinbiroo.co.kr/?k=%EB%B0%A9%EB%B0%B0%EB%8F%99-%EA%B1%B4%EB%AC%BC%EB%B0%A9%EC%88%98"
"방배동 외벽도색","외벽도색","https://sinbiroo.co.kr/?k=%EB%B0%A9%EB%B0%B0%EB%8F%99-%EC%99%B8%EB%B2%BD%EB%8F%84%EC%83%89"
"양재동 외벽방수","외벽방수","https://sinbiroo.co.kr/?k=%EC%96%91%EC%9E%AC%EB%8F%99-%EC%99%B8%EB%B2%BD%EB%B0%A9%EC%88%98"
"양재동 옥상방수","옥상방수","https://sinbiroo.co.kr/?k=%EC%96%91%EC%9E%AC%EB%8F%99-%EC%98%A5%EC%83%81%EB%B0%A9%EC%88%98"
"양재동 건물방수","건물방수","https://sinbiroo.co.kr/?k=%EC%96%91%EC%9E%AC%EB%8F%99-%EA%B1%B4%EB%AC%BC%EB%B0%A9%EC%88%98"
"양재동 외벽도색","외벽도색","https://sinbiroo.co.kr/?k=%EC%96%91%EC%9E%AC%EB%8F%99-%EC%99%B8%EB%B2%BD%EB%8F%84%EC%83%89"
"내곡동 외벽방수","외벽방수","https://sinbiroo.co.kr/?k=%EB%82%B4%EA%B3%A1%EB%8F%99-%EC%99%B8%EB%B2%BD%EB%B0%A9%EC%88%98"
"내곡동 옥상방수","옥상방수","https://sinbiroo.co.kr/?k=%EB%82%B4%EA%B3%A1%EB%8F%99-%EC%98%A5%EC%83%81%EB%B0%A9%EC%88%98"
"내곡동 건물방수","건물방수","https://sinbiroo.co.kr/?k=%EB%82%B4%EA%B3%A1%EB%8F%99-%EA%B1%B4%EB%AC%BC%EB%B0%A9%EC%88%98"
"내곡동 외벽도색","외벽도색","https://sinbiroo.co.kr/?k=%EB%82%B4%EA%B3%A1%EB%8F%99-%EC%99%B8%EB%B2%BD%EB%8F%84%EC%83%89"
"강남구 외벽방수","외벽방수","https://sinbiroo.co.kr/?k=%EA%B0%95%EB%82%A8%EA%B5%AC-%EC%99%B8%EB%B2%BD%EB%B0%A9%EC%88%98"
"강남구 옥상방수","옥상방수","https://sinbiroo.co.kr/?k=%EA%B0%95%EB%82%A8%EA%B5%AC-%EC%98%A5%EC%83%81%EB%B0%A9%EC%88%98"
"강남구 건물방수","건물방수","https://sinbiroo.co.kr/?k=%EA%B0%95%EB%82%A8%EA%B5%AC-%EA%B1%B4%EB%AC%BC%EB%B0%A9%EC%88%98"
"강남구 외벽도색","외벽도색","https://sinbiroo.co.kr/?k=%EA%B0%95%EB%82%A8%EA%B5%AC-%EC%99%B8%EB%B2%BD%EB%8F%84%EC%83%89"
"신사동 외벽방수","외벽방수","https://sinbiroo.co.kr/?k=%EC%8B%A0%EC%82%AC%EB%8F%99-%EC%99%B8%EB%B2%BD%EB%B0%A9%EC%88%98"
"신사동 옥상방수","옥상방수","https://sinbiroo.co.kr/?k=%EC%8B%A0%EC%82%AC%EB%8F%99-%EC%98%A5%EC%83%81%EB%B0%A9%EC%88%98"
"신사동 건물방수","건물방수","https://sinbiroo.co.kr/?k=%EC%8B%A0%EC%82%AC%EB%8F%99-%EA%B1%B4%EB%AC%BC%EB%B0%A9%EC%88%98"
"신사동 외벽도색","외벽도색","https://sinbiroo.co.kr/?k=%EC%8B%A0%EC%82%AC%EB%8F%99-%EC%99%B8%EB%B2%BD%EB%8F%84%EC%83%89"
"논현동 외벽방수","외벽방수","https://sinbiroo.co.kr/?k=%EB%85%BC%ED%98%84%EB%8F%99-%EC%99%B8%EB%B2%BD%EB%B0%A9%EC%88%98"
"논현동 옥상방수","옥상방수","https://sinbiroo.co.kr/?k=%EB%85%BC%ED%98%84%EB%8F%99-%EC%98%A5%EC%83%81%EB%B0%A9%EC%88%98"
"논현동 건물방수","건물방수","https://sinbiroo.co.kr/?k=%EB%85%BC%ED%98%84%EB%8F%99-%EA%B1%B4%EB%AC%BC%EB%B0%A9%EC%88%98"
"논현동 외벽도색","외벽도색","https://sinbiroo.co.kr/?k=%EB%85%BC%ED%98%84%EB%8F%99-%EC%99%B8%EB%B2%BD%EB%8F%84%EC%83%89"
"압구정동 외벽방수","외벽방수","https://sinbiroo.co.kr/?k=%EC%95%95%EA%B5%AC%EC%A0%95%EB%8F%99-%EC%99%B8%EB%B2%BD%EB%B0%A9%EC%88%98"
"압구정동 옥상방수","옥상방수","https://sinbiroo.co.kr/?k=%EC%95%95%EA%B5%AC%EC%A0%95%EB%8F%99-%EC%98%A5%EC%83%81%EB%B0%A9%EC%88%98"
"압구정동 건물방수","건물방수","https://sinbiroo.co.kr/?k=%EC%95%95%EA%B5%AC%EC%A0%95%EB%8F%99-%EA%B1%B4%EB%AC%BC%EB%B0%A9%EC%88%98"
"압구정동 외벽도색","외벽도색","https://sinbiroo.co.kr/?k=%EC%95%95%EA%B5%AC%EC%A0%95%EB%8F%99-%EC%99%B8%EB%B2%BD%EB%8F%84%EC%83%89"
"청담동 외벽방수","외벽방수","https://sinbiroo.co.kr/?k=%EC%B2%AD%EB%8B%B4%EB%8F%99-%EC%99%B8%EB%B2%BD%EB%B0%A9%EC%88%98"
"청담동 옥상방수","옥상방수","https://sinbiroo.co.kr/?k=%EC%B2%AD%EB%8B%B4%EB%8F%99-%EC%98%A5%EC%83%81%EB%B0%A9%EC%88%98"
"청담동 건물방수","건물방수","https://sinbiroo.co.kr/?k=%EC%B2%AD%EB%8B%B4%EB%8F%99-%EA%B1%B4%EB%AC%BC%EB%B0%A9%EC%88%98"
"청담동 외벽도색","외벽도색","https://sinbiroo.co.kr/?k=%EC%B2%AD%EB%8B%B4%EB%8F%99-%EC%99%B8%EB%B2%BD%EB%8F%84%EC%83%89"
"삼성동 외벽방수","외벽방수","https://sinbiroo.co.kr/?k=%EC%82%BC%EC%84%B1%EB%8F%99-%EC%99%B8%EB%B2%BD%EB%B0%A9%EC%88%98"
"삼성동 옥상방수","옥상방수","https://sinbiroo.co.kr/?k=%EC%82%BC%EC%84%B1%EB%8F%99-%EC%98%A5%EC%83%81%EB%B0%A9%EC%88%98"
"삼성동 건물방수","건물방수","https://sinbiroo.co.kr/?k=%EC%82%BC%EC%84%B1%EB%8F%99-%EA%B1%B4%EB%AC%BC%EB%B0%A9%EC%88%98"
"삼성동 외벽도색","외벽도색","https://sinbiroo.co.kr/?k=%EC%82%BC%EC%84%B1%EB%8F%99-%EC%99%B8%EB%B2%BD%EB%8F%84%EC%83%89"
"대치동 외벽방수","외벽방수","https://sinbiroo.co.kr/?k=%EB%8C%80%EC%B9%98%EB%8F%99-%EC%99%B8%EB%B2%BD%EB%B0%A9%EC%88%98"
"대치동 옥상방수","옥상방수","https://sinbiroo.co.kr/?k=%EB%8C%80%EC%B9%98%EB%8F%99-%EC%98%A5%EC%83%81%EB%B0%A9%EC%88%98"
"대치동 건물방수","건물방수","https://sinbiroo.co.kr/?k=%EB%8C%80%EC%B9%98%EB%8F%99-%EA%B1%B4%EB%AC%BC%EB%B0%A9%EC%88%98"
"대치동 외벽도색","외벽도색","https://sinbiroo.co.kr/?k=%EB%8C%80%EC%B9%98%EB%8F%99-%EC%99%B8%EB%B2%BD%EB%8F%84%EC%83%89"
"역삼동 외벽방수","외벽방수","https://sinbiroo.co.kr/?k=%EC%97%AD%EC%82%BC%EB%8F%99-%EC%99%B8%EB%B2%BD%EB%B0%A9%EC%88%98"
"역삼동 옥상방수","옥상방수","https://sinbiroo.co.kr/?k=%EC%97%AD%EC%82%BC%EB%8F%99-%EC%98%A5%EC%83%81%EB%B0%A9%EC%88%98"
"역삼동 건물방수","건물방수","https://sinbiroo.co.kr/?k=%EC%97%AD%EC%82%BC%EB%8F%99-%EA%B1%B4%EB%AC%BC%EB%B0%A9%EC%88%98"
"역삼동 외벽도색","외벽도색","https://sinbiroo.co.kr/?k=%EC%97%AD%EC%82%BC%EB%8F%99-%EC%99%B8%EB%B2%BD%EB%8F%84%EC%83%89"
"도곡동 외벽방수","외벽방수","https://sinbiroo.co.kr/?k=%EB%8F%84%EA%B3%A1%EB%8F%99-%EC%99%B8%EB%B2%BD%EB%B0%A9%EC%88%98"
"도곡동 옥상방수","옥상방수","https://sinbiroo.co.kr/?k=%EB%8F%84%EA%B3%A1%EB%8F%99-%EC%98%A5%EC%83%81%EB%B0%A9%EC%88%98"
"도곡동 건물방수","건물방수","https://sinbiroo.co.kr/?k=%EB%8F%84%EA%B3%A1%EB%8F%99-%EA%B1%B4%EB%AC%BC%EB%B0%A9%EC%88%98"
"도곡동 외벽도색","외벽도색","https://sinbiroo.co.kr/?k=%EB%8F%84%EA%B3%A1%EB%8F%99-%EC%99%B8%EB%B2%BD%EB%8F%84%EC%83%89"
"개포동 외벽방수","외벽방수","https://sinbiroo.co.kr/?k=%EA%B0%9C%ED%8F%AC%EB%8F%99-%EC%99%B8%EB%B2%BD%EB%B0%A9%EC%88%98"
"개포동 옥상방수","옥상방수","https://sinbiroo.co.kr/?k=%EA%B0%9C%ED%8F%AC%EB%8F%99-%EC%98%A5%EC%83%81%EB%B0%A9%EC%88%98"
"개포동 건물방수","건물방수","https://sinbiroo.co.kr/?k=%EA%B0%9C%ED%8F%AC%EB%8F%99-%EA%B1%B4%EB%AC%BC%EB%B0%A9%EC%88%98"
"개포동 외벽도색","외벽도색","https://sinbiroo.co.kr/?k=%EA%B0%9C%ED%8F%AC%EB%8F%99-%EC%99%B8%EB%B2%BD%EB%8F%84%EC%83%89"
"세곡동 외벽방수","외벽방수","https://sinbiroo.co.kr/?k=%EC%84%B8%EA%B3%A1%EB%8F%99-%EC%99%B8%EB%B2%BD%EB%B0%A9%EC%88%98"
"세곡동 옥상방수","옥상방수","https://sinbiroo.co.kr/?k=%EC%84%B8%EA%B3%A1%EB%8F%99-%EC%98%A5%EC%83%81%EB%B0%A9%EC%88%98"
"세곡동 건물방수","건물방수","https://sinbiroo.co.kr/?k=%EC%84%B8%EA%B3%A1%EB%8F%99-%EA%B1%B4%EB%AC%BC%EB%B0%A9%EC%88%98"
"세곡동 외벽도색","외벽도색","https://sinbiroo.co.kr/?k=%EC%84%B8%EA%B3%A1%EB%8F%99-%EC%99%B8%EB%B2%BD%EB%8F%84%EC%83%89"
"일원동 외벽방수","외벽방수","https://sinbiroo.co.kr/?k=%EC%9D%BC%EC%9B%90%EB%8F%99-%EC%99%B8%EB%B2%BD%EB%B0%A9%EC%88%98"
"일원동 옥상방수","옥상방수","https://sinbiroo.co.kr/?k=%EC%9D%BC%EC%9B%90%EB%8F%99-%EC%98%A5%EC%83%81%EB%B0%A9%EC%88%98"
"일원동 건물방수","건물방수","https://sinbiroo.co.kr/?k=%EC%9D%BC%EC%9B%90%EB%8F%99-%EA%B1%B4%EB%AC%BC%EB%B0%A9%EC%88%98"
"일원동 외벽도색","외벽도색","https://sinbiroo.co.kr/?k=%EC%9D%BC%EC%9B%90%EB%8F%99-%EC%99%B8%EB%B2%BD%EB%8F%84%EC%83%89"
"수서동 외벽방수","외벽방수","https://sinbiroo.co.kr/?k=%EC%88%98%EC%84%9C%EB%8F%99-%EC%99%B8%EB%B2%BD%EB%B0%A9%EC%88%98"
"수서동 옥상방수","옥상방수","https://sinbiroo.co.kr/?k=%EC%88%98%EC%84%9C%EB%8F%99-%EC%98%A5%EC%83%81%EB%B0%A9%EC%88%98"
"수서동 건물방수","건물방수","https://sinbiroo.co.kr/?k=%EC%88%98%EC%84%9C%EB%8F%99-%EA%B1%B4%EB%AC%BC%EB%B0%A9%EC%88%98"
"수서동 외벽도색","외벽도색","https://sinbiroo.co.kr/?k=%EC%88%98%EC%84%9C%EB%8F%99-%EC%99%B8%EB%B2%BD%EB%8F%84%EC%83%89"
"송파구 외벽방수","외벽방수","https://sinbiroo.co.kr/?k=%EC%86%A1%ED%8C%8C%EA%B5%AC-%EC%99%B8%EB%B2%BD%EB%B0%A9%EC%88%98"
"송파구 옥상방수","옥상방수","https://sinbiroo.co.kr/?k=%EC%86%A1%ED%8C%8C%EA%B5%AC-%EC%98%A5%EC%83%81%EB%B0%A9%EC%88%98"
"송파구 건물방수","건물방수","https://sinbiroo.co.kr/?k=%EC%86%A1%ED%8C%8C%EA%B5%AC-%EA%B1%B4%EB%AC%BC%EB%B0%A9%EC%88%98"
"송파구 외벽도색","외벽도색","https://sinbiroo.co.kr/?k=%EC%86%A1%ED%8C%8C%EA%B5%AC-%EC%99%B8%EB%B2%BD%EB%8F%84%EC%83%89"
"풍납동 외벽방수","외벽방수","https://sinbiroo.co.kr/?k=%ED%92%8D%EB%82%A9%EB%8F%99-%EC%99%B8%EB%B2%BD%EB%B0%A9%EC%88%98"
"풍납동 옥상방수","옥상방수","https://sinbiroo.co.kr/?k=%ED%92%8D%EB%82%A9%EB%8F%99-%EC%98%A5%EC%83%81%EB%B0%A9%EC%88%98"
"풍납동 건물방수","건물방수","https://sinbiroo.co.kr/?k=%ED%92%8D%EB%82%A9%EB%8F%99-%EA%B1%B4%EB%AC%BC%EB%B0%A9%EC%88%98"
"풍납동 외벽도색","외벽도색","https://sinbiroo.co.kr/?k=%ED%92%8D%EB%82%A9%EB%8F%99-%EC%99%B8%EB%B2%BD%EB%8F%84%EC%83%89"
"거여동 외벽방수","외벽방수","https://sinbiroo.co.kr/?k=%EA%B1%B0%EC%97%AC%EB%8F%99-%EC%99%B8%EB%B2%BD%EB%B0%A9%EC%88%98"
"거여동 옥상방수","옥상방수","https://sinbiroo.co.kr/?k=%EA%B1%B0%EC%97%AC%EB%8F%99-%EC%98%A5%EC%83%81%EB%B0%A9%EC%88%98"
"거여동 건물방수","건물방수","https://sinbiroo.co.kr/?k=%EA%B1%B0%EC%97%AC%EB%8F%99-%EA%B1%B4%EB%AC%BC%EB%B0%A9%EC%88%98"
"거여동 외벽도색","외벽도색","https://sinbiroo.co.kr/?k=%EA%B1%B0%EC%97%AC%EB%8F%99-%EC%99%B8%EB%B2%BD%EB%8F%84%EC%83%89"
"마천동 외벽방수","외벽방수","https://sinbiroo.co.kr/?k=%EB%A7%88%EC%B2%9C%EB%8F%99-%EC%99%B8%EB%B2%BD%EB%B0%A9%EC%88%98"
"마천동 옥상방수","옥상방수","https://sinbiroo.co.kr/?k=%EB%A7%88%EC%B2%9C%EB%8F%99-%EC%98%A5%EC%83%81%EB%B0%A9%EC%88%98"
"마천동 건물방수","건물방수","https://sinbiroo.co.kr/?k=%EB%A7%88%EC%B2%9C%EB%8F%99-%EA%B1%B4%EB%AC%BC%EB%B0%A9%EC%88%98"
"마천동 외벽도색","외벽도색","https://sinbiroo.co.kr/?k=%EB%A7%88%EC%B2%9C%EB%8F%99-%EC%99%B8%EB%B2%BD%EB%8F%84%EC%83%89"
"방이동 외벽방수","외벽방수","https://sinbiroo.co.kr/?k=%EB%B0%A9%EC%9D%B4%EB%8F%99-%EC%99%B8%EB%B2%BD%EB%B0%A9%EC%88%98"
"방이동 옥상방수","옥상방수","https://sinbiroo.co.kr/?k=%EB%B0%A9%EC%9D%B4%EB%8F%99-%EC%98%A5%EC%83%81%EB%B0%A9%EC%88%98"
"방이동 건물방수","건물방수","https://sinbiroo.co.kr/?k=%EB%B0%A9%EC%9D%B4%EB%8F%99-%EA%B1%B4%EB%AC%BC%EB%B0%A9%EC%88%98"
"방이동 외벽도색","외벽도색","https://sinbiroo.co.kr/?k=%EB%B0%A9%EC%9D%B4%EB%8F%99-%EC%99%B8%EB%B2%BD%EB%8F%84%EC%83%89"
"오륜동 외벽방수","외벽방수","https://sinbiroo.co.kr/?k=%EC%98%A4%EB%A5%9C%EB%8F%99-%EC%99%B8%EB%B2%BD%EB%B0%A9%EC%88%98"
"오륜동 옥상방수","옥상방수","https://sinbiroo.co.kr/?k=%EC%98%A4%EB%A5%9C%EB%8F%99-%EC%98%A5%EC%83%81%EB%B0%A9%EC%88%98"
"오륜동 건물방수","건물방수","https://sinbiroo.co.kr/?k=%EC%98%A4%EB%A5%9C%EB%8F%99-%EA%B1%B4%EB%AC%BC%EB%B0%A9%EC%88%98"
"오륜동 외벽도색","외벽도색","https://sinbiroo.co.kr/?k=%EC%98%A4%EB%A5%9C%EB%8F%99-%EC%99%B8%EB%B2%BD%EB%8F%84%EC%83%89"
"오금동 외벽방수","외벽방수","https://sinbiroo.co.kr/?k=%EC%98%A4%EA%B8%88%EB%8F%99-%EC%99%B8%EB%B2%BD%EB%B0%A9%EC%88%98"
"오금동 옥상방수","옥상방수","https://sinbiroo.co.kr/?k=%EC%98%A4%EA%B8%88%EB%8F%99-%EC%98%A5%EC%83%81%EB%B0%A9%EC%88%98"
"오금동 건물방수","건물방수","https://sinbiroo.co.kr/?k=%EC%98%A4%EA%B8%88%EB%8F%99-%EA%B1%B4%EB%AC%BC%EB%B0%A9%EC%88%98"
"오금동 외벽도색","외벽도색","https://sinbiroo.co.kr/?k=%EC%98%A4%EA%B8%88%EB%8F%99-%EC%99%B8%EB%B2%BD%EB%8F%84%EC%83%89"
"송파동 외벽방수","외벽방수","https://sinbiroo.co.kr/?k=%EC%86%A1%ED%8C%8C%EB%8F%99-%EC%99%B8%EB%B2%BD%EB%B0%A9%EC%88%98"
"송파동 옥상방수","옥상방수","https://sinbiroo.co.kr/?k=%EC%86%A1%ED%8C%8C%EB%8F%99-%EC%98%A5%EC%83%81%EB%B0%A9%EC%88%98"
"송파동 건물방수","건물방수","https://sinbiroo.co.kr/?k=%EC%86%A1%ED%8C%8C%EB%8F%99-%EA%B1%B4%EB%AC%BC%EB%B0%A9%EC%88%98"
"송파동 외벽도색","외벽도색","https://sinbiroo.co.kr/?k=%EC%86%A1%ED%8C%8C%EB%8F%99-%EC%99%B8%EB%B2%BD%EB%8F%84%EC%83%89"
"석촌동 외벽방수","외벽방수","https://sinbiroo.co.kr/?k=%EC%84%9D%EC%B4%8C%EB%8F%99-%EC%99%B8%EB%B2%BD%EB%B0%A9%EC%88%98"
"석촌동 옥상방수","옥상방수","https://sinbiroo.co.kr/?k=%EC%84%9D%EC%B4%8C%EB%8F%99-%EC%98%A5%EC%83%81%EB%B0%A9%EC%88%98"
"석촌동 건물방수","건물방수","https://sinbiroo.co.kr/?k=%EC%84%9D%EC%B4%8C%EB%8F%99-%EA%B1%B4%EB%AC%BC%EB%B0%A9%EC%88%98"
"석촌동 외벽도색","외벽도색","https://sinbiroo.co.kr/?k=%EC%84%9D%EC%B4%8C%EB%8F%99-%EC%99%B8%EB%B2%BD%EB%8F%84%EC%83%89"
"삼전동 외벽방수","외벽방수","https://sinbiroo.co.kr/?k=%EC%82%BC%EC%A0%84%EB%8F%99-%EC%99%B8%EB%B2%BD%EB%B0%A9%EC%88%98"
"삼전동 옥상방수","옥상방수","https://sinbiroo.co.kr/?k=%EC%82%BC%EC%A0%84%EB%8F%99-%EC%98%A5%EC%83%81%EB%B0%A9%EC%88%98"
"삼전동 건물방수","건물방수","https://sinbiroo.co.kr/?k=%EC%82%BC%EC%A0%84%EB%8F%99-%EA%B1%B4%EB%AC%BC%EB%B0%A9%EC%88%98"
"삼전동 외벽도색","외벽도색","https://sinbiroo.co.kr/?k=%EC%82%BC%EC%A0%84%EB%8F%99-%EC%99%B8%EB%B2%BD%EB%8F%84%EC%83%89"
"가락동 외벽방수","외벽방수","https://sinbiroo.co.kr/?k=%EA%B0%80%EB%9D%BD%EB%8F%99-%EC%99%B8%EB%B2%BD%EB%B0%A9%EC%88%98"
"가락동 옥상방수","옥상방수","https://sinbiroo.co.kr/?k=%EA%B0%80%EB%9D%BD%EB%8F%99-%EC%98%A5%EC%83%81%EB%B0%A9%EC%88%98"
"가락동 건물방수","건물방수","https://sinbiroo.co.kr/?k=%EA%B0%80%EB%9D%BD%EB%8F%99-%EA%B1%B4%EB%AC%BC%EB%B0%A9%EC%88%98"
"가락동 외벽도색","외벽도색","https://sinbiroo.co.kr/?k=%EA%B0%80%EB%9D%BD%EB%8F%99-%EC%99%B8%EB%B2%BD%EB%8F%84%EC%83%89"
"문정동 외벽방수","외벽방수","https://sinbiroo.co.kr/?k=%EB%AC%B8%EC%A0%95%EB%8F%99-%EC%99%B8%EB%B2%BD%EB%B0%A9%EC%88%98"
"문정동 옥상방수","옥상방수","https://sinbiroo.co.kr/?k=%EB%AC%B8%EC%A0%95%EB%8F%99-%EC%98%A5%EC%83%81%EB%B0%A9%EC%88%98"
"문정동 건물방수","건물방수","https://sinbiroo.co.kr/?k=%EB%AC%B8%EC%A0%95%EB%8F%99-%EA%B1%B4%EB%AC%BC%EB%B0%A9%EC%88%98"
"문정동 외벽도색","외벽도색","https://sinbiroo.co.kr/?k=%EB%AC%B8%EC%A0%95%EB%8F%99-%EC%99%B8%EB%B2%BD%EB%8F%84%EC%83%89"
"장지동 외벽방수","외벽방수","https://sinbiroo.co.kr/?k=%EC%9E%A5%EC%A7%80%EB%8F%99-%EC%99%B8%EB%B2%BD%EB%B0%A9%EC%88%98"
"장지동 옥상방수","옥상방수","https://sinbiroo.co.kr/?k=%EC%9E%A5%EC%A7%80%EB%8F%99-%EC%98%A5%EC%83%81%EB%B0%A9%EC%88%98"
"장지동 건물방수","건물방수","https://sinbiroo.co.kr/?k=%EC%9E%A5%EC%A7%80%EB%8F%99-%EA%B1%B4%EB%AC%BC%EB%B0%A9%EC%88%98"
"장지동 외벽도색","외벽도색","https://sinbiroo.co.kr/?k=%EC%9E%A5%EC%A7%80%EB%8F%99-%EC%99%B8%EB%B2%BD%EB%8F%84%EC%83%89"
"위례동 외벽방수","외벽방수","https://sinbiroo.co.kr/?k=%EC%9C%84%EB%A1%80%EB%8F%99-%EC%99%B8%EB%B2%BD%EB%B0%A9%EC%88%98"
"위례동 옥상방수","옥상방수","https://sinbiroo.co.kr/?k=%EC%9C%84%EB%A1%80%EB%8F%99-%EC%98%A5%EC%83%81%EB%B0%A9%EC%88%98"
"위례동 건물방수","건물방수","https://sinbiroo.co.kr/?k=%EC%9C%84%EB%A1%80%EB%8F%99-%EA%B1%B4%EB%AC%BC%EB%B0%A9%EC%88%98"
"위례동 외벽도색","외벽도색","https://sinbiroo.co.kr/?k=%EC%9C%84%EB%A1%80%EB%8F%99-%EC%99%B8%EB%B2%BD%EB%8F%84%EC%83%89"
"잠실동 외벽방수","외벽방수","https://sinbiroo.co.kr/?k=%EC%9E%A0%EC%8B%A4%EB%8F%99-%EC%99%B8%EB%B2%BD%EB%B0%A9%EC%88%98"
"잠실동 옥상방수","옥상방수","https://sinbiroo.co.kr/?k=%EC%9E%A0%EC%8B%A4%EB%8F%99-%EC%98%A5%EC%83%81%EB%B0%A9%EC%88%98"
"잠실동 건물방수","건물방수","https://sinbiroo.co.kr/?k=%EC%9E%A0%EC%8B%A4%EB%8F%99-%EA%B1%B4%EB%AC%BC%EB%B0%A9%EC%88%98"
"잠실동 외벽도색","외벽도색","https://sinbiroo.co.kr/?k=%EC%9E%A0%EC%8B%A4%EB%8F%99-%EC%99%B8%EB%B2%BD%EB%8F%84%EC%83%89"
"강동구 외벽방수","외벽방수","https://sinbiroo.co.kr/?k=%EA%B0%95%EB%8F%99%EA%B5%AC-%EC%99%B8%EB%B2%BD%EB%B0%A9%EC%88%98"
"강동구 옥상방수","옥상방수","https://sinbiroo.co.kr/?k=%EA%B0%95%EB%8F%99%EA%B5%AC-%EC%98%A5%EC%83%81%EB%B0%A9%EC%88%98"
"강동구 건물방수","건물방수","https://sinbiroo.co.kr/?k=%EA%B0%95%EB%8F%99%EA%B5%AC-%EA%B1%B4%EB%AC%BC%EB%B0%A9%EC%88%98"
"강동구 외벽도색","외벽도색","https://sinbiroo.co.kr/?k=%EA%B0%95%EB%8F%99%EA%B5%AC-%EC%99%B8%EB%B2%BD%EB%8F%84%EC%83%89"
"강일동 외벽방수","외벽방수","https://sinbiroo.co.kr/?k=%EA%B0%95%EC%9D%BC%EB%8F%99-%EC%99%B8%EB%B2%BD%EB%B0%A9%EC%88%98"
"강일동 옥상방수","옥상방수","https://sinbiroo.co.kr/?k=%EA%B0%95%EC%9D%BC%EB%8F%99-%EC%98%A5%EC%83%81%EB%B0%A9%EC%88%98"
"강일동 건물방수","건물방수","https://sinbiroo.co.kr/?k=%EA%B0%95%EC%9D%BC%EB%8F%99-%EA%B1%B4%EB%AC%BC%EB%B0%A9%EC%88%98"
"강일동 외벽도색","외벽도색","https://sinbiroo.co.kr/?k=%EA%B0%95%EC%9D%BC%EB%8F%99-%EC%99%B8%EB%B2%BD%EB%8F%84%EC%83%89"
"상일동 외벽방수","외벽방수","https://sinbiroo.co.kr/?k=%EC%83%81%EC%9D%BC%EB%8F%99-%EC%99%B8%EB%B2%BD%EB%B0%A9%EC%88%98"
"상일동 옥상방수","옥상방수","https://sinbiroo.co.kr/?k=%EC%83%81%EC%9D%BC%EB%8F%99-%EC%98%A5%EC%83%81%EB%B0%A9%EC%88%98"
"상일동 건물방수","건물방수","https://sinbiroo.co.kr/?k=%EC%83%81%EC%9D%BC%EB%8F%99-%EA%B1%B4%EB%AC%BC%EB%B0%A9%EC%88%98"
"상일동 외벽도색","외벽도색","https://sinbiroo.co.kr/?k=%EC%83%81%EC%9D%BC%EB%8F%99-%EC%99%B8%EB%B2%BD%EB%8F%84%EC%83%89"
"명일동 외벽방수","외벽방수","https://sinbiroo.co.kr/?k=%EB%AA%85%EC%9D%BC%EB%8F%99-%EC%99%B8%EB%B2%BD%EB%B0%A9%EC%88%98"
"명일동 옥상방수","옥상방수","https://sinbiroo.co.kr/?k=%EB%AA%85%EC%9D%BC%EB%8F%99-%EC%98%A5%EC%83%81%EB%B0%A9%EC%88%98"
"명일동 건물방수","건물방수","https://sinbiroo.co.kr/?k=%EB%AA%85%EC%9D%BC%EB%8F%99-%EA%B1%B4%EB%AC%BC%EB%B0%A9%EC%88%98"
"명일동 외벽도색","외벽도색","https://sinbiroo.co.kr/?k=%EB%AA%85%EC%9D%BC%EB%8F%99-%EC%99%B8%EB%B2%BD%EB%8F%84%EC%83%89"
"고덕동 외벽방수","외벽방수","https://sinbiroo.co.kr/?k=%EA%B3%A0%EB%8D%95%EB%8F%99-%EC%99%B8%EB%B2%BD%EB%B0%A9%EC%88%98"
"고덕동 옥상방수","옥상방수","https://sinbiroo.co.kr/?k=%EA%B3%A0%EB%8D%95%EB%8F%99-%EC%98%A5%EC%83%81%EB%B0%A9%EC%88%98"
"고덕동 건물방수","건물방수","https://sinbiroo.co.kr/?k=%EA%B3%A0%EB%8D%95%EB%8F%99-%EA%B1%B4%EB%AC%BC%EB%B0%A9%EC%88%98"
"고덕동 외벽도색","외벽도색","https://sinbiroo.co.kr/?k=%EA%B3%A0%EB%8D%95%EB%8F%99-%EC%99%B8%EB%B2%BD%EB%8F%84%EC%83%89"
"암사동 외벽방수","외벽방수","https://sinbiroo.co.kr/?k=%EC%95%94%EC%82%AC%EB%8F%99-%EC%99%B8%EB%B2%BD%EB%B0%A9%EC%88%98"
"암사동 옥상방수","옥상방수","https://sinbiroo.co.kr/?k=%EC%95%94%EC%82%AC%EB%8F%99-%EC%98%A5%EC%83%81%EB%B0%A9%EC%88%98"
"암사동 건물방수","건물방수","https://sinbiroo.co.kr/?k=%EC%95%94%EC%82%AC%EB%8F%99-%EA%B1%B4%EB%AC%BC%EB%B0%A9%EC%88%98"
"암사동 외벽도색","외벽도색","https://sinbiroo.co.kr/?k=%EC%95%94%EC%82%AC%EB%8F%99-%EC%99%B8%EB%B2%BD%EB%8F%84%EC%83%89"
"천호동 외벽방수","외벽방수","https://sinbiroo.co.kr/?k=%EC%B2%9C%ED%98%B8%EB%8F%99-%EC%99%B8%EB%B2%BD%EB%B0%A9%EC%88%98"
"천호동 옥상방수","옥상방수","https://sinbiroo.co.kr/?k=%EC%B2%9C%ED%98%B8%EB%8F%99-%EC%98%A5%EC%83%81%EB%B0%A9%EC%88%98"
"천호동 건물방수","건물방수","https://sinbiroo.co.kr/?k=%EC%B2%9C%ED%98%B8%EB%8F%99-%EA%B1%B4%EB%AC%BC%EB%B0%A9%EC%88%98"
"천호동 외벽도색","외벽도색","https://sinbiroo.co.kr/?k=%EC%B2%9C%ED%98%B8%EB%8F%99-%EC%99%B8%EB%B2%BD%EB%8F%84%EC%83%89"
"성내동 외벽방수","외벽방수","https://sinbiroo.co.kr/?k=%EC%84%B1%EB%82%B4%EB%8F%99-%EC%99%B8%EB%B2%BD%EB%B0%A9%EC%88%98"
"성내동 옥상방수","옥상방수","https://sinbiroo.co.kr/?k=%EC%84%B1%EB%82%B4%EB%8F%99-%EC%98%A5%EC%83%81%EB%B0%A9%EC%88%98"
"성내동 건물방수","건물방수","https://sinbiroo.co.kr/?k=%EC%84%B1%EB%82%B4%EB%8F%99-%EA%B1%B4%EB%AC%BC%EB%B0%A9%EC%88%98"
"성내동 외벽도색","외벽도색","https://sinbiroo.co.kr/?k=%EC%84%B1%EB%82%B4%EB%8F%99-%EC%99%B8%EB%B2%BD%EB%8F%84%EC%83%89"
"길동 외벽방수","외벽방수","https://sinbiroo.co.kr/?k=%EA%B8%B8%EB%8F%99-%EC%99%B8%EB%B2%BD%EB%B0%A9%EC%88%98"
"길동 옥상방수","옥상방수","https://sinbiroo.co.kr/?k=%EA%B8%B8%EB%8F%99-%EC%98%A5%EC%83%81%EB%B0%A9%EC%88%98"
"길동 건물방수","건물방수","https://sinbiroo.co.kr/?k=%EA%B8%B8%EB%8F%99-%EA%B1%B4%EB%AC%BC%EB%B0%A9%EC%88%98"
"길동 외벽도색","외벽도색","https://sinbiroo.co.kr/?k=%EA%B8%B8%EB%8F%99-%EC%99%B8%EB%B2%BD%EB%8F%84%EC%83%89"
"둔촌동 외벽방수","외벽방수","https://sinbiroo.co.kr/?k=%EB%91%94%EC%B4%8C%EB%8F%99-%EC%99%B8%EB%B2%BD%EB%B0%A9%EC%88%98"
"둔촌동 옥상방수","옥상방수","https://sinbiroo.co.kr/?k=%EB%91%94%EC%B4%8C%EB%8F%99-%EC%98%A5%EC%83%81%EB%B0%A9%EC%88%98"
"둔촌동 건물방수","건물방수","https://sinbiroo.co.kr/?k=%EB%91%94%EC%B4%8C%EB%8F%99-%EA%B1%B4%EB%AC%BC%EB%B0%A9%EC%88%98"
"둔촌동 외벽도색","외벽도색","https://sinbiroo.co.kr/?k=%EB%91%94%EC%B4%8C%EB%8F%99-%EC%99%B8%EB%B2%BD%EB%8F%84%EC%83%89"
"광진구 외벽방수","외벽방수","https://sinbiroo.co.kr/?k=%EA%B4%91%EC%A7%84%EA%B5%AC-%EC%99%B8%EB%B2%BD%EB%B0%A9%EC%88%98"
"광진구 옥상방수","옥상방수","https://sinbiroo.co.kr/?k=%EA%B4%91%EC%A7%84%EA%B5%AC-%EC%98%A5%EC%83%81%EB%B0%A9%EC%88%98"
"광진구 건물방수","건물방수","https://sinbiroo.co.kr/?k=%EA%B4%91%EC%A7%84%EA%B5%AC-%EA%B1%B4%EB%AC%BC%EB%B0%A9%EC%88%98"
"광진구 외벽도색","외벽도색","https://sinbiroo.co.kr/?k=%EA%B4%91%EC%A7%84%EA%B5%AC-%EC%99%B8%EB%B2%BD%EB%8F%84%EC%83%89"
"중곡동 외벽방수","외벽방수","https://sinbiroo.co.kr/?k=%EC%A4%91%EA%B3%A1%EB%8F%99-%EC%99%B8%EB%B2%BD%EB%B0%A9%EC%88%98"
"중곡동 옥상방수","옥상방수","https://sinbiroo.co.kr/?k=%EC%A4%91%EA%B3%A1%EB%8F%99-%EC%98%A5%EC%83%81%EB%B0%A9%EC%88%98"
"중곡동 건물방수","건물방수","https://sinbiroo.co.kr/?k=%EC%A4%91%EA%B3%A1%EB%8F%99-%EA%B1%B4%EB%AC%BC%EB%B0%A9%EC%88%98"
"중곡동 외벽도색","외벽도색","https://sinbiroo.co.kr/?k=%EC%A4%91%EA%B3%A1%EB%8F%99-%EC%99%B8%EB%B2%BD%EB%8F%84%EC%83%89"
"능동 외벽방수","외벽방수","https://sinbiroo.co.kr/?k=%EB%8A%A5%EB%8F%99-%EC%99%B8%EB%B2%BD%EB%B0%A9%EC%88%98"
"능동 옥상방수","옥상방수","https://sinbiroo.co.kr/?k=%EB%8A%A5%EB%8F%99-%EC%98%A5%EC%83%81%EB%B0%A9%EC%88%98"
"능동 건물방수","건물방수","https://sinbiroo.co.kr/?k=%EB%8A%A5%EB%8F%99-%EA%B1%B4%EB%AC%BC%EB%B0%A9%EC%88%98"
"능동 외벽도색","외벽도색","https://sinbiroo.co.kr/?k=%EB%8A%A5%EB%8F%99-%EC%99%B8%EB%B2%BD%EB%8F%84%EC%83%89"
"구의동 외벽방수","외벽방수","https://sinbiroo.co.kr/?k=%EA%B5%AC%EC%9D%98%EB%8F%99-%EC%99%B8%EB%B2%BD%EB%B0%A9%EC%88%98"
"구의동 옥상방수","옥상방수","https://sinbiroo.co.kr/?k=%EA%B5%AC%EC%9D%98%EB%8F%99-%EC%98%A5%EC%83%81%EB%B0%A9%EC%88%98"
"구의동 건물방수","건물방수","https://sinbiroo.co.kr/?k=%EA%B5%AC%EC%9D%98%EB%8F%99-%EA%B1%B4%EB%AC%BC%EB%B0%A9%EC%88%98"
"구의동 외벽도색","외벽도색","https://sinbiroo.co.kr/?k=%EA%B5%AC%EC%9D%98%EB%8F%99-%EC%99%B8%EB%B2%BD%EB%8F%84%EC%83%89"
"광장동 외벽방수","외벽방수","https://sinbiroo.co.kr/?k=%EA%B4%91%EC%9E%A5%EB%8F%99-%EC%99%B8%EB%B2%BD%EB%B0%A9%EC%88%98"
"광장동 옥상방수","옥상방수","https://sinbiroo.co.kr/?k=%EA%B4%91%EC%9E%A5%EB%8F%99-%EC%98%A5%EC%83%81%EB%B0%A9%EC%88%98"
"광장동 건물방수","건물방수","https://sinbiroo.co.kr/?k=%EA%B4%91%EC%9E%A5%EB%8F%99-%EA%B1%B4%EB%AC%BC%EB%B0%A9%EC%88%98"
"광장동 외벽도색","외벽도색","https://sinbiroo.co.kr/?k=%EA%B4%91%EC%9E%A5%EB%8F%99-%EC%99%B8%EB%B2%BD%EB%8F%84%EC%83%89"
"자양동 외벽방수","외벽방수","https://sinbiroo.co.kr/?k=%EC%9E%90%EC%96%91%EB%8F%99-%EC%99%B8%EB%B2%BD%EB%B0%A9%EC%88%98"
"자양동 옥상방수","옥상방수","https://sinbiroo.co.kr/?k=%EC%9E%90%EC%96%91%EB%8F%99-%EC%98%A5%EC%83%81%EB%B0%A9%EC%88%98"
"자양동 건물방수","건물방수","https://sinbiroo.co.kr/?k=%EC%9E%90%EC%96%91%EB%8F%99-%EA%B1%B4%EB%AC%BC%EB%B0%A9%EC%88%98"
"자양동 외벽도색","외벽도색","https://sinbiroo.co.kr/?k=%EC%9E%90%EC%96%91%EB%8F%99-%EC%99%B8%EB%B2%BD%EB%8F%84%EC%83%89"
"화양동 외벽방수","외벽방수","https://sinbiroo.co.kr/?k=%ED%99%94%EC%96%91%EB%8F%99-%EC%99%B8%EB%B2%BD%EB%B0%A9%EC%88%98"
"화양동 옥상방수","옥상방수","https://sinbiroo.co.kr/?k=%ED%99%94%EC%96%91%EB%8F%99-%EC%98%A5%EC%83%81%EB%B0%A9%EC%88%98"
"화양동 건물방수","건물방수","https://sinbiroo.co.kr/?k=%ED%99%94%EC%96%91%EB%8F%99-%EA%B1%B4%EB%AC%BC%EB%B0%A9%EC%88%98"
"화양동 외벽도색","외벽도색","https://sinbiroo.co.kr/?k=%ED%99%94%EC%96%91%EB%8F%99-%EC%99%B8%EB%B2%BD%EB%8F%84%EC%83%89"
"군자동 외벽방수","외벽방수","https://sinbiroo.co.kr/?k=%EA%B5%B0%EC%9E%90%EB%8F%99-%EC%99%B8%EB%B2%BD%EB%B0%A9%EC%88%98"
"군자동 옥상방수","옥상방수","https://sinbiroo.co.kr/?k=%EA%B5%B0%EC%9E%90%EB%8F%99-%EC%98%A5%EC%83%81%EB%B0%A9%EC%88%98"
"군자동 건물방수","건물방수","https://sinbiroo.co.kr/?k=%EA%B5%B0%EC%9E%90%EB%8F%99-%EA%B1%B4%EB%AC%BC%EB%B0%A9%EC%88%98"
"군자동 외벽도색","외벽도색","https://sinbiroo.co.kr/?k=%EA%B5%B0%EC%9E%90%EB%8F%99-%EC%99%B8%EB%B2%BD%EB%8F%84%EC%83%89"
"성동구 외벽방수","외벽방수","https://sinbiroo.co.kr/?k=%EC%84%B1%EB%8F%99%EA%B5%AC-%EC%99%B8%EB%B2%BD%EB%B0%A9%EC%88%98"
"성동구 옥상방수","옥상방수","https://sinbiroo.co.kr/?k=%EC%84%B1%EB%8F%99%EA%B5%AC-%EC%98%A5%EC%83%81%EB%B0%A9%EC%88%98"
"성동구 건물방수","건물방수","https://sinbiroo.co.kr/?k=%EC%84%B1%EB%8F%99%EA%B5%AC-%EA%B1%B4%EB%AC%BC%EB%B0%A9%EC%88%98"
"성동구 외벽도색","외벽도색","https://sinbiroo.co.kr/?k=%EC%84%B1%EB%8F%99%EA%B5%AC-%EC%99%B8%EB%B2%BD%EB%8F%84%EC%83%89"
"왕십리동 외벽방수","외벽방수","https://sinbiroo.co.kr/?k=%EC%99%95%EC%8B%AD%EB%A6%AC%EB%8F%99-%EC%99%B8%EB%B2%BD%EB%B0%A9%EC%88%98"
"왕십리동 옥상방수","옥상방수","https://sinbiroo.co.kr/?k=%EC%99%95%EC%8B%AD%EB%A6%AC%EB%8F%99-%EC%98%A5%EC%83%81%EB%B0%A9%EC%88%98"
"왕십리동 건물방수","건물방수","https://sinbiroo.co.kr/?k=%EC%99%95%EC%8B%AD%EB%A6%AC%EB%8F%99-%EA%B1%B4%EB%AC%BC%EB%B0%A9%EC%88%98"
"왕십리동 외벽도색","외벽도색","https://sinbiroo.co.kr/?k=%EC%99%95%EC%8B%AD%EB%A6%AC%EB%8F%99-%EC%99%B8%EB%B2%BD%EB%8F%84%EC%83%89"
"마장동 외벽방수","외벽방수","https://sinbiroo.co.kr/?k=%EB%A7%88%EC%9E%A5%EB%8F%99-%EC%99%B8%EB%B2%BD%EB%B0%A9%EC%88%98"
"마장동 옥상방수","옥상방수","https://sinbiroo.co.kr/?k=%EB%A7%88%EC%9E%A5%EB%8F%99-%EC%98%A5%EC%83%81%EB%B0%A9%EC%88%98"
"마장동 건물방수","건물방수","https://sinbiroo.co.kr/?k=%EB%A7%88%EC%9E%A5%EB%8F%99-%EA%B1%B4%EB%AC%BC%EB%B0%A9%EC%88%98"
"마장동 외벽도색","외벽도색","https://sinbiroo.co.kr/?k=%EB%A7%88%EC%9E%A5%EB%8F%99-%EC%99%B8%EB%B2%BD%EB%8F%84%EC%83%89"
"사근동 외벽방수","외벽방수","https://sinbiroo.co.kr/?k=%EC%82%AC%EA%B7%BC%EB%8F%99-%EC%99%B8%EB%B2%BD%EB%B0%A9%EC%88%98"
"사근동 옥상방수","옥상방수","https://sinbiroo.co.kr/?k=%EC%82%AC%EA%B7%BC%EB%8F%99-%EC%98%A5%EC%83%81%EB%B0%A9%EC%88%98"
"사근동 건물방수","건물방수","https://sinbiroo.co.kr/?k=%EC%82%AC%EA%B7%BC%EB%8F%99-%EA%B1%B4%EB%AC%BC%EB%B0%A9%EC%88%98"
"사근동 외벽도색","외벽도색","https://sinbiroo.co.kr/?k=%EC%82%AC%EA%B7%BC%EB%8F%99-%EC%99%B8%EB%B2%BD%EB%8F%84%EC%83%89"
"행당동 외벽방수","외벽방수","https://sinbiroo.co.kr/?k=%ED%96%89%EB%8B%B9%EB%8F%99-%EC%99%B8%EB%B2%BD%EB%B0%A9%EC%88%98"
"행당동 옥상방수","옥상방수","https://sinbiroo.co.kr/?k=%ED%96%89%EB%8B%B9%EB%8F%99-%EC%98%A5%EC%83%81%EB%B0%A9%EC%88%98"
"행당동 건물방수","건물방수","https://sinbiroo.co.kr/?k=%ED%96%89%EB%8B%B9%EB%8F%99-%EA%B1%B4%EB%AC%BC%EB%B0%A9%EC%88%98"
"행당동 외벽도색","외벽도색","https://sinbiroo.co.kr/?k=%ED%96%89%EB%8B%B9%EB%8F%99-%EC%99%B8%EB%B2%BD%EB%8F%84%EC%83%89"
"응봉동 외벽방수","외벽방수","https://sinbiroo.co.kr/?k=%EC%9D%91%EB%B4%89%EB%8F%99-%EC%99%B8%EB%B2%BD%EB%B0%A9%EC%88%98"
"응봉동 옥상방수","옥상방수","https://sinbiroo.co.kr/?k=%EC%9D%91%EB%B4%89%EB%8F%99-%EC%98%A5%EC%83%81%EB%B0%A9%EC%88%98"
"응봉동 건물방수","건물방수","https://sinbiroo.co.kr/?k=%EC%9D%91%EB%B4%89%EB%8F%99-%EA%B1%B4%EB%AC%BC%EB%B0%A9%EC%88%98"
"응봉동 외벽도색","외벽도색","https://sinbiroo.co.kr/?k=%EC%9D%91%EB%B4%89%EB%8F%99-%EC%99%B8%EB%B2%BD%EB%8F%84%EC%83%89"
"금호동 외벽방수","외벽방수","https://sinbiroo.co.kr/?k=%EA%B8%88%ED%98%B8%EB%8F%99-%EC%99%B8%EB%B2%BD%EB%B0%A9%EC%88%98"
"금호동 옥상방수","옥상방수","https://sinbiroo.co.kr/?k=%EA%B8%88%ED%98%B8%EB%8F%99-%EC%98%A5%EC%83%81%EB%B0%A9%EC%88%98"
"금호동 건물방수","건물방수","https://sinbiroo.co.kr/?k=%EA%B8%88%ED%98%B8%EB%8F%99-%EA%B1%B4%EB%AC%BC%EB%B0%A9%EC%88%98"
"금호동 외벽도색","외벽도색","https://sinbiroo.co.kr/?k=%EA%B8%88%ED%98%B8%EB%8F%99-%EC%99%B8%EB%B2%BD%EB%8F%84%EC%83%89"
"옥수동 외벽방수","외벽방수","https://sinbiroo.co.kr/?k=%EC%98%A5%EC%88%98%EB%8F%99-%EC%99%B8%EB%B2%BD%EB%B0%A9%EC%88%98"
"옥수동 옥상방수","옥상방수","https://sinbiroo.co.kr/?k=%EC%98%A5%EC%88%98%EB%8F%99-%EC%98%A5%EC%83%81%EB%B0%A9%EC%88%98"
"옥수동 건물방수","건물방수","https://sinbiroo.co.kr/?k=%EC%98%A5%EC%88%98%EB%8F%99-%EA%B1%B4%EB%AC%BC%EB%B0%A9%EC%88%98"
"옥수동 외벽도색","외벽도색","https://sinbiroo.co.kr/?k=%EC%98%A5%EC%88%98%EB%8F%99-%EC%99%B8%EB%B2%BD%EB%8F%84%EC%83%89"
"성수동 외벽방수","외벽방수","https://sinbiroo.co.kr/?k=%EC%84%B1%EC%88%98%EB%8F%99-%EC%99%B8%EB%B2%BD%EB%B0%A9%EC%88%98"
"성수동 옥상방수","옥상방수","https://sinbiroo.co.kr/?k=%EC%84%B1%EC%88%98%EB%8F%99-%EC%98%A5%EC%83%81%EB%B0%A9%EC%88%98"
"성수동 건물방수","건물방수","https://sinbiroo.co.kr/?k=%EC%84%B1%EC%88%98%EB%8F%99-%EA%B1%B4%EB%AC%BC%EB%B0%A9%EC%88%98"
"성수동 외벽도색","외벽도색","https://sinbiroo.co.kr/?k=%EC%84%B1%EC%88%98%EB%8F%99-%EC%99%B8%EB%B2%BD%EB%8F%84%EC%83%89"
"송정동 외벽방수","외벽방수","https://sinbiroo.co.kr/?k=%EC%86%A1%EC%A0%95%EB%8F%99-%EC%99%B8%EB%B2%BD%EB%B0%A9%EC%88%98"
"송정동 옥상방수","옥상방수","https://sinbiroo.co.kr/?k=%EC%86%A1%EC%A0%95%EB%8F%99-%EC%98%A5%EC%83%81%EB%B0%A9%EC%88%98"
"송정동 건물방수","건물방수","https://sinbiroo.co.kr/?k=%EC%86%A1%EC%A0%95%EB%8F%99-%EA%B1%B4%EB%AC%BC%EB%B0%A9%EC%88%98"
"송정동 외벽도색","외벽도색","https://sinbiroo.co.kr/?k=%EC%86%A1%EC%A0%95%EB%8F%99-%EC%99%B8%EB%B2%BD%EB%8F%84%EC%83%89"
"용답동 외벽방수","외벽방수","https://sinbiroo.co.kr/?k=%EC%9A%A9%EB%8B%B5%EB%8F%99-%EC%99%B8%EB%B2%BD%EB%B0%A9%EC%88%98"
"용답동 옥상방수","옥상방수","https://sinbiroo.co.kr/?k=%EC%9A%A9%EB%8B%B5%EB%8F%99-%EC%98%A5%EC%83%81%EB%B0%A9%EC%88%98"
"용답동 건물방수","건물방수","https://sinbiroo.co.kr/?k=%EC%9A%A9%EB%8B%B5%EB%8F%99-%EA%B1%B4%EB%AC%BC%EB%B0%A9%EC%88%98"
"용답동 외벽도색","외벽도색","https://sinbiroo.co.kr/?k=%EC%9A%A9%EB%8B%B5%EB%8F%99-%EC%99%B8%EB%B2%BD%EB%8F%84%EC%83%89"
"동대문구 외벽방수","외벽방수","https://sinbiroo.co.kr/?k=%EB%8F%99%EB%8C%80%EB%AC%B8%EA%B5%AC-%EC%99%B8%EB%B2%BD%EB%B0%A9%EC%88%98"
"동대문구 옥상방수","옥상방수","https://sinbiroo.co.kr/?k=%EB%8F%99%EB%8C%80%EB%AC%B8%EA%B5%AC-%EC%98%A5%EC%83%81%EB%B0%A9%EC%88%98"
"동대문구 건물방수","건물방수","https://sinbiroo.co.kr/?k=%EB%8F%99%EB%8C%80%EB%AC%B8%EA%B5%AC-%EA%B1%B4%EB%AC%BC%EB%B0%A9%EC%88%98"
"동대문구 외벽도색","외벽도색","https://sinbiroo.co.kr/?k=%EB%8F%99%EB%8C%80%EB%AC%B8%EA%B5%AC-%EC%99%B8%EB%B2%BD%EB%8F%84%EC%83%89"
"신설동 외벽방수","외벽방수","https://sinbiroo.co.kr/?k=%EC%8B%A0%EC%84%A4%EB%8F%99-%EC%99%B8%EB%B2%BD%EB%B0%A9%EC%88%98"
"신설동 옥상방수","옥상방수","https://sinbiroo.co.kr/?k=%EC%8B%A0%EC%84%A4%EB%8F%99-%EC%98%A5%EC%83%81%EB%B0%A9%EC%88%98"
"신설동 건물방수","건물방수","https://sinbiroo.co.kr/?k=%EC%8B%A0%EC%84%A4%EB%8F%99-%EA%B1%B4%EB%AC%BC%EB%B0%A9%EC%88%98"
"신설동 외벽도색","외벽도색","https://sinbiroo.co.kr/?k=%EC%8B%A0%EC%84%A4%EB%8F%99-%EC%99%B8%EB%B2%BD%EB%8F%84%EC%83%89"
"용두동 외벽방수","외벽방수","https://sinbiroo.co.kr/?k=%EC%9A%A9%EB%91%90%EB%8F%99-%EC%99%B8%EB%B2%BD%EB%B0%A9%EC%88%98"
"용두동 옥상방수","옥상방수","https://sinbiroo.co.kr/?k=%EC%9A%A9%EB%91%90%EB%8F%99-%EC%98%A5%EC%83%81%EB%B0%A9%EC%88%98"
"용두동 건물방수","건물방수","https://sinbiroo.co.kr/?k=%EC%9A%A9%EB%91%90%EB%8F%99-%EA%B1%B4%EB%AC%BC%EB%B0%A9%EC%88%98"
"용두동 외벽도색","외벽도색","https://sinbiroo.co.kr/?k=%EC%9A%A9%EB%91%90%EB%8F%99-%EC%99%B8%EB%B2%BD%EB%8F%84%EC%83%89"
"제기동 외벽방수","외벽방수","https://sinbiroo.co.kr/?k=%EC%A0%9C%EA%B8%B0%EB%8F%99-%EC%99%B8%EB%B2%BD%EB%B0%A9%EC%88%98"
"제기동 옥상방수","옥상방수","https://sinbiroo.co.kr/?k=%EC%A0%9C%EA%B8%B0%EB%8F%99-%EC%98%A5%EC%83%81%EB%B0%A9%EC%88%98"
"제기동 건물방수","건물방수","https://sinbiroo.co.kr/?k=%EC%A0%9C%EA%B8%B0%EB%8F%99-%EA%B1%B4%EB%AC%BC%EB%B0%A9%EC%88%98"
"제기동 외벽도색","외벽도색","https://sinbiroo.co.kr/?k=%EC%A0%9C%EA%B8%B0%EB%8F%99-%EC%99%B8%EB%B2%BD%EB%8F%84%EC%83%89"
"전농동 외벽방수","외벽방수","https://sinbiroo.co.kr/?k=%EC%A0%84%EB%86%8D%EB%8F%99-%EC%99%B8%EB%B2%BD%EB%B0%A9%EC%88%98"
"전농동 옥상방수","옥상방수","https://sinbiroo.co.kr/?k=%EC%A0%84%EB%86%8D%EB%8F%99-%EC%98%A5%EC%83%81%EB%B0%A9%EC%88%98"
"전농동 건물방수","건물방수","https://sinbiroo.co.kr/?k=%EC%A0%84%EB%86%8D%EB%8F%99-%EA%B1%B4%EB%AC%BC%EB%B0%A9%EC%88%98"
"전농동 외벽도색","외벽도색","https://sinbiroo.co.kr/?k=%EC%A0%84%EB%86%8D%EB%8F%99-%EC%99%B8%EB%B2%BD%EB%8F%84%EC%83%89"
"답십리동 외벽방수","외벽방수","https://sinbiroo.co.kr/?k=%EB%8B%B5%EC%8B%AD%EB%A6%AC%EB%8F%99-%EC%99%B8%EB%B2%BD%EB%B0%A9%EC%88%98"
"답십리동 옥상방수","옥상방수","https://sinbiroo.co.kr/?k=%EB%8B%B5%EC%8B%AD%EB%A6%AC%EB%8F%99-%EC%98%A5%EC%83%81%EB%B0%A9%EC%88%98"
"답십리동 건물방수","건물방수","https://sinbiroo.co.kr/?k=%EB%8B%B5%EC%8B%AD%EB%A6%AC%EB%8F%99-%EA%B1%B4%EB%AC%BC%EB%B0%A9%EC%88%98"
"답십리동 외벽도색","외벽도색","https://sinbiroo.co.kr/?k=%EB%8B%B5%EC%8B%AD%EB%A6%AC%EB%8F%99-%EC%99%B8%EB%B2%BD%EB%8F%84%EC%83%89"
"장안동 외벽방수","외벽방수","https://sinbiroo.co.kr/?k=%EC%9E%A5%EC%95%88%EB%8F%99-%EC%99%B8%EB%B2%BD%EB%B0%A9%EC%88%98"
"장안동 옥상방수","옥상방수","https://sinbiroo.co.kr/?k=%EC%9E%A5%EC%95%88%EB%8F%99-%EC%98%A5%EC%83%81%EB%B0%A9%EC%88%98"
"장안동 건물방수","건물방수","https://sinbiroo.co.kr/?k=%EC%9E%A5%EC%95%88%EB%8F%99-%EA%B1%B4%EB%AC%BC%EB%B0%A9%EC%88%98"
"장안동 외벽도색","외벽도색","https://sinbiroo.co.kr/?k=%EC%9E%A5%EC%95%88%EB%8F%99-%EC%99%B8%EB%B2%BD%EB%8F%84%EC%83%89"
"휘경동 외벽방수","외벽방수","https://sinbiroo.co.kr/?k=%ED%9C%98%EA%B2%BD%EB%8F%99-%EC%99%B8%EB%B2%BD%EB%B0%A9%EC%88%98"
"휘경동 옥상방수","옥상방수","https://sinbiroo.co.kr/?k=%ED%9C%98%EA%B2%BD%EB%8F%99-%EC%98%A5%EC%83%81%EB%B0%A9%EC%88%98"
"휘경동 건물방수","건물방수","https://sinbiroo.co.kr/?k=%ED%9C%98%EA%B2%BD%EB%8F%99-%EA%B1%B4%EB%AC%BC%EB%B0%A9%EC%88%98"
"휘경동 외벽도색","외벽도색","https://sinbiroo.co.kr/?k=%ED%9C%98%EA%B2%BD%EB%8F%99-%EC%99%B8%EB%B2%BD%EB%8F%84%EC%83%89"
"이문동 외벽방수","외벽방수","https://sinbiroo.co.kr/?k=%EC%9D%B4%EB%AC%B8%EB%8F%99-%EC%99%B8%EB%B2%BD%EB%B0%A9%EC%88%98"
"이문동 옥상방수","옥상방수","https://sinbiroo.co.kr/?k=%EC%9D%B4%EB%AC%B8%EB%8F%99-%EC%98%A5%EC%83%81%EB%B0%A9%EC%88%98"
"이문동 건물방수","건물방수","https://sinbiroo.co.kr/?k=%EC%9D%B4%EB%AC%B8%EB%8F%99-%EA%B1%B4%EB%AC%BC%EB%B0%A9%EC%88%98"
"이문동 외벽도색","외벽도색","https://sinbiroo.co.kr/?k=%EC%9D%B4%EB%AC%B8%EB%8F%99-%EC%99%B8%EB%B2%BD%EB%8F%84%EC%83%89"
"회기동 외벽방수","외벽방수","https://sinbiroo.co.kr/?k=%ED%9A%8C%EA%B8%B0%EB%8F%99-%EC%99%B8%EB%B2%BD%EB%B0%A9%EC%88%98"
"회기동 옥상방수","옥상방수","https://sinbiroo.co.kr/?k=%ED%9A%8C%EA%B8%B0%EB%8F%99-%EC%98%A5%EC%83%81%EB%B0%A9%EC%88%98"
"회기동 건물방수","건물방수","https://sinbiroo.co.kr/?k=%ED%9A%8C%EA%B8%B0%EB%8F%99-%EA%B1%B4%EB%AC%BC%EB%B0%A9%EC%88%98"
"회기동 외벽도색","외벽도색","https://sinbiroo.co.kr/?k=%ED%9A%8C%EA%B8%B0%EB%8F%99-%EC%99%B8%EB%B2%BD%EB%8F%84%EC%83%89"
"중랑구 외벽방수","외벽방수","https://sinbiroo.co.kr/?k=%EC%A4%91%EB%9E%91%EA%B5%AC-%EC%99%B8%EB%B2%BD%EB%B0%A9%EC%88%98"
"중랑구 옥상방수","옥상방수","https://sinbiroo.co.kr/?k=%EC%A4%91%EB%9E%91%EA%B5%AC-%EC%98%A5%EC%83%81%EB%B0%A9%EC%88%98"
"중랑구 건물방수","건물방수","https://sinbiroo.co.kr/?k=%EC%A4%91%EB%9E%91%EA%B5%AC-%EA%B1%B4%EB%AC%BC%EB%B0%A9%EC%88%98"
"중랑구 외벽도색","외벽도색","https://sinbiroo.co.kr/?k=%EC%A4%91%EB%9E%91%EA%B5%AC-%EC%99%B8%EB%B2%BD%EB%8F%84%EC%83%89"
"면목동 외벽방수","외벽방수","https://sinbiroo.co.kr/?k=%EB%A9%B4%EB%AA%A9%EB%8F%99-%EC%99%B8%EB%B2%BD%EB%B0%A9%EC%88%98"
"면목동 옥상방수","옥상방수","https://sinbiroo.co.kr/?k=%EB%A9%B4%EB%AA%A9%EB%8F%99-%EC%98%A5%EC%83%81%EB%B0%A9%EC%88%98"
"면목동 건물방수","건물방수","https://sinbiroo.co.kr/?k=%EB%A9%B4%EB%AA%A9%EB%8F%99-%EA%B1%B4%EB%AC%BC%EB%B0%A9%EC%88%98"
"면목동 외벽도색","외벽도색","https://sinbiroo.co.kr/?k=%EB%A9%B4%EB%AA%A9%EB%8F%99-%EC%99%B8%EB%B2%BD%EB%8F%84%EC%83%89"
"상봉동 외벽방수","외벽방수","https://sinbiroo.co.kr/?k=%EC%83%81%EB%B4%89%EB%8F%99-%EC%99%B8%EB%B2%BD%EB%B0%A9%EC%88%98"
"상봉동 옥상방수","옥상방수","https://sinbiroo.co.kr/?k=%EC%83%81%EB%B4%89%EB%8F%99-%EC%98%A5%EC%83%81%EB%B0%A9%EC%88%98"
"상봉동 건물방수","건물방수","https://sinbiroo.co.kr/?k=%EC%83%81%EB%B4%89%EB%8F%99-%EA%B1%B4%EB%AC%BC%EB%B0%A9%EC%88%98"
"상봉동 외벽도색","외벽도색","https://sinbiroo.co.kr/?k=%EC%83%81%EB%B4%89%EB%8F%99-%EC%99%B8%EB%B2%BD%EB%8F%84%EC%83%89"
"중화동 외벽방수","외벽방수","https://sinbiroo.co.kr/?k=%EC%A4%91%ED%99%94%EB%8F%99-%EC%99%B8%EB%B2%BD%EB%B0%A9%EC%88%98"
"중화동 옥상방수","옥상방수","https://sinbiroo.co.kr/?k=%EC%A4%91%ED%99%94%EB%8F%99-%EC%98%A5%EC%83%81%EB%B0%A9%EC%88%98"
"중화동 건물방수","건물방수","https://sinbiroo.co.kr/?k=%EC%A4%91%ED%99%94%EB%8F%99-%EA%B1%B4%EB%AC%BC%EB%B0%A9%EC%88%98"
"중화동 외벽도색","외벽도색","https://sinbiroo.co.kr/?k=%EC%A4%91%ED%99%94%EB%8F%99-%EC%99%B8%EB%B2%BD%EB%8F%84%EC%83%89"
"묵동 외벽방수","외벽방수","https://sinbiroo.co.kr/?k=%EB%AC%B5%EB%8F%99-%EC%99%B8%EB%B2%BD%EB%B0%A9%EC%88%98"
"묵동 옥상방수","옥상방수","https://sinbiroo.co.kr/?k=%EB%AC%B5%EB%8F%99-%EC%98%A5%EC%83%81%EB%B0%A9%EC%88%98"
"묵동 건물방수","건물방수","https://sinbiroo.co.kr/?k=%EB%AC%B5%EB%8F%99-%EA%B1%B4%EB%AC%BC%EB%B0%A9%EC%88%98"
"묵동 외벽도색","외벽도색","https://sinbiroo.co.kr/?k=%EB%AC%B5%EB%8F%99-%EC%99%B8%EB%B2%BD%EB%8F%84%EC%83%89"
"망우동 외벽방수","외벽방수","https://sinbiroo.co.kr/?k=%EB%A7%9D%EC%9A%B0%EB%8F%99-%EC%99%B8%EB%B2%BD%EB%B0%A9%EC%88%98"
"망우동 옥상방수","옥상방수","https://sinbiroo.co.kr/?k=%EB%A7%9D%EC%9A%B0%EB%8F%99-%EC%98%A5%EC%83%81%EB%B0%A9%EC%88%98"
"망우동 건물방수","건물방수","https://sinbiroo.co.kr/?k=%EB%A7%9D%EC%9A%B0%EB%8F%99-%EA%B1%B4%EB%AC%BC%EB%B0%A9%EC%88%98"
"망우동 외벽도색","외벽도색","https://sinbiroo.co.kr/?k=%EB%A7%9D%EC%9A%B0%EB%8F%99-%EC%99%B8%EB%B2%BD%EB%8F%84%EC%83%89"
"신내동 외벽방수","외벽방수","https://sinbiroo.co.kr/?k=%EC%8B%A0%EB%82%B4%EB%8F%99-%EC%99%B8%EB%B2%BD%EB%B0%A9%EC%88%98"
"신내동 옥상방수","옥상방수","https://sinbiroo.co.kr/?k=%EC%8B%A0%EB%82%B4%EB%8F%99-%EC%98%A5%EC%83%81%EB%B0%A9%EC%88%98"
"신내동 건물방수","건물방수","https://sinbiroo.co.kr/?k=%EC%8B%A0%EB%82%B4%EB%8F%99-%EA%B1%B4%EB%AC%BC%EB%B0%A9%EC%88%98"
"신내동 외벽도색","외벽도색","https://sinbiroo.co.kr/?k=%EC%8B%A0%EB%82%B4%EB%8F%99-%EC%99%B8%EB%B2%BD%EB%8F%84%EC%83%89"
"노원구 외벽방수","외벽방수","https://sinbiroo.co.kr/?k=%EB%85%B8%EC%9B%90%EA%B5%AC-%EC%99%B8%EB%B2%BD%EB%B0%A9%EC%88%98"
"노원구 옥상방수","옥상방수","https://sinbiroo.co.kr/?k=%EB%85%B8%EC%9B%90%EA%B5%AC-%EC%98%A5%EC%83%81%EB%B0%A9%EC%88%98"
"노원구 건물방수","건물방수","https://sinbiroo.co.kr/?k=%EB%85%B8%EC%9B%90%EA%B5%AC-%EA%B1%B4%EB%AC%BC%EB%B0%A9%EC%88%98"
"노원구 외벽도색","외벽도색","https://sinbiroo.co.kr/?k=%EB%85%B8%EC%9B%90%EA%B5%AC-%EC%99%B8%EB%B2%BD%EB%8F%84%EC%83%89"
"월계동 외벽방수","외벽방수","https://sinbiroo.co.kr/?k=%EC%9B%94%EA%B3%84%EB%8F%99-%EC%99%B8%EB%B2%BD%EB%B0%A9%EC%88%98"
"월계동 옥상방수","옥상방수","https://sinbiroo.co.kr/?k=%EC%9B%94%EA%B3%84%EB%8F%99-%EC%98%A5%EC%83%81%EB%B0%A9%EC%88%98"
"월계동 건물방수","건물방수","https://sinbiroo.co.kr/?k=%EC%9B%94%EA%B3%84%EB%8F%99-%EA%B1%B4%EB%AC%BC%EB%B0%A9%EC%88%98"
"월계동 외벽도색","외벽도색","https://sinbiroo.co.kr/?k=%EC%9B%94%EA%B3%84%EB%8F%99-%EC%99%B8%EB%B2%BD%EB%8F%84%EC%83%89"
"공릉동 외벽방수","외벽방수","https://sinbiroo.co.kr/?k=%EA%B3%B5%EB%A6%89%EB%8F%99-%EC%99%B8%EB%B2%BD%EB%B0%A9%EC%88%98"
"공릉동 옥상방수","옥상방수","https://sinbiroo.co.kr/?k=%EA%B3%B5%EB%A6%89%EB%8F%99-%EC%98%A5%EC%83%81%EB%B0%A9%EC%88%98"
"공릉동 건물방수","건물방수","https://sinbiroo.co.kr/?k=%EA%B3%B5%EB%A6%89%EB%8F%99-%EA%B1%B4%EB%AC%BC%EB%B0%A9%EC%88%98"
"공릉동 외벽도색","외벽도색","https://sinbiroo.co.kr/?k=%EA%B3%B5%EB%A6%89%EB%8F%99-%EC%99%B8%EB%B2%BD%EB%8F%84%EC%83%89"
"하계동 외벽방수","외벽방수","https://sinbiroo.co.kr/?k=%ED%95%98%EA%B3%84%EB%8F%99-%EC%99%B8%EB%B2%BD%EB%B0%A9%EC%88%98"
"하계동 옥상방수","옥상방수","https://sinbiroo.co.kr/?k=%ED%95%98%EA%B3%84%EB%8F%99-%EC%98%A5%EC%83%81%EB%B0%A9%EC%88%98"
"하계동 건물방수","건물방수","https://sinbiroo.co.kr/?k=%ED%95%98%EA%B3%84%EB%8F%99-%EA%B1%B4%EB%AC%BC%EB%B0%A9%EC%88%98"
"하계동 외벽도색","외벽도색","https://sinbiroo.co.kr/?k=%ED%95%98%EA%B3%84%EB%8F%99-%EC%99%B8%EB%B2%BD%EB%8F%84%EC%83%89"
"중계동 외벽방수","외벽방수","https://sinbiroo.co.kr/?k=%EC%A4%91%EA%B3%84%EB%8F%99-%EC%99%B8%EB%B2%BD%EB%B0%A9%EC%88%98"
"중계동 옥상방수","옥상방수","https://sinbiroo.co.kr/?k=%EC%A4%91%EA%B3%84%EB%8F%99-%EC%98%A5%EC%83%81%EB%B0%A9%EC%88%98"
"중계동 건물방수","건물방수","https://sinbiroo.co.kr/?k=%EC%A4%91%EA%B3%84%EB%8F%99-%EA%B1%B4%EB%AC%BC%EB%B0%A9%EC%88%98"
"중계동 외벽도색","외벽도색","https://sinbiroo.co.kr/?k=%EC%A4%91%EA%B3%84%EB%8F%99-%EC%99%B8%EB%B2%BD%EB%8F%84%EC%83%89"
"상계동 외벽방수","외벽방수","https://sinbiroo.co.kr/?k=%EC%83%81%EA%B3%84%EB%8F%99-%EC%99%B8%EB%B2%BD%EB%B0%A9%EC%88%98"
"상계동 옥상방수","옥상방수","https://sinbiroo.co.kr/?k=%EC%83%81%EA%B3%84%EB%8F%99-%EC%98%A5%EC%83%81%EB%B0%A9%EC%88%98"
"상계동 건물방수","건물방수","https://sinbiroo.co.kr/?k=%EC%83%81%EA%B3%84%EB%8F%99-%EA%B1%B4%EB%AC%BC%EB%B0%A9%EC%88%98"
"상계동 외벽도색","외벽도색","https://sinbiroo.co.kr/?k=%EC%83%81%EA%B3%84%EB%8F%99-%EC%99%B8%EB%B2%BD%EB%8F%84%EC%83%89"
"강북구 외벽방수","외벽방수","https://sinbiroo.co.kr/?k=%EA%B0%95%EB%B6%81%EA%B5%AC-%EC%99%B8%EB%B2%BD%EB%B0%A9%EC%88%98"
"강북구 옥상방수","옥상방수","https://sinbiroo.co.kr/?k=%EA%B0%95%EB%B6%81%EA%B5%AC-%EC%98%A5%EC%83%81%EB%B0%A9%EC%88%98"
"강북구 건물방수","건물방수","https://sinbiroo.co.kr/?k=%EA%B0%95%EB%B6%81%EA%B5%AC-%EA%B1%B4%EB%AC%BC%EB%B0%A9%EC%88%98"
"강북구 외벽도색","외벽도색","https://sinbiroo.co.kr/?k=%EA%B0%95%EB%B6%81%EA%B5%AC-%EC%99%B8%EB%B2%BD%EB%8F%84%EC%83%89"
"삼양동 외벽방수","외벽방수","https://sinbiroo.co.kr/?k=%EC%82%BC%EC%96%91%EB%8F%99-%EC%99%B8%EB%B2%BD%EB%B0%A9%EC%88%98"
"삼양동 옥상방수","옥상방수","https://sinbiroo.co.kr/?k=%EC%82%BC%EC%96%91%EB%8F%99-%EC%98%A5%EC%83%81%EB%B0%A9%EC%88%98"
"삼양동 건물방수","건물방수","https://sinbiroo.co.kr/?k=%EC%82%BC%EC%96%91%EB%8F%99-%EA%B1%B4%EB%AC%BC%EB%B0%A9%EC%88%98"
"삼양동 외벽도색","외벽도색","https://sinbiroo.co.kr/?k=%EC%82%BC%EC%96%91%EB%8F%99-%EC%99%B8%EB%B2%BD%EB%8F%84%EC%83%89"
"미아동 외벽방수","외벽방수","https://sinbiroo.co.kr/?k=%EB%AF%B8%EC%95%84%EB%8F%99-%EC%99%B8%EB%B2%BD%EB%B0%A9%EC%88%98"
"미아동 옥상방수","옥상방수","https://sinbiroo.co.kr/?k=%EB%AF%B8%EC%95%84%EB%8F%99-%EC%98%A5%EC%83%81%EB%B0%A9%EC%88%98"
"미아동 건물방수","건물방수","https://sinbiroo.co.kr/?k=%EB%AF%B8%EC%95%84%EB%8F%99-%EA%B1%B4%EB%AC%BC%EB%B0%A9%EC%88%98"
"미아동 외벽도색","외벽도색","https://sinbiroo.co.kr/?k=%EB%AF%B8%EC%95%84%EB%8F%99-%EC%99%B8%EB%B2%BD%EB%8F%84%EC%83%89"
"송중동 외벽방수","외벽방수","https://sinbiroo.co.kr/?k=%EC%86%A1%EC%A4%91%EB%8F%99-%EC%99%B8%EB%B2%BD%EB%B0%A9%EC%88%98"
"송중동 옥상방수","옥상방수","https://sinbiroo.co.kr/?k=%EC%86%A1%EC%A4%91%EB%8F%99-%EC%98%A5%EC%83%81%EB%B0%A9%EC%88%98"
"송중동 건물방수","건물방수","https://sinbiroo.co.kr/?k=%EC%86%A1%EC%A4%91%EB%8F%99-%EA%B1%B4%EB%AC%BC%EB%B0%A9%EC%88%98"
"송중동 외벽도색","외벽도색","https://sinbiroo.co.kr/?k=%EC%86%A1%EC%A4%91%EB%8F%99-%EC%99%B8%EB%B2%BD%EB%8F%84%EC%83%89"
"송천동 외벽방수","외벽방수","https://sinbiroo.co.kr/?k=%EC%86%A1%EC%B2%9C%EB%8F%99-%EC%99%B8%EB%B2%BD%EB%B0%A9%EC%88%98"
"송천동 옥상방수","옥상방수","https://sinbiroo.co.kr/?k=%EC%86%A1%EC%B2%9C%EB%8F%99-%EC%98%A5%EC%83%81%EB%B0%A9%EC%88%98"
"송천동 건물방수","건물방수","https://sinbiroo.co.kr/?k=%EC%86%A1%EC%B2%9C%EB%8F%99-%EA%B1%B4%EB%AC%BC%EB%B0%A9%EC%88%98"
"송천동 외벽도색","외벽도색","https://sinbiroo.co.kr/?k=%EC%86%A1%EC%B2%9C%EB%8F%99-%EC%99%B8%EB%B2%BD%EB%8F%84%EC%83%89"
"삼각산동 외벽방수","외벽방수","https://sinbiroo.co.kr/?k=%EC%82%BC%EA%B0%81%EC%82%B0%EB%8F%99-%EC%99%B8%EB%B2%BD%EB%B0%A9%EC%88%98"
"삼각산동 옥상방수","옥상방수","https://sinbiroo.co.kr/?k=%EC%82%BC%EA%B0%81%EC%82%B0%EB%8F%99-%EC%98%A5%EC%83%81%EB%B0%A9%EC%88%98"
"삼각산동 건물방수","건물방수","https://sinbiroo.co.kr/?k=%EC%82%BC%EA%B0%81%EC%82%B0%EB%8F%99-%EA%B1%B4%EB%AC%BC%EB%B0%A9%EC%88%98"
"삼각산동 외벽도색","외벽도색","https://sinbiroo.co.kr/?k=%EC%82%BC%EA%B0%81%EC%82%B0%EB%8F%99-%EC%99%B8%EB%B2%BD%EB%8F%84%EC%83%89"
"번동 외벽방수","외벽방수","https://sinbiroo.co.kr/?k=%EB%B2%88%EB%8F%99-%EC%99%B8%EB%B2%BD%EB%B0%A9%EC%88%98"
"번동 옥상방수","옥상방수","https://sinbiroo.co.kr/?k=%EB%B2%88%EB%8F%99-%EC%98%A5%EC%83%81%EB%B0%A9%EC%88%98"
"번동 건물방수","건물방수","https://sinbiroo.co.kr/?k=%EB%B2%88%EB%8F%99-%EA%B1%B4%EB%AC%BC%EB%B0%A9%EC%88%98"
"번동 외벽도색","외벽도색","https://sinbiroo.co.kr/?k=%EB%B2%88%EB%8F%99-%EC%99%B8%EB%B2%BD%EB%8F%84%EC%83%89"
"수유동 외벽방수","외벽방수","https://sinbiroo.co.kr/?k=%EC%88%98%EC%9C%A0%EB%8F%99-%EC%99%B8%EB%B2%BD%EB%B0%A9%EC%88%98"
"수유동 옥상방수","옥상방수","https://sinbiroo.co.kr/?k=%EC%88%98%EC%9C%A0%EB%8F%99-%EC%98%A5%EC%83%81%EB%B0%A9%EC%88%98"
"수유동 건물방수","건물방수","https://sinbiroo.co.kr/?k=%EC%88%98%EC%9C%A0%EB%8F%99-%EA%B1%B4%EB%AC%BC%EB%B0%A9%EC%88%98"
"수유동 외벽도색","외벽도색","https://sinbiroo.co.kr/?k=%EC%88%98%EC%9C%A0%EB%8F%99-%EC%99%B8%EB%B2%BD%EB%8F%84%EC%83%89"
"우이동 외벽방수","외벽방수","https://sinbiroo.co.kr/?k=%EC%9A%B0%EC%9D%B4%EB%8F%99-%EC%99%B8%EB%B2%BD%EB%B0%A9%EC%88%98"
"우이동 옥상방수","옥상방수","https://sinbiroo.co.kr/?k=%EC%9A%B0%EC%9D%B4%EB%8F%99-%EC%98%A5%EC%83%81%EB%B0%A9%EC%88%98"
"우이동 건물방수","건물방수","https://sinbiroo.co.kr/?k=%EC%9A%B0%EC%9D%B4%EB%8F%99-%EA%B1%B4%EB%AC%BC%EB%B0%A9%EC%88%98"
"우이동 외벽도색","외벽도색","https://sinbiroo.co.kr/?k=%EC%9A%B0%EC%9D%B4%EB%8F%99-%EC%99%B8%EB%B2%BD%EB%8F%84%EC%83%89"
"인수동 외벽방수","외벽방수","https://sinbiroo.co.kr/?k=%EC%9D%B8%EC%88%98%EB%8F%99-%EC%99%B8%EB%B2%BD%EB%B0%A9%EC%88%98"
"인수동 옥상방수","옥상방수","https://sinbiroo.co.kr/?k=%EC%9D%B8%EC%88%98%EB%8F%99-%EC%98%A5%EC%83%81%EB%B0%A9%EC%88%98"
"인수동 건물방수","건물방수","https://sinbiroo.co.kr/?k=%EC%9D%B8%EC%88%98%EB%8F%99-%EA%B1%B4%EB%AC%BC%EB%B0%A9%EC%88%98"
"인수동 외벽도색","외벽도색","https://sinbiroo.co.kr/?k=%EC%9D%B8%EC%88%98%EB%8F%99-%EC%99%B8%EB%B2%BD%EB%8F%84%EC%83%89"
"도봉구 외벽방수","외벽방수","https://sinbiroo.co.kr/?k=%EB%8F%84%EB%B4%89%EA%B5%AC-%EC%99%B8%EB%B2%BD%EB%B0%A9%EC%88%98"
"도봉구 옥상방수","옥상방수","https://sinbiroo.co.kr/?k=%EB%8F%84%EB%B4%89%EA%B5%AC-%EC%98%A5%EC%83%81%EB%B0%A9%EC%88%98"
"도봉구 건물방수","건물방수","https://sinbiroo.co.kr/?k=%EB%8F%84%EB%B4%89%EA%B5%AC-%EA%B1%B4%EB%AC%BC%EB%B0%A9%EC%88%98"
"도봉구 외벽도색","외벽도색","https://sinbiroo.co.kr/?k=%EB%8F%84%EB%B4%89%EA%B5%AC-%EC%99%B8%EB%B2%BD%EB%8F%84%EC%83%89"
"쌍문동 외벽방수","외벽방수","https://sinbiroo.co.kr/?k=%EC%8C%8D%EB%AC%B8%EB%8F%99-%EC%99%B8%EB%B2%BD%EB%B0%A9%EC%88%98"
"쌍문동 옥상방수","옥상방수","https://sinbiroo.co.kr/?k=%EC%8C%8D%EB%AC%B8%EB%8F%99-%EC%98%A5%EC%83%81%EB%B0%A9%EC%88%98"
"쌍문동 건물방수","건물방수","https://sinbiroo.co.kr/?k=%EC%8C%8D%EB%AC%B8%EB%8F%99-%EA%B1%B4%EB%AC%BC%EB%B0%A9%EC%88%98"
"쌍문동 외벽도색","외벽도색","https://sinbiroo.co.kr/?k=%EC%8C%8D%EB%AC%B8%EB%8F%99-%EC%99%B8%EB%B2%BD%EB%8F%84%EC%83%89"
"방학동 외벽방수","외벽방수","https://sinbiroo.co.kr/?k=%EB%B0%A9%ED%95%99%EB%8F%99-%EC%99%B8%EB%B2%BD%EB%B0%A9%EC%88%98"
"방학동 옥상방수","옥상방수","https://sinbiroo.co.kr/?k=%EB%B0%A9%ED%95%99%EB%8F%99-%EC%98%A5%EC%83%81%EB%B0%A9%EC%88%98"
"방학동 건물방수","건물방수","https://sinbiroo.co.kr/?k=%EB%B0%A9%ED%95%99%EB%8F%99-%EA%B1%B4%EB%AC%BC%EB%B0%A9%EC%88%98"
"방학동 외벽도색","외벽도색","https://sinbiroo.co.kr/?k=%EB%B0%A9%ED%95%99%EB%8F%99-%EC%99%B8%EB%B2%BD%EB%8F%84%EC%83%89"
"창동 외벽방수","외벽방수","https://sinbiroo.co.kr/?k=%EC%B0%BD%EB%8F%99-%EC%99%B8%EB%B2%BD%EB%B0%A9%EC%88%98"
"창동 옥상방수","옥상방수","https://sinbiroo.co.kr/?k=%EC%B0%BD%EB%8F%99-%EC%98%A5%EC%83%81%EB%B0%A9%EC%88%98"
"창동 건물방수","건물방수","https://sinbiroo.co.kr/?k=%EC%B0%BD%EB%8F%99-%EA%B1%B4%EB%AC%BC%EB%B0%A9%EC%88%98"
"창동 외벽도색","외벽도색","https://sinbiroo.co.kr/?k=%EC%B0%BD%EB%8F%99-%EC%99%B8%EB%B2%BD%EB%8F%84%EC%83%89"
"도봉동 외벽방수","외벽방수","https://sinbiroo.co.kr/?k=%EB%8F%84%EB%B4%89%EB%8F%99-%EC%99%B8%EB%B2%BD%EB%B0%A9%EC%88%98"
"도봉동 옥상방수","옥상방수","https://sinbiroo.co.kr/?k=%EB%8F%84%EB%B4%89%EB%8F%99-%EC%98%A5%EC%83%81%EB%B0%A9%EC%88%98"
"도봉동 건물방수","건물방수","https://sinbiroo.co.kr/?k=%EB%8F%84%EB%B4%89%EB%8F%99-%EA%B1%B4%EB%AC%BC%EB%B0%A9%EC%88%98"
"도봉동 외벽도색","외벽도색","https://sinbiroo.co.kr/?k=%EB%8F%84%EB%B4%89%EB%8F%99-%EC%99%B8%EB%B2%BD%EB%8F%84%EC%83%89"
"김포 외벽방수","외벽방수","https://sinbiroo.co.kr/?k=%EA%B9%80%ED%8F%AC-%EC%99%B8%EB%B2%BD%EB%B0%A9%EC%88%98"
"김포 옥상방수","옥상방수","https://sinbiroo.co.kr/?k=%EA%B9%80%ED%8F%AC-%EC%98%A5%EC%83%81%EB%B0%A9%EC%88%98"
"김포 건물방수","건물방수","https://sinbiroo.co.kr/?k=%EA%B9%80%ED%8F%AC-%EA%B1%B4%EB%AC%BC%EB%B0%A9%EC%88%98"
"김포 외벽도색","외벽도색","https://sinbiroo.co.kr/?k=%EA%B9%80%ED%8F%AC-%EC%99%B8%EB%B2%BD%EB%8F%84%EC%83%89"
"김포본동 외벽방수","외벽방수","https://sinbiroo.co.kr/?k=%EA%B9%80%ED%8F%AC%EB%B3%B8%EB%8F%99-%EC%99%B8%EB%B2%BD%EB%B0%A9%EC%88%98"
"김포본동 옥상방수","옥상방수","https://sinbiroo.co.kr/?k=%EA%B9%80%ED%8F%AC%EB%B3%B8%EB%8F%99-%EC%98%A5%EC%83%81%EB%B0%A9%EC%88%98"
"김포본동 건물방수","건물방수","https://sinbiroo.co.kr/?k=%EA%B9%80%ED%8F%AC%EB%B3%B8%EB%8F%99-%EA%B1%B4%EB%AC%BC%EB%B0%A9%EC%88%98"
"김포본동 외벽도색","외벽도색","https://sinbiroo.co.kr/?k=%EA%B9%80%ED%8F%AC%EB%B3%B8%EB%8F%99-%EC%99%B8%EB%B2%BD%EB%8F%84%EC%83%89"
"장기본동 외벽방수","외벽방수","https://sinbiroo.co.kr/?k=%EC%9E%A5%EA%B8%B0%EB%B3%B8%EB%8F%99-%EC%99%B8%EB%B2%BD%EB%B0%A9%EC%88%98"
"장기본동 옥상방수","옥상방수","https://sinbiroo.co.kr/?k=%EC%9E%A5%EA%B8%B0%EB%B3%B8%EB%8F%99-%EC%98%A5%EC%83%81%EB%B0%A9%EC%88%98"
"장기본동 건물방수","건물방수","https://sinbiroo.co.kr/?k=%EC%9E%A5%EA%B8%B0%EB%B3%B8%EB%8F%99-%EA%B1%B4%EB%AC%BC%EB%B0%A9%EC%88%98"
"장기본동 외벽도색","외벽도색","https://sinbiroo.co.kr/?k=%EC%9E%A5%EA%B8%B0%EB%B3%B8%EB%8F%99-%EC%99%B8%EB%B2%BD%EB%8F%84%EC%83%89"
"사우동 외벽방수","외벽방수","https://sinbiroo.co.kr/?k=%EC%82%AC%EC%9A%B0%EB%8F%99-%EC%99%B8%EB%B2%BD%EB%B0%A9%EC%88%98"
"사우동 옥상방수","옥상방수","https://sinbiroo.co.kr/?k=%EC%82%AC%EC%9A%B0%EB%8F%99-%EC%98%A5%EC%83%81%EB%B0%A9%EC%88%98"
"사우동 건물방수","건물방수","https://sinbiroo.co.kr/?k=%EC%82%AC%EC%9A%B0%EB%8F%99-%EA%B1%B4%EB%AC%BC%EB%B0%A9%EC%88%98"
"사우동 외벽도색","외벽도색","https://sinbiroo.co.kr/?k=%EC%82%AC%EC%9A%B0%EB%8F%99-%EC%99%B8%EB%B2%BD%EB%8F%84%EC%83%89"
"풍무동 외벽방수","외벽방수","https://sinbiroo.co.kr/?k=%ED%92%8D%EB%AC%B4%EB%8F%99-%EC%99%B8%EB%B2%BD%EB%B0%A9%EC%88%98"
"풍무동 옥상방수","옥상방수","https://sinbiroo.co.kr/?k=%ED%92%8D%EB%AC%B4%EB%8F%99-%EC%98%A5%EC%83%81%EB%B0%A9%EC%88%98"
"풍무동 건물방수","건물방수","https://sinbiroo.co.kr/?k=%ED%92%8D%EB%AC%B4%EB%8F%99-%EA%B1%B4%EB%AC%BC%EB%B0%A9%EC%88%98"
"풍무동 외벽도색","외벽도색","https://sinbiroo.co.kr/?k=%ED%92%8D%EB%AC%B4%EB%8F%99-%EC%99%B8%EB%B2%BD%EB%8F%84%EC%83%89"
"장기동 외벽방수","외벽방수","https://sinbiroo.co.kr/?k=%EC%9E%A5%EA%B8%B0%EB%8F%99-%EC%99%B8%EB%B2%BD%EB%B0%A9%EC%88%98"
"장기동 옥상방수","옥상방수","https://sinbiroo.co.kr/?k=%EC%9E%A5%EA%B8%B0%EB%8F%99-%EC%98%A5%EC%83%81%EB%B0%A9%EC%88%98"
"장기동 건물방수","건물방수","https://sinbiroo.co.kr/?k=%EC%9E%A5%EA%B8%B0%EB%8F%99-%EA%B1%B4%EB%AC%BC%EB%B0%A9%EC%88%98"
"장기동 외벽도색","외벽도색","https://sinbiroo.co.kr/?k=%EC%9E%A5%EA%B8%B0%EB%8F%99-%EC%99%B8%EB%B2%BD%EB%8F%84%EC%83%89"
"구래동 외벽방수","외벽방수","https://sinbiroo.co.kr/?k=%EA%B5%AC%EB%9E%98%EB%8F%99-%EC%99%B8%EB%B2%BD%EB%B0%A9%EC%88%98"
"구래동 옥상방수","옥상방수","https://sinbiroo.co.kr/?k=%EA%B5%AC%EB%9E%98%EB%8F%99-%EC%98%A5%EC%83%81%EB%B0%A9%EC%88%98"
"구래동 건물방수","건물방수","https://sinbiroo.co.kr/?k=%EA%B5%AC%EB%9E%98%EB%8F%99-%EA%B1%B4%EB%AC%BC%EB%B0%A9%EC%88%98"
"구래동 외벽도색","외벽도색","https://sinbiroo.co.kr/?k=%EA%B5%AC%EB%9E%98%EB%8F%99-%EC%99%B8%EB%B2%BD%EB%8F%84%EC%83%89"
"마산동 외벽방수","외벽방수","https://sinbiroo.co.kr/?k=%EB%A7%88%EC%82%B0%EB%8F%99-%EC%99%B8%EB%B2%BD%EB%B0%A9%EC%88%98"
"마산동 옥상방수","옥상방수","https://sinbiroo.co.kr/?k=%EB%A7%88%EC%82%B0%EB%8F%99-%EC%98%A5%EC%83%81%EB%B0%A9%EC%88%98"
"마산동 건물방수","건물방수","https://sinbiroo.co.kr/?k=%EB%A7%88%EC%82%B0%EB%8F%99-%EA%B1%B4%EB%AC%BC%EB%B0%A9%EC%88%98"
"마산동 외벽도색","외벽도색","https://sinbiroo.co.kr/?k=%EB%A7%88%EC%82%B0%EB%8F%99-%EC%99%B8%EB%B2%BD%EB%8F%84%EC%83%89"
"운양동 외벽방수","외벽방수","https://sinbiroo.co.kr/?k=%EC%9A%B4%EC%96%91%EB%8F%99-%EC%99%B8%EB%B2%BD%EB%B0%A9%EC%88%98"
"운양동 옥상방수","옥상방수","https://sinbiroo.co.kr/?k=%EC%9A%B4%EC%96%91%EB%8F%99-%EC%98%A5%EC%83%81%EB%B0%A9%EC%88%98"
"운양동 건물방수","건물방수","https://sinbiroo.co.kr/?k=%EC%9A%B4%EC%96%91%EB%8F%99-%EA%B1%B4%EB%AC%BC%EB%B0%A9%EC%88%98"
"운양동 외벽도색","외벽도색","https://sinbiroo.co.kr/?k=%EC%9A%B4%EC%96%91%EB%8F%99-%EC%99%B8%EB%B2%BD%EB%8F%84%EC%83%89"
"부천 외벽방수","외벽방수","https://sinbiroo.co.kr/?k=%EB%B6%80%EC%B2%9C-%EC%99%B8%EB%B2%BD%EB%B0%A9%EC%88%98"
"부천 옥상방수","옥상방수","https://sinbiroo.co.kr/?k=%EB%B6%80%EC%B2%9C-%EC%98%A5%EC%83%81%EB%B0%A9%EC%88%98"
"부천 건물방수","건물방수","https://sinbiroo.co.kr/?k=%EB%B6%80%EC%B2%9C-%EA%B1%B4%EB%AC%BC%EB%B0%A9%EC%88%98"
"부천 외벽도색","외벽도색","https://sinbiroo.co.kr/?k=%EB%B6%80%EC%B2%9C-%EC%99%B8%EB%B2%BD%EB%8F%84%EC%83%89"
"상동 외벽방수","외벽방수","https://sinbiroo.co.kr/?k=%EC%83%81%EB%8F%99-%EC%99%B8%EB%B2%BD%EB%B0%A9%EC%88%98"
"상동 옥상방수","옥상방수","https://sinbiroo.co.kr/?k=%EC%83%81%EB%8F%99-%EC%98%A5%EC%83%81%EB%B0%A9%EC%88%98"
"상동 건물방수","건물방수","https://sinbiroo.co.kr/?k=%EC%83%81%EB%8F%99-%EA%B1%B4%EB%AC%BC%EB%B0%A9%EC%88%98"
"상동 외벽도색","외벽도색","https://sinbiroo.co.kr/?k=%EC%83%81%EB%8F%99-%EC%99%B8%EB%B2%BD%EB%8F%84%EC%83%89"
"약대동 외벽방수","외벽방수","https://sinbiroo.co.kr/?k=%EC%95%BD%EB%8C%80%EB%8F%99-%EC%99%B8%EB%B2%BD%EB%B0%A9%EC%88%98"
"약대동 옥상방수","옥상방수","https://sinbiroo.co.kr/?k=%EC%95%BD%EB%8C%80%EB%8F%99-%EC%98%A5%EC%83%81%EB%B0%A9%EC%88%98"
"약대동 건물방수","건물방수","https://sinbiroo.co.kr/?k=%EC%95%BD%EB%8C%80%EB%8F%99-%EA%B1%B4%EB%AC%BC%EB%B0%A9%EC%88%98"
"약대동 외벽도색","외벽도색","https://sinbiroo.co.kr/?k=%EC%95%BD%EB%8C%80%EB%8F%99-%EC%99%B8%EB%B2%BD%EB%8F%84%EC%83%89"
"중동 외벽방수","외벽방수","https://sinbiroo.co.kr/?k=%EC%A4%91%EB%8F%99-%EC%99%B8%EB%B2%BD%EB%B0%A9%EC%88%98"
"중동 옥상방수","옥상방수","https://sinbiroo.co.kr/?k=%EC%A4%91%EB%8F%99-%EC%98%A5%EC%83%81%EB%B0%A9%EC%88%98"
"중동 건물방수","건물방수","https://sinbiroo.co.kr/?k=%EC%A4%91%EB%8F%99-%EA%B1%B4%EB%AC%BC%EB%B0%A9%EC%88%98"
"중동 외벽도색","외벽도색","https://sinbiroo.co.kr/?k=%EC%A4%91%EB%8F%99-%EC%99%B8%EB%B2%BD%EB%8F%84%EC%83%89"
"심곡동 외벽방수","외벽방수","https://sinbiroo.co.kr/?k=%EC%8B%AC%EA%B3%A1%EB%8F%99-%EC%99%B8%EB%B2%BD%EB%B0%A9%EC%88%98"
"심곡동 옥상방수","옥상방수","https://sinbiroo.co.kr/?k=%EC%8B%AC%EA%B3%A1%EB%8F%99-%EC%98%A5%EC%83%81%EB%B0%A9%EC%88%98"
"심곡동 건물방수","건물방수","https://sinbiroo.co.kr/?k=%EC%8B%AC%EA%B3%A1%EB%8F%99-%EA%B1%B4%EB%AC%BC%EB%B0%A9%EC%88%98"
"심곡동 외벽도색","외벽도색","https://sinbiroo.co.kr/?k=%EC%8B%AC%EA%B3%A1%EB%8F%99-%EC%99%B8%EB%B2%BD%EB%8F%84%EC%83%89"
"원미동 외벽방수","외벽방수","https://sinbiroo.co.kr/?k=%EC%9B%90%EB%AF%B8%EB%8F%99-%EC%99%B8%EB%B2%BD%EB%B0%A9%EC%88%98"
"원미동 옥상방수","옥상방수","https://sinbiroo.co.kr/?k=%EC%9B%90%EB%AF%B8%EB%8F%99-%EC%98%A5%EC%83%81%EB%B0%A9%EC%88%98"
"원미동 건물방수","건물방수","https://sinbiroo.co.kr/?k=%EC%9B%90%EB%AF%B8%EB%8F%99-%EA%B1%B4%EB%AC%BC%EB%B0%A9%EC%88%98"
"원미동 외벽도색","외벽도색","https://sinbiroo.co.kr/?k=%EC%9B%90%EB%AF%B8%EB%8F%99-%EC%99%B8%EB%B2%BD%EB%8F%84%EC%83%89"
"소사동 외벽방수","외벽방수","https://sinbiroo.co.kr/?k=%EC%86%8C%EC%82%AC%EB%8F%99-%EC%99%B8%EB%B2%BD%EB%B0%A9%EC%88%98"
"소사동 옥상방수","옥상방수","https://sinbiroo.co.kr/?k=%EC%86%8C%EC%82%AC%EB%8F%99-%EC%98%A5%EC%83%81%EB%B0%A9%EC%88%98"
"소사동 건물방수","건물방수","https://sinbiroo.co.kr/?k=%EC%86%8C%EC%82%AC%EB%8F%99-%EA%B1%B4%EB%AC%BC%EB%B0%A9%EC%88%98"
"소사동 외벽도색","외벽도색","https://sinbiroo.co.kr/?k=%EC%86%8C%EC%82%AC%EB%8F%99-%EC%99%B8%EB%B2%BD%EB%8F%84%EC%83%89"
"도당동 외벽방수","외벽방수","https://sinbiroo.co.kr/?k=%EB%8F%84%EB%8B%B9%EB%8F%99-%EC%99%B8%EB%B2%BD%EB%B0%A9%EC%88%98"
"도당동 옥상방수","옥상방수","https://sinbiroo.co.kr/?k=%EB%8F%84%EB%8B%B9%EB%8F%99-%EC%98%A5%EC%83%81%EB%B0%A9%EC%88%98"
"도당동 건물방수","건물방수","https://sinbiroo.co.kr/?k=%EB%8F%84%EB%8B%B9%EB%8F%99-%EA%B1%B4%EB%AC%BC%EB%B0%A9%EC%88%98"
"도당동 외벽도색","외벽도색","https://sinbiroo.co.kr/?k=%EB%8F%84%EB%8B%B9%EB%8F%99-%EC%99%B8%EB%B2%BD%EB%8F%84%EC%83%89"
"춘의동 외벽방수","외벽방수","https://sinbiroo.co.kr/?k=%EC%B6%98%EC%9D%98%EB%8F%99-%EC%99%B8%EB%B2%BD%EB%B0%A9%EC%88%98"
"춘의동 옥상방수","옥상방수","https://sinbiroo.co.kr/?k=%EC%B6%98%EC%9D%98%EB%8F%99-%EC%98%A5%EC%83%81%EB%B0%A9%EC%88%98"
"춘의동 건물방수","건물방수","https://sinbiroo.co.kr/?k=%EC%B6%98%EC%9D%98%EB%8F%99-%EA%B1%B4%EB%AC%BC%EB%B0%A9%EC%88%98"
"춘의동 외벽도색","외벽도색","https://sinbiroo.co.kr/?k=%EC%B6%98%EC%9D%98%EB%8F%99-%EC%99%B8%EB%B2%BD%EB%8F%84%EC%83%89"
"역곡동 외벽방수","외벽방수","https://sinbiroo.co.kr/?k=%EC%97%AD%EA%B3%A1%EB%8F%99-%EC%99%B8%EB%B2%BD%EB%B0%A9%EC%88%98"
"역곡동 옥상방수","옥상방수","https://sinbiroo.co.kr/?k=%EC%97%AD%EA%B3%A1%EB%8F%99-%EC%98%A5%EC%83%81%EB%B0%A9%EC%88%98"
"역곡동 건물방수","건물방수","https://sinbiroo.co.kr/?k=%EC%97%AD%EA%B3%A1%EB%8F%99-%EA%B1%B4%EB%AC%BC%EB%B0%A9%EC%88%98"
"역곡동 외벽도색","외벽도색","https://sinbiroo.co.kr/?k=%EC%97%AD%EA%B3%A1%EB%8F%99-%EC%99%B8%EB%B2%BD%EB%8F%84%EC%83%89"
"송내동 외벽방수","외벽방수","https://sinbiroo.co.kr/?k=%EC%86%A1%EB%82%B4%EB%8F%99-%EC%99%B8%EB%B2%BD%EB%B0%A9%EC%88%98"
"송내동 옥상방수","옥상방수","https://sinbiroo.co.kr/?k=%EC%86%A1%EB%82%B4%EB%8F%99-%EC%98%A5%EC%83%81%EB%B0%A9%EC%88%98"
"송내동 건물방수","건물방수","https://sinbiroo.co.kr/?k=%EC%86%A1%EB%82%B4%EB%8F%99-%EA%B1%B4%EB%AC%BC%EB%B0%A9%EC%88%98"
"송내동 외벽도색","외벽도색","https://sinbiroo.co.kr/?k=%EC%86%A1%EB%82%B4%EB%8F%99-%EC%99%B8%EB%B2%BD%EB%8F%84%EC%83%89"
"심곡본동 외벽방수","외벽방수","https://sinbiroo.co.kr/?k=%EC%8B%AC%EA%B3%A1%EB%B3%B8%EB%8F%99-%EC%99%B8%EB%B2%BD%EB%B0%A9%EC%88%98"
"심곡본동 옥상방수","옥상방수","https://sinbiroo.co.kr/?k=%EC%8B%AC%EA%B3%A1%EB%B3%B8%EB%8F%99-%EC%98%A5%EC%83%81%EB%B0%A9%EC%88%98"
"심곡본동 건물방수","건물방수","https://sinbiroo.co.kr/?k=%EC%8B%AC%EA%B3%A1%EB%B3%B8%EB%8F%99-%EA%B1%B4%EB%AC%BC%EB%B0%A9%EC%88%98"
"심곡본동 외벽도색","외벽도색","https://sinbiroo.co.kr/?k=%EC%8B%AC%EA%B3%A1%EB%B3%B8%EB%8F%99-%EC%99%B8%EB%B2%BD%EB%8F%84%EC%83%89"
"소사본동 외벽방수","외벽방수","https://sinbiroo.co.kr/?k=%EC%86%8C%EC%82%AC%EB%B3%B8%EB%8F%99-%EC%99%B8%EB%B2%BD%EB%B0%A9%EC%88%98"
"소사본동 옥상방수","옥상방수","https://sinbiroo.co.kr/?k=%EC%86%8C%EC%82%AC%EB%B3%B8%EB%8F%99-%EC%98%A5%EC%83%81%EB%B0%A9%EC%88%98"
"소사본동 건물방수","건물방수","https://sinbiroo.co.kr/?k=%EC%86%8C%EC%82%AC%EB%B3%B8%EB%8F%99-%EA%B1%B4%EB%AC%BC%EB%B0%A9%EC%88%98"
"소사본동 외벽도색","외벽도색","https://sinbiroo.co.kr/?k=%EC%86%8C%EC%82%AC%EB%B3%B8%EB%8F%99-%EC%99%B8%EB%B2%BD%EB%8F%84%EC%83%89"
"괴안동 외벽방수","외벽방수","https://sinbiroo.co.kr/?k=%EA%B4%B4%EC%95%88%EB%8F%99-%EC%99%B8%EB%B2%BD%EB%B0%A9%EC%88%98"
"괴안동 옥상방수","옥상방수","https://sinbiroo.co.kr/?k=%EA%B4%B4%EC%95%88%EB%8F%99-%EC%98%A5%EC%83%81%EB%B0%A9%EC%88%98"
"괴안동 건물방수","건물방수","https://sinbiroo.co.kr/?k=%EA%B4%B4%EC%95%88%EB%8F%99-%EA%B1%B4%EB%AC%BC%EB%B0%A9%EC%88%98"
"괴안동 외벽도색","외벽도색","https://sinbiroo.co.kr/?k=%EA%B4%B4%EC%95%88%EB%8F%99-%EC%99%B8%EB%B2%BD%EB%8F%84%EC%83%89"
"범박동 외벽방수","외벽방수","https://sinbiroo.co.kr/?k=%EB%B2%94%EB%B0%95%EB%8F%99-%EC%99%B8%EB%B2%BD%EB%B0%A9%EC%88%98"
"범박동 옥상방수","옥상방수","https://sinbiroo.co.kr/?k=%EB%B2%94%EB%B0%95%EB%8F%99-%EC%98%A5%EC%83%81%EB%B0%A9%EC%88%98"
"범박동 건물방수","건물방수","https://sinbiroo.co.kr/?k=%EB%B2%94%EB%B0%95%EB%8F%99-%EA%B1%B4%EB%AC%BC%EB%B0%A9%EC%88%98"
"범박동 외벽도색","외벽도색","https://sinbiroo.co.kr/?k=%EB%B2%94%EB%B0%95%EB%8F%99-%EC%99%B8%EB%B2%BD%EB%8F%84%EC%83%89"
"옥길동 외벽방수","외벽방수","https://sinbiroo.co.kr/?k=%EC%98%A5%EA%B8%B8%EB%8F%99-%EC%99%B8%EB%B2%BD%EB%B0%A9%EC%88%98"
"옥길동 옥상방수","옥상방수","https://sinbiroo.co.kr/?k=%EC%98%A5%EA%B8%B8%EB%8F%99-%EC%98%A5%EC%83%81%EB%B0%A9%EC%88%98"
"옥길동 건물방수","건물방수","https://sinbiroo.co.kr/?k=%EC%98%A5%EA%B8%B8%EB%8F%99-%EA%B1%B4%EB%AC%BC%EB%B0%A9%EC%88%98"
"옥길동 외벽도색","외벽도색","https://sinbiroo.co.kr/?k=%EC%98%A5%EA%B8%B8%EB%8F%99-%EC%99%B8%EB%B2%BD%EB%8F%84%EC%83%89"
"오정동 외벽방수","외벽방수","https://sinbiroo.co.kr/?k=%EC%98%A4%EC%A0%95%EB%8F%99-%EC%99%B8%EB%B2%BD%EB%B0%A9%EC%88%98"
"오정동 옥상방수","옥상방수","https://sinbiroo.co.kr/?k=%EC%98%A4%EC%A0%95%EB%8F%99-%EC%98%A5%EC%83%81%EB%B0%A9%EC%88%98"
"오정동 건물방수","건물방수","https://sinbiroo.co.kr/?k=%EC%98%A4%EC%A0%95%EB%8F%99-%EA%B1%B4%EB%AC%BC%EB%B0%A9%EC%88%98"
"오정동 외벽도색","외벽도색","https://sinbiroo.co.kr/?k=%EC%98%A4%EC%A0%95%EB%8F%99-%EC%99%B8%EB%B2%BD%EB%8F%84%EC%83%89"
"신흥동 외벽방수","외벽방수","https://sinbiroo.co.kr/?k=%EC%8B%A0%ED%9D%A5%EB%8F%99-%EC%99%B8%EB%B2%BD%EB%B0%A9%EC%88%98"
"신흥동 옥상방수","옥상방수","https://sinbiroo.co.kr/?k=%EC%8B%A0%ED%9D%A5%EB%8F%99-%EC%98%A5%EC%83%81%EB%B0%A9%EC%88%98"
"신흥동 건물방수","건물방수","https://sinbiroo.co.kr/?k=%EC%8B%A0%ED%9D%A5%EB%8F%99-%EA%B1%B4%EB%AC%BC%EB%B0%A9%EC%88%98"
"신흥동 외벽도색","외벽도색","https://sinbiroo.co.kr/?k=%EC%8B%A0%ED%9D%A5%EB%8F%99-%EC%99%B8%EB%B2%BD%EB%8F%84%EC%83%89"
"원종동 외벽방수","외벽방수","https://sinbiroo.co.kr/?k=%EC%9B%90%EC%A2%85%EB%8F%99-%EC%99%B8%EB%B2%BD%EB%B0%A9%EC%88%98"
"원종동 옥상방수","옥상방수","https://sinbiroo.co.kr/?k=%EC%9B%90%EC%A2%85%EB%8F%99-%EC%98%A5%EC%83%81%EB%B0%A9%EC%88%98"
"원종동 건물방수","건물방수","https://sinbiroo.co.kr/?k=%EC%9B%90%EC%A2%85%EB%8F%99-%EA%B1%B4%EB%AC%BC%EB%B0%A9%EC%88%98"
"원종동 외벽도색","외벽도색","https://sinbiroo.co.kr/?k=%EC%9B%90%EC%A2%85%EB%8F%99-%EC%99%B8%EB%B2%BD%EB%8F%84%EC%83%89"
"고강동 외벽방수","외벽방수","https://sinbiroo.co.kr/?k=%EA%B3%A0%EA%B0%95%EB%8F%99-%EC%99%B8%EB%B2%BD%EB%B0%A9%EC%88%98"
"고강동 옥상방수","옥상방수","https://sinbiroo.co.kr/?k=%EA%B3%A0%EA%B0%95%EB%8F%99-%EC%98%A5%EC%83%81%EB%B0%A9%EC%88%98"
"고강동 건물방수","건물방수","https://sinbiroo.co.kr/?k=%EA%B3%A0%EA%B0%95%EB%8F%99-%EA%B1%B4%EB%AC%BC%EB%B0%A9%EC%88%98"
"고강동 외벽도색","외벽도색","https://sinbiroo.co.kr/?k=%EA%B3%A0%EA%B0%95%EB%8F%99-%EC%99%B8%EB%B2%BD%EB%8F%84%EC%83%89"
"성곡동 외벽방수","외벽방수","https://sinbiroo.co.kr/?k=%EC%84%B1%EA%B3%A1%EB%8F%99-%EC%99%B8%EB%B2%BD%EB%B0%A9%EC%88%98"
"성곡동 옥상방수","옥상방수","https://sinbiroo.co.kr/?k=%EC%84%B1%EA%B3%A1%EB%8F%99-%EC%98%A5%EC%83%81%EB%B0%A9%EC%88%98"
"성곡동 건물방수","건물방수","https://sinbiroo.co.kr/?k=%EC%84%B1%EA%B3%A1%EB%8F%99-%EA%B1%B4%EB%AC%BC%EB%B0%A9%EC%88%98"
"성곡동 외벽도색","외벽도색","https://sinbiroo.co.kr/?k=%EC%84%B1%EA%B3%A1%EB%8F%99-%EC%99%B8%EB%B2%BD%EB%8F%84%EC%83%89"
"부평 외벽방수","외벽방수","https://sinbiroo.co.kr/?k=%EB%B6%80%ED%8F%89-%EC%99%B8%EB%B2%BD%EB%B0%A9%EC%88%98"
"부평 옥상방수","옥상방수","https://sinbiroo.co.kr/?k=%EB%B6%80%ED%8F%89-%EC%98%A5%EC%83%81%EB%B0%A9%EC%88%98"
"부평 건물방수","건물방수","https://sinbiroo.co.kr/?k=%EB%B6%80%ED%8F%89-%EA%B1%B4%EB%AC%BC%EB%B0%A9%EC%88%98"
"부평 외벽도색","외벽도색","https://sinbiroo.co.kr/?k=%EB%B6%80%ED%8F%89-%EC%99%B8%EB%B2%BD%EB%8F%84%EC%83%89"
"부평동 외벽방수","외벽방수","https://sinbiroo.co.kr/?k=%EB%B6%80%ED%8F%89%EB%8F%99-%EC%99%B8%EB%B2%BD%EB%B0%A9%EC%88%98"
"부평동 옥상방수","옥상방수","https://sinbiroo.co.kr/?k=%EB%B6%80%ED%8F%89%EB%8F%99-%EC%98%A5%EC%83%81%EB%B0%A9%EC%88%98"
"부평동 건물방수","건물방수","https://sinbiroo.co.kr/?k=%EB%B6%80%ED%8F%89%EB%8F%99-%EA%B1%B4%EB%AC%BC%EB%B0%A9%EC%88%98"
"부평동 외벽도색","외벽도색","https://sinbiroo.co.kr/?k=%EB%B6%80%ED%8F%89%EB%8F%99-%EC%99%B8%EB%B2%BD%EB%8F%84%EC%83%89"
"산곡동 외벽방수","외벽방수","https://sinbiroo.co.kr/?k=%EC%82%B0%EA%B3%A1%EB%8F%99-%EC%99%B8%EB%B2%BD%EB%B0%A9%EC%88%98"
"산곡동 옥상방수","옥상방수","https://sinbiroo.co.kr/?k=%EC%82%B0%EA%B3%A1%EB%8F%99-%EC%98%A5%EC%83%81%EB%B0%A9%EC%88%98"
"산곡동 건물방수","건물방수","https://sinbiroo.co.kr/?k=%EC%82%B0%EA%B3%A1%EB%8F%99-%EA%B1%B4%EB%AC%BC%EB%B0%A9%EC%88%98"
"산곡동 외벽도색","외벽도색","https://sinbiroo.co.kr/?k=%EC%82%B0%EA%B3%A1%EB%8F%99-%EC%99%B8%EB%B2%BD%EB%8F%84%EC%83%89"
"청천동 외벽방수","외벽방수","https://sinbiroo.co.kr/?k=%EC%B2%AD%EC%B2%9C%EB%8F%99-%EC%99%B8%EB%B2%BD%EB%B0%A9%EC%88%98"
"청천동 옥상방수","옥상방수","https://sinbiroo.co.kr/?k=%EC%B2%AD%EC%B2%9C%EB%8F%99-%EC%98%A5%EC%83%81%EB%B0%A9%EC%88%98"
"청천동 건물방수","건물방수","https://sinbiroo.co.kr/?k=%EC%B2%AD%EC%B2%9C%EB%8F%99-%EA%B1%B4%EB%AC%BC%EB%B0%A9%EC%88%98"
"청천동 외벽도색","외벽도색","https://sinbiroo.co.kr/?k=%EC%B2%AD%EC%B2%9C%EB%8F%99-%EC%99%B8%EB%B2%BD%EB%8F%84%EC%83%89"
"갈산동 외벽방수","외벽방수","https://sinbiroo.co.kr/?k=%EA%B0%88%EC%82%B0%EB%8F%99-%EC%99%B8%EB%B2%BD%EB%B0%A9%EC%88%98"
"갈산동 옥상방수","옥상방수","https://sinbiroo.co.kr/?k=%EA%B0%88%EC%82%B0%EB%8F%99-%EC%98%A5%EC%83%81%EB%B0%A9%EC%88%98"
"갈산동 건물방수","건물방수","https://sinbiroo.co.kr/?k=%EA%B0%88%EC%82%B0%EB%8F%99-%EA%B1%B4%EB%AC%BC%EB%B0%A9%EC%88%98"
"갈산동 외벽도색","외벽도색","https://sinbiroo.co.kr/?k=%EA%B0%88%EC%82%B0%EB%8F%99-%EC%99%B8%EB%B2%BD%EB%8F%84%EC%83%89"
"삼산동 외벽방수","외벽방수","https://sinbiroo.co.kr/?k=%EC%82%BC%EC%82%B0%EB%8F%99-%EC%99%B8%EB%B2%BD%EB%B0%A9%EC%88%98"
"삼산동 옥상방수","옥상방수","https://sinbiroo.co.kr/?k=%EC%82%BC%EC%82%B0%EB%8F%99-%EC%98%A5%EC%83%81%EB%B0%A9%EC%88%98"
"삼산동 건물방수","건물방수","https://sinbiroo.co.kr/?k=%EC%82%BC%EC%82%B0%EB%8F%99-%EA%B1%B4%EB%AC%BC%EB%B0%A9%EC%88%98"
"삼산동 외벽도색","외벽도색","https://sinbiroo.co.kr/?k=%EC%82%BC%EC%82%B0%EB%8F%99-%EC%99%B8%EB%B2%BD%EB%8F%84%EC%83%89"
"부개동 외벽방수","외벽방수","https://sinbiroo.co.kr/?k=%EB%B6%80%EA%B0%9C%EB%8F%99-%EC%99%B8%EB%B2%BD%EB%B0%A9%EC%88%98"
"부개동 옥상방수","옥상방수","https://sinbiroo.co.kr/?k=%EB%B6%80%EA%B0%9C%EB%8F%99-%EC%98%A5%EC%83%81%EB%B0%A9%EC%88%98"
"부개동 건물방수","건물방수","https://sinbiroo.co.kr/?k=%EB%B6%80%EA%B0%9C%EB%8F%99-%EA%B1%B4%EB%AC%BC%EB%B0%A9%EC%88%98"
"부개동 외벽도색","외벽도색","https://sinbiroo.co.kr/?k=%EB%B6%80%EA%B0%9C%EB%8F%99-%EC%99%B8%EB%B2%BD%EB%8F%84%EC%83%89"
"일신동 외벽방수","외벽방수","https://sinbiroo.co.kr/?k=%EC%9D%BC%EC%8B%A0%EB%8F%99-%EC%99%B8%EB%B2%BD%EB%B0%A9%EC%88%98"
"일신동 옥상방수","옥상방수","https://sinbiroo.co.kr/?k=%EC%9D%BC%EC%8B%A0%EB%8F%99-%EC%98%A5%EC%83%81%EB%B0%A9%EC%88%98"
"일신동 건물방수","건물방수","https://sinbiroo.co.kr/?k=%EC%9D%BC%EC%8B%A0%EB%8F%99-%EA%B1%B4%EB%AC%BC%EB%B0%A9%EC%88%98"
"일신동 외벽도색","외벽도색","https://sinbiroo.co.kr/?k=%EC%9D%BC%EC%8B%A0%EB%8F%99-%EC%99%B8%EB%B2%BD%EB%8F%84%EC%83%89"
"십정동 외벽방수","외벽방수","https://sinbiroo.co.kr/?k=%EC%8B%AD%EC%A0%95%EB%8F%99-%EC%99%B8%EB%B2%BD%EB%B0%A9%EC%88%98"
"십정동 옥상방수","옥상방수","https://sinbiroo.co.kr/?k=%EC%8B%AD%EC%A0%95%EB%8F%99-%EC%98%A5%EC%83%81%EB%B0%A9%EC%88%98"
"십정동 건물방수","건물방수","https://sinbiroo.co.kr/?k=%EC%8B%AD%EC%A0%95%EB%8F%99-%EA%B1%B4%EB%AC%BC%EB%B0%A9%EC%88%98"
"십정동 외벽도색","외벽도색","https://sinbiroo.co.kr/?k=%EC%8B%AD%EC%A0%95%EB%8F%99-%EC%99%B8%EB%B2%BD%EB%8F%84%EC%83%89"
"광명 외벽방수","외벽방수","https://sinbiroo.co.kr/?k=%EA%B4%91%EB%AA%85-%EC%99%B8%EB%B2%BD%EB%B0%A9%EC%88%98"
"광명 옥상방수","옥상방수","https://sinbiroo.co.kr/?k=%EA%B4%91%EB%AA%85-%EC%98%A5%EC%83%81%EB%B0%A9%EC%88%98"
"광명 건물방수","건물방수","https://sinbiroo.co.kr/?k=%EA%B4%91%EB%AA%85-%EA%B1%B4%EB%AC%BC%EB%B0%A9%EC%88%98"
"광명 외벽도색","외벽도색","https://sinbiroo.co.kr/?k=%EA%B4%91%EB%AA%85-%EC%99%B8%EB%B2%BD%EB%8F%84%EC%83%89"
"광명동 외벽방수","외벽방수","https://sinbiroo.co.kr/?k=%EA%B4%91%EB%AA%85%EB%8F%99-%EC%99%B8%EB%B2%BD%EB%B0%A9%EC%88%98"
"광명동 옥상방수","옥상방수","https://sinbiroo.co.kr/?k=%EA%B4%91%EB%AA%85%EB%8F%99-%EC%98%A5%EC%83%81%EB%B0%A9%EC%88%98"
"광명동 건물방수","건물방수","https://sinbiroo.co.kr/?k=%EA%B4%91%EB%AA%85%EB%8F%99-%EA%B1%B4%EB%AC%BC%EB%B0%A9%EC%88%98"
"광명동 외벽도색","외벽도색","https://sinbiroo.co.kr/?k=%EA%B4%91%EB%AA%85%EB%8F%99-%EC%99%B8%EB%B2%BD%EB%8F%84%EC%83%89"
"철산동 외벽방수","외벽방수","https://sinbiroo.co.kr/?k=%EC%B2%A0%EC%82%B0%EB%8F%99-%EC%99%B8%EB%B2%BD%EB%B0%A9%EC%88%98"
"철산동 옥상방수","옥상방수","https://sinbiroo.co.kr/?k=%EC%B2%A0%EC%82%B0%EB%8F%99-%EC%98%A5%EC%83%81%EB%B0%A9%EC%88%98"
"철산동 건물방수","건물방수","https://sinbiroo.co.kr/?k=%EC%B2%A0%EC%82%B0%EB%8F%99-%EA%B1%B4%EB%AC%BC%EB%B0%A9%EC%88%98"
"철산동 외벽도색","외벽도색","https://sinbiroo.co.kr/?k=%EC%B2%A0%EC%82%B0%EB%8F%99-%EC%99%B8%EB%B2%BD%EB%8F%84%EC%83%89"
"하안동 외벽방수","외벽방수","https://sinbiroo.co.kr/?k=%ED%95%98%EC%95%88%EB%8F%99-%EC%99%B8%EB%B2%BD%EB%B0%A9%EC%88%98"
"하안동 옥상방수","옥상방수","https://sinbiroo.co.kr/?k=%ED%95%98%EC%95%88%EB%8F%99-%EC%98%A5%EC%83%81%EB%B0%A9%EC%88%98"
"하안동 건물방수","건물방수","https://sinbiroo.co.kr/?k=%ED%95%98%EC%95%88%EB%8F%99-%EA%B1%B4%EB%AC%BC%EB%B0%A9%EC%88%98"
"하안동 외벽도색","외벽도색","https://sinbiroo.co.kr/?k=%ED%95%98%EC%95%88%EB%8F%99-%EC%99%B8%EB%B2%BD%EB%8F%84%EC%83%89"
"소하동 외벽방수","외벽방수","https://sinbiroo.co.kr/?k=%EC%86%8C%ED%95%98%EB%8F%99-%EC%99%B8%EB%B2%BD%EB%B0%A9%EC%88%98"
"소하동 옥상방수","옥상방수","https://sinbiroo.co.kr/?k=%EC%86%8C%ED%95%98%EB%8F%99-%EC%98%A5%EC%83%81%EB%B0%A9%EC%88%98"
"소하동 건물방수","건물방수","https://sinbiroo.co.kr/?k=%EC%86%8C%ED%95%98%EB%8F%99-%EA%B1%B4%EB%AC%BC%EB%B0%A9%EC%88%98"
"소하동 외벽도색","외벽도색","https://sinbiroo.co.kr/?k=%EC%86%8C%ED%95%98%EB%8F%99-%EC%99%B8%EB%B2%BD%EB%8F%84%EC%83%89"
"일직동 외벽방수","외벽방수","https://sinbiroo.co.kr/?k=%EC%9D%BC%EC%A7%81%EB%8F%99-%EC%99%B8%EB%B2%BD%EB%B0%A9%EC%88%98"
"일직동 옥상방수","옥상방수","https://sinbiroo.co.kr/?k=%EC%9D%BC%EC%A7%81%EB%8F%99-%EC%98%A5%EC%83%81%EB%B0%A9%EC%88%98"
"일직동 건물방수","건물방수","https://sinbiroo.co.kr/?k=%EC%9D%BC%EC%A7%81%EB%8F%99-%EA%B1%B4%EB%AC%BC%EB%B0%A9%EC%88%98"
"일직동 외벽도색","외벽도색","https://sinbiroo.co.kr/?k=%EC%9D%BC%EC%A7%81%EB%8F%99-%EC%99%B8%EB%B2%BD%EB%8F%84%EC%83%89"
"학온동 외벽방수","외벽방수","https://sinbiroo.co.kr/?k=%ED%95%99%EC%98%A8%EB%8F%99-%EC%99%B8%EB%B2%BD%EB%B0%A9%EC%88%98"
"학온동 옥상방수","옥상방수","https://sinbiroo.co.kr/?k=%ED%95%99%EC%98%A8%EB%8F%99-%EC%98%A5%EC%83%81%EB%B0%A9%EC%88%98"
"학온동 건물방수","건물방수","https://sinbiroo.co.kr/?k=%ED%95%99%EC%98%A8%EB%8F%99-%EA%B1%B4%EB%AC%BC%EB%B0%A9%EC%88%98"
"학온동 외벽도색","외벽도색","https://sinbiroo.co.kr/?k=%ED%95%99%EC%98%A8%EB%8F%99-%EC%99%B8%EB%B2%BD%EB%8F%84%EC%83%89"
"성북구 외벽방수","외벽방수","https://sinbiroo.co.kr/?k=%EC%84%B1%EB%B6%81%EA%B5%AC-%EC%99%B8%EB%B2%BD%EB%B0%A9%EC%88%98"
"성북구 옥상방수","옥상방수","https://sinbiroo.co.kr/?k=%EC%84%B1%EB%B6%81%EA%B5%AC-%EC%98%A5%EC%83%81%EB%B0%A9%EC%88%98"
"성북구 건물방수","건물방수","https://sinbiroo.co.kr/?k=%EC%84%B1%EB%B6%81%EA%B5%AC-%EA%B1%B4%EB%AC%BC%EB%B0%A9%EC%88%98"
"성북구 외벽도색","외벽도색","https://sinbiroo.co.kr/?k=%EC%84%B1%EB%B6%81%EA%B5%AC-%EC%99%B8%EB%B2%BD%EB%8F%84%EC%83%89"
"성북동 외벽방수","외벽방수","https://sinbiroo.co.kr/?k=%EC%84%B1%EB%B6%81%EB%8F%99-%EC%99%B8%EB%B2%BD%EB%B0%A9%EC%88%98"
"성북동 옥상방수","옥상방수","https://sinbiroo.co.kr/?k=%EC%84%B1%EB%B6%81%EB%8F%99-%EC%98%A5%EC%83%81%EB%B0%A9%EC%88%98"
"성북동 건물방수","건물방수","https://sinbiroo.co.kr/?k=%EC%84%B1%EB%B6%81%EB%8F%99-%EA%B1%B4%EB%AC%BC%EB%B0%A9%EC%88%98"
"성북동 외벽도색","외벽도색","https://sinbiroo.co.kr/?k=%EC%84%B1%EB%B6%81%EB%8F%99-%EC%99%B8%EB%B2%BD%EB%8F%84%EC%83%89"
"삼선동 외벽방수","외벽방수","https://sinbiroo.co.kr/?k=%EC%82%BC%EC%84%A0%EB%8F%99-%EC%99%B8%EB%B2%BD%EB%B0%A9%EC%88%98"
"삼선동 옥상방수","옥상방수","https://sinbiroo.co.kr/?k=%EC%82%BC%EC%84%A0%EB%8F%99-%EC%98%A5%EC%83%81%EB%B0%A9%EC%88%98"
"삼선동 건물방수","건물방수","https://sinbiroo.co.kr/?k=%EC%82%BC%EC%84%A0%EB%8F%99-%EA%B1%B4%EB%AC%BC%EB%B0%A9%EC%88%98"
"삼선동 외벽도색","외벽도색","https://sinbiroo.co.kr/?k=%EC%82%BC%EC%84%A0%EB%8F%99-%EC%99%B8%EB%B2%BD%EB%8F%84%EC%83%89"
"동선동 외벽방수","외벽방수","https://sinbiroo.co.kr/?k=%EB%8F%99%EC%84%A0%EB%8F%99-%EC%99%B8%EB%B2%BD%EB%B0%A9%EC%88%98"
"동선동 옥상방수","옥상방수","https://sinbiroo.co.kr/?k=%EB%8F%99%EC%84%A0%EB%8F%99-%EC%98%A5%EC%83%81%EB%B0%A9%EC%88%98"
"동선동 건물방수","건물방수","https://sinbiroo.co.kr/?k=%EB%8F%99%EC%84%A0%EB%8F%99-%EA%B1%B4%EB%AC%BC%EB%B0%A9%EC%88%98"
"동선동 외벽도색","외벽도색","https://sinbiroo.co.kr/?k=%EB%8F%99%EC%84%A0%EB%8F%99-%EC%99%B8%EB%B2%BD%EB%8F%84%EC%83%89"
"돈암동 외벽방수","외벽방수","https://sinbiroo.co.kr/?k=%EB%8F%88%EC%95%94%EB%8F%99-%EC%99%B8%EB%B2%BD%EB%B0%A9%EC%88%98"
"돈암동 옥상방수","옥상방수","https://sinbiroo.co.kr/?k=%EB%8F%88%EC%95%94%EB%8F%99-%EC%98%A5%EC%83%81%EB%B0%A9%EC%88%98"
"돈암동 건물방수","건물방수","https://sinbiroo.co.kr/?k=%EB%8F%88%EC%95%94%EB%8F%99-%EA%B1%B4%EB%AC%BC%EB%B0%A9%EC%88%98"
"돈암동 외벽도색","외벽도색","https://sinbiroo.co.kr/?k=%EB%8F%88%EC%95%94%EB%8F%99-%EC%99%B8%EB%B2%BD%EB%8F%84%EC%83%89"
"안암동 외벽방수","외벽방수","https://sinbiroo.co.kr/?k=%EC%95%88%EC%95%94%EB%8F%99-%EC%99%B8%EB%B2%BD%EB%B0%A9%EC%88%98"
"안암동 옥상방수","옥상방수","https://sinbiroo.co.kr/?k=%EC%95%88%EC%95%94%EB%8F%99-%EC%98%A5%EC%83%81%EB%B0%A9%EC%88%98"
"안암동 건물방수","건물방수","https://sinbiroo.co.kr/?k=%EC%95%88%EC%95%94%EB%8F%99-%EA%B1%B4%EB%AC%BC%EB%B0%A9%EC%88%98"
"안암동 외벽도색","외벽도색","https://sinbiroo.co.kr/?k=%EC%95%88%EC%95%94%EB%8F%99-%EC%99%B8%EB%B2%BD%EB%8F%84%EC%83%89"
"보문동 외벽방수","외벽방수","https://sinbiroo.co.kr/?k=%EB%B3%B4%EB%AC%B8%EB%8F%99-%EC%99%B8%EB%B2%BD%EB%B0%A9%EC%88%98"
"보문동 옥상방수","옥상방수","https://sinbiroo.co.kr/?k=%EB%B3%B4%EB%AC%B8%EB%8F%99-%EC%98%A5%EC%83%81%EB%B0%A9%EC%88%98"
"보문동 건물방수","건물방수","https://sinbiroo.co.kr/?k=%EB%B3%B4%EB%AC%B8%EB%8F%99-%EA%B1%B4%EB%AC%BC%EB%B0%A9%EC%88%98"
"보문동 외벽도색","외벽도색","https://sinbiroo.co.kr/?k=%EB%B3%B4%EB%AC%B8%EB%8F%99-%EC%99%B8%EB%B2%BD%EB%8F%84%EC%83%89"
"정릉동 외벽방수","외벽방수","https://sinbiroo.co.kr/?k=%EC%A0%95%EB%A6%89%EB%8F%99-%EC%99%B8%EB%B2%BD%EB%B0%A9%EC%88%98"
"정릉동 옥상방수","옥상방수","https://sinbiroo.co.kr/?k=%EC%A0%95%EB%A6%89%EB%8F%99-%EC%98%A5%EC%83%81%EB%B0%A9%EC%88%98"
"정릉동 건물방수","건물방수","https://sinbiroo.co.kr/?k=%EC%A0%95%EB%A6%89%EB%8F%99-%EA%B1%B4%EB%AC%BC%EB%B0%A9%EC%88%98"
"정릉동 외벽도색","외벽도색","https://sinbiroo.co.kr/?k=%EC%A0%95%EB%A6%89%EB%8F%99-%EC%99%B8%EB%B2%BD%EB%8F%84%EC%83%89"
"길음동 외벽방수","외벽방수","https://sinbiroo.co.kr/?k=%EA%B8%B8%EC%9D%8C%EB%8F%99-%EC%99%B8%EB%B2%BD%EB%B0%A9%EC%88%98"
"길음동 옥상방수","옥상방수","https://sinbiroo.co.kr/?k=%EA%B8%B8%EC%9D%8C%EB%8F%99-%EC%98%A5%EC%83%81%EB%B0%A9%EC%88%98"
"길음동 건물방수","건물방수","https://sinbiroo.co.kr/?k=%EA%B8%B8%EC%9D%8C%EB%8F%99-%EA%B1%B4%EB%AC%BC%EB%B0%A9%EC%88%98"
"길음동 외벽도색","외벽도색","https://sinbiroo.co.kr/?k=%EA%B8%B8%EC%9D%8C%EB%8F%99-%EC%99%B8%EB%B2%BD%EB%8F%84%EC%83%89"
"종암동 외벽방수","외벽방수","https://sinbiroo.co.kr/?k=%EC%A2%85%EC%95%94%EB%8F%99-%EC%99%B8%EB%B2%BD%EB%B0%A9%EC%88%98"
"종암동 옥상방수","옥상방수","https://sinbiroo.co.kr/?k=%EC%A2%85%EC%95%94%EB%8F%99-%EC%98%A5%EC%83%81%EB%B0%A9%EC%88%98"
"종암동 건물방수","건물방수","https://sinbiroo.co.kr/?k=%EC%A2%85%EC%95%94%EB%8F%99-%EA%B1%B4%EB%AC%BC%EB%B0%A9%EC%88%98"
"종암동 외벽도색","외벽도색","https://sinbiroo.co.kr/?k=%EC%A2%85%EC%95%94%EB%8F%99-%EC%99%B8%EB%B2%BD%EB%8F%84%EC%83%89"
"월곡동 외벽방수","외벽방수","https://sinbiroo.co.kr/?k=%EC%9B%94%EA%B3%A1%EB%8F%99-%EC%99%B8%EB%B2%BD%EB%B0%A9%EC%88%98"
"월곡동 옥상방수","옥상방수","https://sinbiroo.co.kr/?k=%EC%9B%94%EA%B3%A1%EB%8F%99-%EC%98%A5%EC%83%81%EB%B0%A9%EC%88%98"
"월곡동 건물방수","건물방수","https://sinbiroo.co.kr/?k=%EC%9B%94%EA%B3%A1%EB%8F%99-%EA%B1%B4%EB%AC%BC%EB%B0%A9%EC%88%98"
"월곡동 외벽도색","외벽도색","https://sinbiroo.co.kr/?k=%EC%9B%94%EA%B3%A1%EB%8F%99-%EC%99%B8%EB%B2%BD%EB%8F%84%EC%83%89"
"석관동 외벽방수","외벽방수","https://sinbiroo.co.kr/?k=%EC%84%9D%EA%B4%80%EB%8F%99-%EC%99%B8%EB%B2%BD%EB%B0%A9%EC%88%98"
"석관동 옥상방수","옥상방수","https://sinbiroo.co.kr/?k=%EC%84%9D%EA%B4%80%EB%8F%99-%EC%98%A5%EC%83%81%EB%B0%A9%EC%88%98"
"석관동 건물방수","건물방수","https://sinbiroo.co.kr/?k=%EC%84%9D%EA%B4%80%EB%8F%99-%EA%B1%B4%EB%AC%BC%EB%B0%A9%EC%88%98"
"석관동 외벽도색","외벽도색","https://sinbiroo.co.kr/?k=%EC%84%9D%EA%B4%80%EB%8F%99-%EC%99%B8%EB%B2%BD%EB%8F%84%EC%83%89"
"장위동 외벽방수","외벽방수","https://sinbiroo.co.kr/?k=%EC%9E%A5%EC%9C%84%EB%8F%99-%EC%99%B8%EB%B2%BD%EB%B0%A9%EC%88%98"
"장위동 옥상방수","옥상방수","https://sinbiroo.co.kr/?k=%EC%9E%A5%EC%9C%84%EB%8F%99-%EC%98%A5%EC%83%81%EB%B0%A9%EC%88%98"
"장위동 건물방수","건물방수","https://sinbiroo.co.kr/?k=%EC%9E%A5%EC%9C%84%EB%8F%99-%EA%B1%B4%EB%AC%BC%EB%B0%A9%EC%88%98"
"장위동 외벽도색","외벽도색","https://sinbiroo.co.kr/?k=%EC%9E%A5%EC%9C%84%EB%8F%99-%EC%99%B8%EB%B2%BD%EB%8F%84%EC%83%89"
"안양 외벽방수","외벽방수","https://sinbiroo.co.kr/?k=%EC%95%88%EC%96%91-%EC%99%B8%EB%B2%BD%EB%B0%A9%EC%88%98"
"안양 옥상방수","옥상방수","https://sinbiroo.co.kr/?k=%EC%95%88%EC%96%91-%EC%98%A5%EC%83%81%EB%B0%A9%EC%88%98"
"안양 건물방수","건물방수","https://sinbiroo.co.kr/?k=%EC%95%88%EC%96%91-%EA%B1%B4%EB%AC%BC%EB%B0%A9%EC%88%98"
"안양 외벽도색","외벽도색","https://sinbiroo.co.kr/?k=%EC%95%88%EC%96%91-%EC%99%B8%EB%B2%BD%EB%8F%84%EC%83%89"
"안양동 외벽방수","외벽방수","https://sinbiroo.co.kr/?k=%EC%95%88%EC%96%91%EB%8F%99-%EC%99%B8%EB%B2%BD%EB%B0%A9%EC%88%98"
"안양동 옥상방수","옥상방수","https://sinbiroo.co.kr/?k=%EC%95%88%EC%96%91%EB%8F%99-%EC%98%A5%EC%83%81%EB%B0%A9%EC%88%98"
"안양동 건물방수","건물방수","https://sinbiroo.co.kr/?k=%EC%95%88%EC%96%91%EB%8F%99-%EA%B1%B4%EB%AC%BC%EB%B0%A9%EC%88%98"
"안양동 외벽도색","외벽도색","https://sinbiroo.co.kr/?k=%EC%95%88%EC%96%91%EB%8F%99-%EC%99%B8%EB%B2%BD%EB%8F%84%EC%83%89"
"석수동 외벽방수","외벽방수","https://sinbiroo.co.kr/?k=%EC%84%9D%EC%88%98%EB%8F%99-%EC%99%B8%EB%B2%BD%EB%B0%A9%EC%88%98"
"석수동 옥상방수","옥상방수","https://sinbiroo.co.kr/?k=%EC%84%9D%EC%88%98%EB%8F%99-%EC%98%A5%EC%83%81%EB%B0%A9%EC%88%98"
"석수동 건물방수","건물방수","https://sinbiroo.co.kr/?k=%EC%84%9D%EC%88%98%EB%8F%99-%EA%B1%B4%EB%AC%BC%EB%B0%A9%EC%88%98"
"석수동 외벽도색","외벽도색","https://sinbiroo.co.kr/?k=%EC%84%9D%EC%88%98%EB%8F%99-%EC%99%B8%EB%B2%BD%EB%8F%84%EC%83%89"
"박달동 외벽방수","외벽방수","https://sinbiroo.co.kr/?k=%EB%B0%95%EB%8B%AC%EB%8F%99-%EC%99%B8%EB%B2%BD%EB%B0%A9%EC%88%98"
"박달동 옥상방수","옥상방수","https://sinbiroo.co.kr/?k=%EB%B0%95%EB%8B%AC%EB%8F%99-%EC%98%A5%EC%83%81%EB%B0%A9%EC%88%98"
"박달동 건물방수","건물방수","https://sinbiroo.co.kr/?k=%EB%B0%95%EB%8B%AC%EB%8F%99-%EA%B1%B4%EB%AC%BC%EB%B0%A9%EC%88%98"
"박달동 외벽도색","외벽도색","https://sinbiroo.co.kr/?k=%EB%B0%95%EB%8B%AC%EB%8F%99-%EC%99%B8%EB%B2%BD%EB%8F%84%EC%83%89"
"비산동 외벽방수","외벽방수","https://sinbiroo.co.kr/?k=%EB%B9%84%EC%82%B0%EB%8F%99-%EC%99%B8%EB%B2%BD%EB%B0%A9%EC%88%98"
"비산동 옥상방수","옥상방수","https://sinbiroo.co.kr/?k=%EB%B9%84%EC%82%B0%EB%8F%99-%EC%98%A5%EC%83%81%EB%B0%A9%EC%88%98"
"비산동 건물방수","건물방수","https://sinbiroo.co.kr/?k=%EB%B9%84%EC%82%B0%EB%8F%99-%EA%B1%B4%EB%AC%BC%EB%B0%A9%EC%88%98"
"비산동 외벽도색","외벽도색","https://sinbiroo.co.kr/?k=%EB%B9%84%EC%82%B0%EB%8F%99-%EC%99%B8%EB%B2%BD%EB%8F%84%EC%83%89"
"관양동 외벽방수","외벽방수","https://sinbiroo.co.kr/?k=%EA%B4%80%EC%96%91%EB%8F%99-%EC%99%B8%EB%B2%BD%EB%B0%A9%EC%88%98"
"관양동 옥상방수","옥상방수","https://sinbiroo.co.kr/?k=%EA%B4%80%EC%96%91%EB%8F%99-%EC%98%A5%EC%83%81%EB%B0%A9%EC%88%98"
"관양동 건물방수","건물방수","https://sinbiroo.co.kr/?k=%EA%B4%80%EC%96%91%EB%8F%99-%EA%B1%B4%EB%AC%BC%EB%B0%A9%EC%88%98"
"관양동 외벽도색","외벽도색","https://sinbiroo.co.kr/?k=%EA%B4%80%EC%96%91%EB%8F%99-%EC%99%B8%EB%B2%BD%EB%8F%84%EC%83%89"
"평촌동 외벽방수","외벽방수","https://sinbiroo.co.kr/?k=%ED%8F%89%EC%B4%8C%EB%8F%99-%EC%99%B8%EB%B2%BD%EB%B0%A9%EC%88%98"
"평촌동 옥상방수","옥상방수","https://sinbiroo.co.kr/?k=%ED%8F%89%EC%B4%8C%EB%8F%99-%EC%98%A5%EC%83%81%EB%B0%A9%EC%88%98"
"평촌동 건물방수","건물방수","https://sinbiroo.co.kr/?k=%ED%8F%89%EC%B4%8C%EB%8F%99-%EA%B1%B4%EB%AC%BC%EB%B0%A9%EC%88%98"
"평촌동 외벽도색","외벽도색","https://sinbiroo.co.kr/?k=%ED%8F%89%EC%B4%8C%EB%8F%99-%EC%99%B8%EB%B2%BD%EB%8F%84%EC%83%89"
"호계동 외벽방수","외벽방수","https://sinbiroo.co.kr/?k=%ED%98%B8%EA%B3%84%EB%8F%99-%EC%99%B8%EB%B2%BD%EB%B0%A9%EC%88%98"
"호계동 옥상방수","옥상방수","https://sinbiroo.co.kr/?k=%ED%98%B8%EA%B3%84%EB%8F%99-%EC%98%A5%EC%83%81%EB%B0%A9%EC%88%98"
"호계동 건물방수","건물방수","https://sinbiroo.co.kr/?k=%ED%98%B8%EA%B3%84%EB%8F%99-%EA%B1%B4%EB%AC%BC%EB%B0%A9%EC%88%98"
"호계동 외벽도색","외벽도색","https://sinbiroo.co.kr/?k=%ED%98%B8%EA%B3%84%EB%8F%99-%EC%99%B8%EB%B2%BD%EB%8F%84%EC%83%89"
"과천 외벽방수","외벽방수","https://sinbiroo.co.kr/?k=%EA%B3%BC%EC%B2%9C-%EC%99%B8%EB%B2%BD%EB%B0%A9%EC%88%98"
"과천 옥상방수","옥상방수","https://sinbiroo.co.kr/?k=%EA%B3%BC%EC%B2%9C-%EC%98%A5%EC%83%81%EB%B0%A9%EC%88%98"
"과천 건물방수","건물방수","https://sinbiroo.co.kr/?k=%EA%B3%BC%EC%B2%9C-%EA%B1%B4%EB%AC%BC%EB%B0%A9%EC%88%98"
"과천 외벽도색","외벽도색","https://sinbiroo.co.kr/?k=%EA%B3%BC%EC%B2%9C-%EC%99%B8%EB%B2%BD%EB%8F%84%EC%83%89"
"중앙동 외벽방수","외벽방수","https://sinbiroo.co.kr/?k=%EC%A4%91%EC%95%99%EB%8F%99-%EC%99%B8%EB%B2%BD%EB%B0%A9%EC%88%98"
"중앙동 옥상방수","옥상방수","https://sinbiroo.co.kr/?k=%EC%A4%91%EC%95%99%EB%8F%99-%EC%98%A5%EC%83%81%EB%B0%A9%EC%88%98"
"중앙동 건물방수","건물방수","https://sinbiroo.co.kr/?k=%EC%A4%91%EC%95%99%EB%8F%99-%EA%B1%B4%EB%AC%BC%EB%B0%A9%EC%88%98"
"중앙동 외벽도색","외벽도색","https://sinbiroo.co.kr/?k=%EC%A4%91%EC%95%99%EB%8F%99-%EC%99%B8%EB%B2%BD%EB%8F%84%EC%83%89"
"갈현동 외벽방수","외벽방수","https://sinbiroo.co.kr/?k=%EA%B0%88%ED%98%84%EB%8F%99-%EC%99%B8%EB%B2%BD%EB%B0%A9%EC%88%98"
"갈현동 옥상방수","옥상방수","https://sinbiroo.co.kr/?k=%EA%B0%88%ED%98%84%EB%8F%99-%EC%98%A5%EC%83%81%EB%B0%A9%EC%88%98"
"갈현동 건물방수","건물방수","https://sinbiroo.co.kr/?k=%EA%B0%88%ED%98%84%EB%8F%99-%EA%B1%B4%EB%AC%BC%EB%B0%A9%EC%88%98"
"갈현동 외벽도색","외벽도색","https://sinbiroo.co.kr/?k=%EA%B0%88%ED%98%84%EB%8F%99-%EC%99%B8%EB%B2%BD%EB%8F%84%EC%83%89"
"별양동 외벽방수","외벽방수","https://sinbiroo.co.kr/?k=%EB%B3%84%EC%96%91%EB%8F%99-%EC%99%B8%EB%B2%BD%EB%B0%A9%EC%88%98"
"별양동 옥상방수","옥상방수","https://sinbiroo.co.kr/?k=%EB%B3%84%EC%96%91%EB%8F%99-%EC%98%A5%EC%83%81%EB%B0%A9%EC%88%98"
"별양동 건물방수","건물방수","https://sinbiroo.co.kr/?k=%EB%B3%84%EC%96%91%EB%8F%99-%EA%B1%B4%EB%AC%BC%EB%B0%A9%EC%88%98"
"별양동 외벽도색","외벽도색","https://sinbiroo.co.kr/?k=%EB%B3%84%EC%96%91%EB%8F%99-%EC%99%B8%EB%B2%BD%EB%8F%84%EC%83%89"
"부림동 외벽방수","외벽방수","https://sinbiroo.co.kr/?k=%EB%B6%80%EB%A6%BC%EB%8F%99-%EC%99%B8%EB%B2%BD%EB%B0%A9%EC%88%98"
"부림동 옥상방수","옥상방수","https://sinbiroo.co.kr/?k=%EB%B6%80%EB%A6%BC%EB%8F%99-%EC%98%A5%EC%83%81%EB%B0%A9%EC%88%98"
"부림동 건물방수","건물방수","https://sinbiroo.co.kr/?k=%EB%B6%80%EB%A6%BC%EB%8F%99-%EA%B1%B4%EB%AC%BC%EB%B0%A9%EC%88%98"
"부림동 외벽도색","외벽도색","https://sinbiroo.co.kr/?k=%EB%B6%80%EB%A6%BC%EB%8F%99-%EC%99%B8%EB%B2%BD%EB%8F%84%EC%83%89"
"과천동 외벽방수","외벽방수","https://sinbiroo.co.kr/?k=%EA%B3%BC%EC%B2%9C%EB%8F%99-%EC%99%B8%EB%B2%BD%EB%B0%A9%EC%88%98"
"과천동 옥상방수","옥상방수","https://sinbiroo.co.kr/?k=%EA%B3%BC%EC%B2%9C%EB%8F%99-%EC%98%A5%EC%83%81%EB%B0%A9%EC%88%98"
"과천동 건물방수","건물방수","https://sinbiroo.co.kr/?k=%EA%B3%BC%EC%B2%9C%EB%8F%99-%EA%B1%B4%EB%AC%BC%EB%B0%A9%EC%88%98"
"과천동 외벽도색","외벽도색","https://sinbiroo.co.kr/?k=%EA%B3%BC%EC%B2%9C%EB%8F%99-%EC%99%B8%EB%B2%BD%EB%8F%84%EC%83%89"
"문원동 외벽방수","외벽방수","https://sinbiroo.co.kr/?k=%EB%AC%B8%EC%9B%90%EB%8F%99-%EC%99%B8%EB%B2%BD%EB%B0%A9%EC%88%98"
"문원동 옥상방수","옥상방수","https://sinbiroo.co.kr/?k=%EB%AC%B8%EC%9B%90%EB%8F%99-%EC%98%A5%EC%83%81%EB%B0%A9%EC%88%98"
"문원동 건물방수","건물방수","https://sinbiroo.co.kr/?k=%EB%AC%B8%EC%9B%90%EB%8F%99-%EA%B1%B4%EB%AC%BC%EB%B0%A9%EC%88%98"
"문원동 외벽도색","외벽도색","https://sinbiroo.co.kr/?k=%EB%AC%B8%EC%9B%90%EB%8F%99-%EC%99%B8%EB%B2%BD%EB%8F%84%EC%83%89"
"시흥 외벽방수","외벽방수","https://sinbiroo.co.kr/?k=%EC%8B%9C%ED%9D%A5-%EC%99%B8%EB%B2%BD%EB%B0%A9%EC%88%98"
"시흥 옥상방수","옥상방수","https://sinbiroo.co.kr/?k=%EC%8B%9C%ED%9D%A5-%EC%98%A5%EC%83%81%EB%B0%A9%EC%88%98"
"시흥 건물방수","건물방수","https://sinbiroo.co.kr/?k=%EC%8B%9C%ED%9D%A5-%EA%B1%B4%EB%AC%BC%EB%B0%A9%EC%88%98"
"시흥 외벽도색","외벽도색","https://sinbiroo.co.kr/?k=%EC%8B%9C%ED%9D%A5-%EC%99%B8%EB%B2%BD%EB%8F%84%EC%83%89"
"대야동 외벽방수","외벽방수","https://sinbiroo.co.kr/?k=%EB%8C%80%EC%95%BC%EB%8F%99-%EC%99%B8%EB%B2%BD%EB%B0%A9%EC%88%98"
"대야동 옥상방수","옥상방수","https://sinbiroo.co.kr/?k=%EB%8C%80%EC%95%BC%EB%8F%99-%EC%98%A5%EC%83%81%EB%B0%A9%EC%88%98"
"대야동 건물방수","건물방수","https://sinbiroo.co.kr/?k=%EB%8C%80%EC%95%BC%EB%8F%99-%EA%B1%B4%EB%AC%BC%EB%B0%A9%EC%88%98"
"대야동 외벽도색","외벽도색","https://sinbiroo.co.kr/?k=%EB%8C%80%EC%95%BC%EB%8F%99-%EC%99%B8%EB%B2%BD%EB%8F%84%EC%83%89"
"신천동 외벽방수","외벽방수","https://sinbiroo.co.kr/?k=%EC%8B%A0%EC%B2%9C%EB%8F%99-%EC%99%B8%EB%B2%BD%EB%B0%A9%EC%88%98"
"신천동 옥상방수","옥상방수","https://sinbiroo.co.kr/?k=%EC%8B%A0%EC%B2%9C%EB%8F%99-%EC%98%A5%EC%83%81%EB%B0%A9%EC%88%98"
"신천동 건물방수","건물방수","https://sinbiroo.co.kr/?k=%EC%8B%A0%EC%B2%9C%EB%8F%99-%EA%B1%B4%EB%AC%BC%EB%B0%A9%EC%88%98"
"신천동 외벽도색","외벽도색","https://sinbiroo.co.kr/?k=%EC%8B%A0%EC%B2%9C%EB%8F%99-%EC%99%B8%EB%B2%BD%EB%8F%84%EC%83%89"
"은행동 외벽방수","외벽방수","https://sinbiroo.co.kr/?k=%EC%9D%80%ED%96%89%EB%8F%99-%EC%99%B8%EB%B2%BD%EB%B0%A9%EC%88%98"
"은행동 옥상방수","옥상방수","https://sinbiroo.co.kr/?k=%EC%9D%80%ED%96%89%EB%8F%99-%EC%98%A5%EC%83%81%EB%B0%A9%EC%88%98"
"은행동 건물방수","건물방수","https://sinbiroo.co.kr/?k=%EC%9D%80%ED%96%89%EB%8F%99-%EA%B1%B4%EB%AC%BC%EB%B0%A9%EC%88%98"
"은행동 외벽도색","외벽도색","https://sinbiroo.co.kr/?k=%EC%9D%80%ED%96%89%EB%8F%99-%EC%99%B8%EB%B2%BD%EB%8F%84%EC%83%89"
"매화동 외벽방수","외벽방수","https://sinbiroo.co.kr/?k=%EB%A7%A4%ED%99%94%EB%8F%99-%EC%99%B8%EB%B2%BD%EB%B0%A9%EC%88%98"
"매화동 옥상방수","옥상방수","https://sinbiroo.co.kr/?k=%EB%A7%A4%ED%99%94%EB%8F%99-%EC%98%A5%EC%83%81%EB%B0%A9%EC%88%98"
"매화동 건물방수","건물방수","https://sinbiroo.co.kr/?k=%EB%A7%A4%ED%99%94%EB%8F%99-%EA%B1%B4%EB%AC%BC%EB%B0%A9%EC%88%98"
"매화동 외벽도색","외벽도색","https://sinbiroo.co.kr/?k=%EB%A7%A4%ED%99%94%EB%8F%99-%EC%99%B8%EB%B2%BD%EB%8F%84%EC%83%89"
"목감동 외벽방수","외벽방수","https://sinbiroo.co.kr/?k=%EB%AA%A9%EA%B0%90%EB%8F%99-%EC%99%B8%EB%B2%BD%EB%B0%A9%EC%88%98"
"목감동 옥상방수","옥상방수","https://sinbiroo.co.kr/?k=%EB%AA%A9%EA%B0%90%EB%8F%99-%EC%98%A5%EC%83%81%EB%B0%A9%EC%88%98"
"목감동 건물방수","건물방수","https://sinbiroo.co.kr/?k=%EB%AA%A9%EA%B0%90%EB%8F%99-%EA%B1%B4%EB%AC%BC%EB%B0%A9%EC%88%98"
"목감동 외벽도색","외벽도색","https://sinbiroo.co.kr/?k=%EB%AA%A9%EA%B0%90%EB%8F%99-%EC%99%B8%EB%B2%BD%EB%8F%84%EC%83%89"
"군자동 외벽방수","외벽방수","https://sinbiroo.co.kr/?k=%EA%B5%B0%EC%9E%90%EB%8F%99-%EC%99%B8%EB%B2%BD%EB%B0%A9%EC%88%98"
"군자동 옥상방수","옥상방수","https://sinbiroo.co.kr/?k=%EA%B5%B0%EC%9E%90%EB%8F%99-%EC%98%A5%EC%83%81%EB%B0%A9%EC%88%98"
"군자동 건물방수","건물방수","https://sinbiroo.co.kr/?k=%EA%B5%B0%EC%9E%90%EB%8F%99-%EA%B1%B4%EB%AC%BC%EB%B0%A9%EC%88%98"
"군자동 외벽도색","외벽도색","https://sinbiroo.co.kr/?k=%EA%B5%B0%EC%9E%90%EB%8F%99-%EC%99%B8%EB%B2%BD%EB%8F%84%EC%83%89"
"정왕동 외벽방수","외벽방수","https://sinbiroo.co.kr/?k=%EC%A0%95%EC%99%95%EB%8F%99-%EC%99%B8%EB%B2%BD%EB%B0%A9%EC%88%98"
"정왕동 옥상방수","옥상방수","https://sinbiroo.co.kr/?k=%EC%A0%95%EC%99%95%EB%8F%99-%EC%98%A5%EC%83%81%EB%B0%A9%EC%88%98"
"정왕동 건물방수","건물방수","https://sinbiroo.co.kr/?k=%EC%A0%95%EC%99%95%EB%8F%99-%EA%B1%B4%EB%AC%BC%EB%B0%A9%EC%88%98"
"정왕동 외벽도색","외벽도색","https://sinbiroo.co.kr/?k=%EC%A0%95%EC%99%95%EB%8F%99-%EC%99%B8%EB%B2%BD%EB%8F%84%EC%83%89"
"배곧동 외벽방수","외벽방수","https://sinbiroo.co.kr/?k=%EB%B0%B0%EA%B3%A7%EB%8F%99-%EC%99%B8%EB%B2%BD%EB%B0%A9%EC%88%98"
"배곧동 옥상방수","옥상방수","https://sinbiroo.co.kr/?k=%EB%B0%B0%EA%B3%A7%EB%8F%99-%EC%98%A5%EC%83%81%EB%B0%A9%EC%88%98"
"배곧동 건물방수","건물방수","https://sinbiroo.co.kr/?k=%EB%B0%B0%EA%B3%A7%EB%8F%99-%EA%B1%B4%EB%AC%BC%EB%B0%A9%EC%88%98"
"배곧동 외벽도색","외벽도색","https://sinbiroo.co.kr/?k=%EB%B0%B0%EA%B3%A7%EB%8F%99-%EC%99%B8%EB%B2%BD%EB%8F%84%EC%83%89"
"성남 외벽방수","외벽방수","https://sinbiroo.co.kr/?k=%EC%84%B1%EB%82%A8-%EC%99%B8%EB%B2%BD%EB%B0%A9%EC%88%98"
"성남 옥상방수","옥상방수","https://sinbiroo.co.kr/?k=%EC%84%B1%EB%82%A8-%EC%98%A5%EC%83%81%EB%B0%A9%EC%88%98"
"성남 건물방수","건물방수","https://sinbiroo.co.kr/?k=%EC%84%B1%EB%82%A8-%EA%B1%B4%EB%AC%BC%EB%B0%A9%EC%88%98"
"성남 외벽도색","외벽도색","https://sinbiroo.co.kr/?k=%EC%84%B1%EB%82%A8-%EC%99%B8%EB%B2%BD%EB%8F%84%EC%83%89"
"신흥동 외벽방수","외벽방수","https://sinbiroo.co.kr/?k=%EC%8B%A0%ED%9D%A5%EB%8F%99-%EC%99%B8%EB%B2%BD%EB%B0%A9%EC%88%98"
"신흥동 옥상방수","옥상방수","https://sinbiroo.co.kr/?k=%EC%8B%A0%ED%9D%A5%EB%8F%99-%EC%98%A5%EC%83%81%EB%B0%A9%EC%88%98"
"신흥동 건물방수","건물방수","https://sinbiroo.co.kr/?k=%EC%8B%A0%ED%9D%A5%EB%8F%99-%EA%B1%B4%EB%AC%BC%EB%B0%A9%EC%88%98"
"신흥동 외벽도색","외벽도색","https://sinbiroo.co.kr/?k=%EC%8B%A0%ED%9D%A5%EB%8F%99-%EC%99%B8%EB%B2%BD%EB%8F%84%EC%83%89"
"태평동 외벽방수","외벽방수","https://sinbiroo.co.kr/?k=%ED%83%9C%ED%8F%89%EB%8F%99-%EC%99%B8%EB%B2%BD%EB%B0%A9%EC%88%98"
"태평동 옥상방수","옥상방수","https://sinbiroo.co.kr/?k=%ED%83%9C%ED%8F%89%EB%8F%99-%EC%98%A5%EC%83%81%EB%B0%A9%EC%88%98"
"태평동 건물방수","건물방수","https://sinbiroo.co.kr/?k=%ED%83%9C%ED%8F%89%EB%8F%99-%EA%B1%B4%EB%AC%BC%EB%B0%A9%EC%88%98"
"태평동 외벽도색","외벽도색","https://sinbiroo.co.kr/?k=%ED%83%9C%ED%8F%89%EB%8F%99-%EC%99%B8%EB%B2%BD%EB%8F%84%EC%83%89"
"상대원동 외벽방수","외벽방수","https://sinbiroo.co.kr/?k=%EC%83%81%EB%8C%80%EC%9B%90%EB%8F%99-%EC%99%B8%EB%B2%BD%EB%B0%A9%EC%88%98"
"상대원동 옥상방수","옥상방수","https://sinbiroo.co.kr/?k=%EC%83%81%EB%8C%80%EC%9B%90%EB%8F%99-%EC%98%A5%EC%83%81%EB%B0%A9%EC%88%98"
"상대원동 건물방수","건물방수","https://sinbiroo.co.kr/?k=%EC%83%81%EB%8C%80%EC%9B%90%EB%8F%99-%EA%B1%B4%EB%AC%BC%EB%B0%A9%EC%88%98"
"상대원동 외벽도색","외벽도색","https://sinbiroo.co.kr/?k=%EC%83%81%EB%8C%80%EC%9B%90%EB%8F%99-%EC%99%B8%EB%B2%BD%EB%8F%84%EC%83%89"
"야탑동 외벽방수","외벽방수","https://sinbiroo.co.kr/?k=%EC%95%BC%ED%83%91%EB%8F%99-%EC%99%B8%EB%B2%BD%EB%B0%A9%EC%88%98"
"야탑동 옥상방수","옥상방수","https://sinbiroo.co.kr/?k=%EC%95%BC%ED%83%91%EB%8F%99-%EC%98%A5%EC%83%81%EB%B0%A9%EC%88%98"
"야탑동 건물방수","건물방수","https://sinbiroo.co.kr/?k=%EC%95%BC%ED%83%91%EB%8F%99-%EA%B1%B4%EB%AC%BC%EB%B0%A9%EC%88%98"
"야탑동 외벽도색","외벽도색","https://sinbiroo.co.kr/?k=%EC%95%BC%ED%83%91%EB%8F%99-%EC%99%B8%EB%B2%BD%EB%8F%84%EC%83%89"
"서현동 외벽방수","외벽방수","https://sinbiroo.co.kr/?k=%EC%84%9C%ED%98%84%EB%8F%99-%EC%99%B8%EB%B2%BD%EB%B0%A9%EC%88%98"
"서현동 옥상방수","옥상방수","https://sinbiroo.co.kr/?k=%EC%84%9C%ED%98%84%EB%8F%99-%EC%98%A5%EC%83%81%EB%B0%A9%EC%88%98"
"서현동 건물방수","건물방수","https://sinbiroo.co.kr/?k=%EC%84%9C%ED%98%84%EB%8F%99-%EA%B1%B4%EB%AC%BC%EB%B0%A9%EC%88%98"
"서현동 외벽도색","외벽도색","https://sinbiroo.co.kr/?k=%EC%84%9C%ED%98%84%EB%8F%99-%EC%99%B8%EB%B2%BD%EB%8F%84%EC%83%89"
"수내동 외벽방수","외벽방수","https://sinbiroo.co.kr/?k=%EC%88%98%EB%82%B4%EB%8F%99-%EC%99%B8%EB%B2%BD%EB%B0%A9%EC%88%98"
"수내동 옥상방수","옥상방수","https://sinbiroo.co.kr/?k=%EC%88%98%EB%82%B4%EB%8F%99-%EC%98%A5%EC%83%81%EB%B0%A9%EC%88%98"
"수내동 건물방수","건물방수","https://sinbiroo.co.kr/?k=%EC%88%98%EB%82%B4%EB%8F%99-%EA%B1%B4%EB%AC%BC%EB%B0%A9%EC%88%98"
"수내동 외벽도색","외벽도색","https://sinbiroo.co.kr/?k=%EC%88%98%EB%82%B4%EB%8F%99-%EC%99%B8%EB%B2%BD%EB%8F%84%EC%83%89"
"정자동 외벽방수","외벽방수","https://sinbiroo.co.kr/?k=%EC%A0%95%EC%9E%90%EB%8F%99-%EC%99%B8%EB%B2%BD%EB%B0%A9%EC%88%98"
"정자동 옥상방수","옥상방수","https://sinbiroo.co.kr/?k=%EC%A0%95%EC%9E%90%EB%8F%99-%EC%98%A5%EC%83%81%EB%B0%A9%EC%88%98"
"정자동 건물방수","건물방수","https://sinbiroo.co.kr/?k=%EC%A0%95%EC%9E%90%EB%8F%99-%EA%B1%B4%EB%AC%BC%EB%B0%A9%EC%88%98"
"정자동 외벽도색","외벽도색","https://sinbiroo.co.kr/?k=%EC%A0%95%EC%9E%90%EB%8F%99-%EC%99%B8%EB%B2%BD%EB%8F%84%EC%83%89"
"판교동 외벽방수","외벽방수","https://sinbiroo.co.kr/?k=%ED%8C%90%EA%B5%90%EB%8F%99-%EC%99%B8%EB%B2%BD%EB%B0%A9%EC%88%98"
"판교동 옥상방수","옥상방수","https://sinbiroo.co.kr/?k=%ED%8C%90%EA%B5%90%EB%8F%99-%EC%98%A5%EC%83%81%EB%B0%A9%EC%88%98"
"판교동 건물방수","건물방수","https://sinbiroo.co.kr/?k=%ED%8C%90%EA%B5%90%EB%8F%99-%EA%B1%B4%EB%AC%BC%EB%B0%A9%EC%88%98"
"판교동 외벽도색","외벽도색","https://sinbiroo.co.kr/?k=%ED%8C%90%EA%B5%90%EB%8F%99-%EC%99%B8%EB%B2%BD%EB%8F%84%EC%83%89"
"하남 외벽방수","외벽방수","https://sinbiroo.co.kr/?k=%ED%95%98%EB%82%A8-%EC%99%B8%EB%B2%BD%EB%B0%A9%EC%88%98"
"하남 옥상방수","옥상방수","https://sinbiroo.co.kr/?k=%ED%95%98%EB%82%A8-%EC%98%A5%EC%83%81%EB%B0%A9%EC%88%98"
"하남 건물방수","건물방수","https://sinbiroo.co.kr/?k=%ED%95%98%EB%82%A8-%EA%B1%B4%EB%AC%BC%EB%B0%A9%EC%88%98"
"하남 외벽도색","외벽도색","https://sinbiroo.co.kr/?k=%ED%95%98%EB%82%A8-%EC%99%B8%EB%B2%BD%EB%8F%84%EC%83%89"
"천현동 외벽방수","외벽방수","https://sinbiroo.co.kr/?k=%EC%B2%9C%ED%98%84%EB%8F%99-%EC%99%B8%EB%B2%BD%EB%B0%A9%EC%88%98"
"천현동 옥상방수","옥상방수","https://sinbiroo.co.kr/?k=%EC%B2%9C%ED%98%84%EB%8F%99-%EC%98%A5%EC%83%81%EB%B0%A9%EC%88%98"
"천현동 건물방수","건물방수","https://sinbiroo.co.kr/?k=%EC%B2%9C%ED%98%84%EB%8F%99-%EA%B1%B4%EB%AC%BC%EB%B0%A9%EC%88%98"
"천현동 외벽도색","외벽도색","https://sinbiroo.co.kr/?k=%EC%B2%9C%ED%98%84%EB%8F%99-%EC%99%B8%EB%B2%BD%EB%8F%84%EC%83%89"
"신장동 외벽방수","외벽방수","https://sinbiroo.co.kr/?k=%EC%8B%A0%EC%9E%A5%EB%8F%99-%EC%99%B8%EB%B2%BD%EB%B0%A9%EC%88%98"
"신장동 옥상방수","옥상방수","https://sinbiroo.co.kr/?k=%EC%8B%A0%EC%9E%A5%EB%8F%99-%EC%98%A5%EC%83%81%EB%B0%A9%EC%88%98"
"신장동 건물방수","건물방수","https://sinbiroo.co.kr/?k=%EC%8B%A0%EC%9E%A5%EB%8F%99-%EA%B1%B4%EB%AC%BC%EB%B0%A9%EC%88%98"
"신장동 외벽도색","외벽도색","https://sinbiroo.co.kr/?k=%EC%8B%A0%EC%9E%A5%EB%8F%99-%EC%99%B8%EB%B2%BD%EB%8F%84%EC%83%89"
"덕풍동 외벽방수","외벽방수","https://sinbiroo.co.kr/?k=%EB%8D%95%ED%92%8D%EB%8F%99-%EC%99%B8%EB%B2%BD%EB%B0%A9%EC%88%98"
"덕풍동 옥상방수","옥상방수","https://sinbiroo.co.kr/?k=%EB%8D%95%ED%92%8D%EB%8F%99-%EC%98%A5%EC%83%81%EB%B0%A9%EC%88%98"
"덕풍동 건물방수","건물방수","https://sinbiroo.co.kr/?k=%EB%8D%95%ED%92%8D%EB%8F%99-%EA%B1%B4%EB%AC%BC%EB%B0%A9%EC%88%98"
"덕풍동 외벽도색","외벽도색","https://sinbiroo.co.kr/?k=%EB%8D%95%ED%92%8D%EB%8F%99-%EC%99%B8%EB%B2%BD%EB%8F%84%EC%83%89"
"풍산동 외벽방수","외벽방수","https://sinbiroo.co.kr/?k=%ED%92%8D%EC%82%B0%EB%8F%99-%EC%99%B8%EB%B2%BD%EB%B0%A9%EC%88%98"
"풍산동 옥상방수","옥상방수","https://sinbiroo.co.kr/?k=%ED%92%8D%EC%82%B0%EB%8F%99-%EC%98%A5%EC%83%81%EB%B0%A9%EC%88%98"
"풍산동 건물방수","건물방수","https://sinbiroo.co.kr/?k=%ED%92%8D%EC%82%B0%EB%8F%99-%EA%B1%B4%EB%AC%BC%EB%B0%A9%EC%88%98"
"풍산동 외벽도색","외벽도색","https://sinbiroo.co.kr/?k=%ED%92%8D%EC%82%B0%EB%8F%99-%EC%99%B8%EB%B2%BD%EB%8F%84%EC%83%89"
"미사동 외벽방수","외벽방수","https://sinbiroo.co.kr/?k=%EB%AF%B8%EC%82%AC%EB%8F%99-%EC%99%B8%EB%B2%BD%EB%B0%A9%EC%88%98"
"미사동 옥상방수","옥상방수","https://sinbiroo.co.kr/?k=%EB%AF%B8%EC%82%AC%EB%8F%99-%EC%98%A5%EC%83%81%EB%B0%A9%EC%88%98"
"미사동 건물방수","건물방수","https://sinbiroo.co.kr/?k=%EB%AF%B8%EC%82%AC%EB%8F%99-%EA%B1%B4%EB%AC%BC%EB%B0%A9%EC%88%98"
"미사동 외벽도색","외벽도색","https://sinbiroo.co.kr/?k=%EB%AF%B8%EC%82%AC%EB%8F%99-%EC%99%B8%EB%B2%BD%EB%8F%84%EC%83%89"
"감일동 외벽방수","외벽방수","https://sinbiroo.co.kr/?k=%EA%B0%90%EC%9D%BC%EB%8F%99-%EC%99%B8%EB%B2%BD%EB%B0%A9%EC%88%98"
"감일동 옥상방수","옥상방수","https://sinbiroo.co.kr/?k=%EA%B0%90%EC%9D%BC%EB%8F%99-%EC%98%A5%EC%83%81%EB%B0%A9%EC%88%98"
"감일동 건물방수","건물방수","https://sinbiroo.co.kr/?k=%EA%B0%90%EC%9D%BC%EB%8F%99-%EA%B1%B4%EB%AC%BC%EB%B0%A9%EC%88%98"
"감일동 외벽도색","외벽도색","https://sinbiroo.co.kr/?k=%EA%B0%90%EC%9D%BC%EB%8F%99-%EC%99%B8%EB%B2%BD%EB%8F%84%EC%83%89"
"위례동 외벽방수","외벽방수","https://sinbiroo.co.kr/?k=%EC%9C%84%EB%A1%80%EB%8F%99-%EC%99%B8%EB%B2%BD%EB%B0%A9%EC%88%98"
"위례동 옥상방수","옥상방수","https://sinbiroo.co.kr/?k=%EC%9C%84%EB%A1%80%EB%8F%99-%EC%98%A5%EC%83%81%EB%B0%A9%EC%88%98"
"위례동 건물방수","건물방수","https://sinbiroo.co.kr/?k=%EC%9C%84%EB%A1%80%EB%8F%99-%EA%B1%B4%EB%AC%BC%EB%B0%A9%EC%88%98"
"위례동 외벽도색","외벽도색","https://sinbiroo.co.kr/?k=%EC%9C%84%EB%A1%80%EB%8F%99-%EC%99%B8%EB%B2%BD%EB%8F%84%EC%83%89"