지역명,작업명,동적 랜딩 URL
"인천","창틀코킹","https://sinbiroo.co.kr/?k=%EC%9D%B8%EC%B2%9C-%EC%B0%BD%ED%8B%80%EC%BD%94%ED%82%B9"
"인천","창틀누수","https://sinbiroo.co.kr/?k=%EC%9D%B8%EC%B2%9C-%EC%B0%BD%ED%8B%80%EB%88%84%EC%88%98"
"인천","빗물누수","https://sinbiroo.co.kr/?k=%EC%9D%B8%EC%B2%9C-%EB%B9%97%EB%AC%BC%EB%88%84%EC%88%98"
"인천","창틀실리콘","https://sinbiroo.co.kr/?k=%EC%9D%B8%EC%B2%9C-%EC%B0%BD%ED%8B%80%EC%8B%A4%EB%A6%AC%EC%BD%98"
"인천","샷시실리콘","https://sinbiroo.co.kr/?k=%EC%9D%B8%EC%B2%9C-%EC%83%B7%EC%8B%9C%EC%8B%A4%EB%A6%AC%EC%BD%98"
"인천","외벽보수","https://sinbiroo.co.kr/?k=%EC%9D%B8%EC%B2%9C-%EC%99%B8%EB%B2%BD%EB%B3%B4%EC%88%98"
"인천","외벽방수","https://sinbiroo.co.kr/?k=%EC%9D%B8%EC%B2%9C-%EC%99%B8%EB%B2%BD%EB%B0%A9%EC%88%98"
"인천","옥상방수","https://sinbiroo.co.kr/?k=%EC%9D%B8%EC%B2%9C-%EC%98%A5%EC%83%81%EB%B0%A9%EC%88%98"
"인천","건물방수","https://sinbiroo.co.kr/?k=%EC%9D%B8%EC%B2%9C-%EA%B1%B4%EB%AC%BC%EB%B0%A9%EC%88%98"
"인천","외벽도색","https://sinbiroo.co.kr/?k=%EC%9D%B8%EC%B2%9C-%EC%99%B8%EB%B2%BD%EB%8F%84%EC%83%89"
"제물포구","창틀코킹","https://sinbiroo.co.kr/?k=%EC%A0%9C%EB%AC%BC%ED%8F%AC%EA%B5%AC-%EC%B0%BD%ED%8B%80%EC%BD%94%ED%82%B9"
"제물포구","창틀누수","https://sinbiroo.co.kr/?k=%EC%A0%9C%EB%AC%BC%ED%8F%AC%EA%B5%AC-%EC%B0%BD%ED%8B%80%EB%88%84%EC%88%98"
"제물포구","빗물누수","https://sinbiroo.co.kr/?k=%EC%A0%9C%EB%AC%BC%ED%8F%AC%EA%B5%AC-%EB%B9%97%EB%AC%BC%EB%88%84%EC%88%98"
"제물포구","창틀실리콘","https://sinbiroo.co.kr/?k=%EC%A0%9C%EB%AC%BC%ED%8F%AC%EA%B5%AC-%EC%B0%BD%ED%8B%80%EC%8B%A4%EB%A6%AC%EC%BD%98"
"제물포구","샷시실리콘","https://sinbiroo.co.kr/?k=%EC%A0%9C%EB%AC%BC%ED%8F%AC%EA%B5%AC-%EC%83%B7%EC%8B%9C%EC%8B%A4%EB%A6%AC%EC%BD%98"
"제물포구","외벽보수","https://sinbiroo.co.kr/?k=%EC%A0%9C%EB%AC%BC%ED%8F%AC%EA%B5%AC-%EC%99%B8%EB%B2%BD%EB%B3%B4%EC%88%98"
"제물포구","외벽방수","https://sinbiroo.co.kr/?k=%EC%A0%9C%EB%AC%BC%ED%8F%AC%EA%B5%AC-%EC%99%B8%EB%B2%BD%EB%B0%A9%EC%88%98"
"제물포구","옥상방수","https://sinbiroo.co.kr/?k=%EC%A0%9C%EB%AC%BC%ED%8F%AC%EA%B5%AC-%EC%98%A5%EC%83%81%EB%B0%A9%EC%88%98"
"제물포구","건물방수","https://sinbiroo.co.kr/?k=%EC%A0%9C%EB%AC%BC%ED%8F%AC%EA%B5%AC-%EA%B1%B4%EB%AC%BC%EB%B0%A9%EC%88%98"
"제물포구","외벽도색","https://sinbiroo.co.kr/?k=%EC%A0%9C%EB%AC%BC%ED%8F%AC%EA%B5%AC-%EC%99%B8%EB%B2%BD%EB%8F%84%EC%83%89"
"신포동","창틀코킹","https://sinbiroo.co.kr/?k=%EC%8B%A0%ED%8F%AC%EB%8F%99-%EC%B0%BD%ED%8B%80%EC%BD%94%ED%82%B9"
"신포동","창틀누수","https://sinbiroo.co.kr/?k=%EC%8B%A0%ED%8F%AC%EB%8F%99-%EC%B0%BD%ED%8B%80%EB%88%84%EC%88%98"
"신포동","빗물누수","https://sinbiroo.co.kr/?k=%EC%8B%A0%ED%8F%AC%EB%8F%99-%EB%B9%97%EB%AC%BC%EB%88%84%EC%88%98"
"신포동","창틀실리콘","https://sinbiroo.co.kr/?k=%EC%8B%A0%ED%8F%AC%EB%8F%99-%EC%B0%BD%ED%8B%80%EC%8B%A4%EB%A6%AC%EC%BD%98"
"신포동","샷시실리콘","https://sinbiroo.co.kr/?k=%EC%8B%A0%ED%8F%AC%EB%8F%99-%EC%83%B7%EC%8B%9C%EC%8B%A4%EB%A6%AC%EC%BD%98"
"신포동","외벽보수","https://sinbiroo.co.kr/?k=%EC%8B%A0%ED%8F%AC%EB%8F%99-%EC%99%B8%EB%B2%BD%EB%B3%B4%EC%88%98"
"신포동","외벽방수","https://sinbiroo.co.kr/?k=%EC%8B%A0%ED%8F%AC%EB%8F%99-%EC%99%B8%EB%B2%BD%EB%B0%A9%EC%88%98"
"신포동","옥상방수","https://sinbiroo.co.kr/?k=%EC%8B%A0%ED%8F%AC%EB%8F%99-%EC%98%A5%EC%83%81%EB%B0%A9%EC%88%98"
"신포동","건물방수","https://sinbiroo.co.kr/?k=%EC%8B%A0%ED%8F%AC%EB%8F%99-%EA%B1%B4%EB%AC%BC%EB%B0%A9%EC%88%98"
"신포동","외벽도색","https://sinbiroo.co.kr/?k=%EC%8B%A0%ED%8F%AC%EB%8F%99-%EC%99%B8%EB%B2%BD%EB%8F%84%EC%83%89"
"연안동","창틀코킹","https://sinbiroo.co.kr/?k=%EC%97%B0%EC%95%88%EB%8F%99-%EC%B0%BD%ED%8B%80%EC%BD%94%ED%82%B9"
"연안동","창틀누수","https://sinbiroo.co.kr/?k=%EC%97%B0%EC%95%88%EB%8F%99-%EC%B0%BD%ED%8B%80%EB%88%84%EC%88%98"
"연안동","빗물누수","https://sinbiroo.co.kr/?k=%EC%97%B0%EC%95%88%EB%8F%99-%EB%B9%97%EB%AC%BC%EB%88%84%EC%88%98"
"연안동","창틀실리콘","https://sinbiroo.co.kr/?k=%EC%97%B0%EC%95%88%EB%8F%99-%EC%B0%BD%ED%8B%80%EC%8B%A4%EB%A6%AC%EC%BD%98"
"연안동","샷시실리콘","https://sinbiroo.co.kr/?k=%EC%97%B0%EC%95%88%EB%8F%99-%EC%83%B7%EC%8B%9C%EC%8B%A4%EB%A6%AC%EC%BD%98"
"연안동","외벽보수","https://sinbiroo.co.kr/?k=%EC%97%B0%EC%95%88%EB%8F%99-%EC%99%B8%EB%B2%BD%EB%B3%B4%EC%88%98"
"연안동","외벽방수","https://sinbiroo.co.kr/?k=%EC%97%B0%EC%95%88%EB%8F%99-%EC%99%B8%EB%B2%BD%EB%B0%A9%EC%88%98"
"연안동","옥상방수","https://sinbiroo.co.kr/?k=%EC%97%B0%EC%95%88%EB%8F%99-%EC%98%A5%EC%83%81%EB%B0%A9%EC%88%98"
"연안동","건물방수","https://sinbiroo.co.kr/?k=%EC%97%B0%EC%95%88%EB%8F%99-%EA%B1%B4%EB%AC%BC%EB%B0%A9%EC%88%98"
"연안동","외벽도색","https://sinbiroo.co.kr/?k=%EC%97%B0%EC%95%88%EB%8F%99-%EC%99%B8%EB%B2%BD%EB%8F%84%EC%83%89"
"신흥동","창틀코킹","https://sinbiroo.co.kr/?k=%EC%8B%A0%ED%9D%A5%EB%8F%99-%EC%B0%BD%ED%8B%80%EC%BD%94%ED%82%B9"
"신흥동","창틀누수","https://sinbiroo.co.kr/?k=%EC%8B%A0%ED%9D%A5%EB%8F%99-%EC%B0%BD%ED%8B%80%EB%88%84%EC%88%98"
"신흥동","빗물누수","https://sinbiroo.co.kr/?k=%EC%8B%A0%ED%9D%A5%EB%8F%99-%EB%B9%97%EB%AC%BC%EB%88%84%EC%88%98"
"신흥동","창틀실리콘","https://sinbiroo.co.kr/?k=%EC%8B%A0%ED%9D%A5%EB%8F%99-%EC%B0%BD%ED%8B%80%EC%8B%A4%EB%A6%AC%EC%BD%98"
"신흥동","샷시실리콘","https://sinbiroo.co.kr/?k=%EC%8B%A0%ED%9D%A5%EB%8F%99-%EC%83%B7%EC%8B%9C%EC%8B%A4%EB%A6%AC%EC%BD%98"
"신흥동","외벽보수","https://sinbiroo.co.kr/?k=%EC%8B%A0%ED%9D%A5%EB%8F%99-%EC%99%B8%EB%B2%BD%EB%B3%B4%EC%88%98"
"신흥동","외벽방수","https://sinbiroo.co.kr/?k=%EC%8B%A0%ED%9D%A5%EB%8F%99-%EC%99%B8%EB%B2%BD%EB%B0%A9%EC%88%98"
"신흥동","옥상방수","https://sinbiroo.co.kr/?k=%EC%8B%A0%ED%9D%A5%EB%8F%99-%EC%98%A5%EC%83%81%EB%B0%A9%EC%88%98"
"신흥동","건물방수","https://sinbiroo.co.kr/?k=%EC%8B%A0%ED%9D%A5%EB%8F%99-%EA%B1%B4%EB%AC%BC%EB%B0%A9%EC%88%98"
"신흥동","외벽도색","https://sinbiroo.co.kr/?k=%EC%8B%A0%ED%9D%A5%EB%8F%99-%EC%99%B8%EB%B2%BD%EB%8F%84%EC%83%89"
"도원동","창틀코킹","https://sinbiroo.co.kr/?k=%EB%8F%84%EC%9B%90%EB%8F%99-%EC%B0%BD%ED%8B%80%EC%BD%94%ED%82%B9"
"도원동","창틀누수","https://sinbiroo.co.kr/?k=%EB%8F%84%EC%9B%90%EB%8F%99-%EC%B0%BD%ED%8B%80%EB%88%84%EC%88%98"
"도원동","빗물누수","https://sinbiroo.co.kr/?k=%EB%8F%84%EC%9B%90%EB%8F%99-%EB%B9%97%EB%AC%BC%EB%88%84%EC%88%98"
"도원동","창틀실리콘","https://sinbiroo.co.kr/?k=%EB%8F%84%EC%9B%90%EB%8F%99-%EC%B0%BD%ED%8B%80%EC%8B%A4%EB%A6%AC%EC%BD%98"
"도원동","샷시실리콘","https://sinbiroo.co.kr/?k=%EB%8F%84%EC%9B%90%EB%8F%99-%EC%83%B7%EC%8B%9C%EC%8B%A4%EB%A6%AC%EC%BD%98"
"도원동","외벽보수","https://sinbiroo.co.kr/?k=%EB%8F%84%EC%9B%90%EB%8F%99-%EC%99%B8%EB%B2%BD%EB%B3%B4%EC%88%98"
"도원동","외벽방수","https://sinbiroo.co.kr/?k=%EB%8F%84%EC%9B%90%EB%8F%99-%EC%99%B8%EB%B2%BD%EB%B0%A9%EC%88%98"
"도원동","옥상방수","https://sinbiroo.co.kr/?k=%EB%8F%84%EC%9B%90%EB%8F%99-%EC%98%A5%EC%83%81%EB%B0%A9%EC%88%98"
"도원동","건물방수","https://sinbiroo.co.kr/?k=%EB%8F%84%EC%9B%90%EB%8F%99-%EA%B1%B4%EB%AC%BC%EB%B0%A9%EC%88%98"
"도원동","외벽도색","https://sinbiroo.co.kr/?k=%EB%8F%84%EC%9B%90%EB%8F%99-%EC%99%B8%EB%B2%BD%EB%8F%84%EC%83%89"
"율목동","창틀코킹","https://sinbiroo.co.kr/?k=%EC%9C%A8%EB%AA%A9%EB%8F%99-%EC%B0%BD%ED%8B%80%EC%BD%94%ED%82%B9"
"율목동","창틀누수","https://sinbiroo.co.kr/?k=%EC%9C%A8%EB%AA%A9%EB%8F%99-%EC%B0%BD%ED%8B%80%EB%88%84%EC%88%98"
"율목동","빗물누수","https://sinbiroo.co.kr/?k=%EC%9C%A8%EB%AA%A9%EB%8F%99-%EB%B9%97%EB%AC%BC%EB%88%84%EC%88%98"
"율목동","창틀실리콘","https://sinbiroo.co.kr/?k=%EC%9C%A8%EB%AA%A9%EB%8F%99-%EC%B0%BD%ED%8B%80%EC%8B%A4%EB%A6%AC%EC%BD%98"
"율목동","샷시실리콘","https://sinbiroo.co.kr/?k=%EC%9C%A8%EB%AA%A9%EB%8F%99-%EC%83%B7%EC%8B%9C%EC%8B%A4%EB%A6%AC%EC%BD%98"
"율목동","외벽보수","https://sinbiroo.co.kr/?k=%EC%9C%A8%EB%AA%A9%EB%8F%99-%EC%99%B8%EB%B2%BD%EB%B3%B4%EC%88%98"
"율목동","외벽방수","https://sinbiroo.co.kr/?k=%EC%9C%A8%EB%AA%A9%EB%8F%99-%EC%99%B8%EB%B2%BD%EB%B0%A9%EC%88%98"
"율목동","옥상방수","https://sinbiroo.co.kr/?k=%EC%9C%A8%EB%AA%A9%EB%8F%99-%EC%98%A5%EC%83%81%EB%B0%A9%EC%88%98"
"율목동","건물방수","https://sinbiroo.co.kr/?k=%EC%9C%A8%EB%AA%A9%EB%8F%99-%EA%B1%B4%EB%AC%BC%EB%B0%A9%EC%88%98"
"율목동","외벽도색","https://sinbiroo.co.kr/?k=%EC%9C%A8%EB%AA%A9%EB%8F%99-%EC%99%B8%EB%B2%BD%EB%8F%84%EC%83%89"
"동인천동","창틀코킹","https://sinbiroo.co.kr/?k=%EB%8F%99%EC%9D%B8%EC%B2%9C%EB%8F%99-%EC%B0%BD%ED%8B%80%EC%BD%94%ED%82%B9"
"동인천동","창틀누수","https://sinbiroo.co.kr/?k=%EB%8F%99%EC%9D%B8%EC%B2%9C%EB%8F%99-%EC%B0%BD%ED%8B%80%EB%88%84%EC%88%98"
"동인천동","빗물누수","https://sinbiroo.co.kr/?k=%EB%8F%99%EC%9D%B8%EC%B2%9C%EB%8F%99-%EB%B9%97%EB%AC%BC%EB%88%84%EC%88%98"
"동인천동","창틀실리콘","https://sinbiroo.co.kr/?k=%EB%8F%99%EC%9D%B8%EC%B2%9C%EB%8F%99-%EC%B0%BD%ED%8B%80%EC%8B%A4%EB%A6%AC%EC%BD%98"
"동인천동","샷시실리콘","https://sinbiroo.co.kr/?k=%EB%8F%99%EC%9D%B8%EC%B2%9C%EB%8F%99-%EC%83%B7%EC%8B%9C%EC%8B%A4%EB%A6%AC%EC%BD%98"
"동인천동","외벽보수","https://sinbiroo.co.kr/?k=%EB%8F%99%EC%9D%B8%EC%B2%9C%EB%8F%99-%EC%99%B8%EB%B2%BD%EB%B3%B4%EC%88%98"
"동인천동","외벽방수","https://sinbiroo.co.kr/?k=%EB%8F%99%EC%9D%B8%EC%B2%9C%EB%8F%99-%EC%99%B8%EB%B2%BD%EB%B0%A9%EC%88%98"
"동인천동","옥상방수","https://sinbiroo.co.kr/?k=%EB%8F%99%EC%9D%B8%EC%B2%9C%EB%8F%99-%EC%98%A5%EC%83%81%EB%B0%A9%EC%88%98"
"동인천동","건물방수","https://sinbiroo.co.kr/?k=%EB%8F%99%EC%9D%B8%EC%B2%9C%EB%8F%99-%EA%B1%B4%EB%AC%BC%EB%B0%A9%EC%88%98"
"동인천동","외벽도색","https://sinbiroo.co.kr/?k=%EB%8F%99%EC%9D%B8%EC%B2%9C%EB%8F%99-%EC%99%B8%EB%B2%BD%EB%8F%84%EC%83%89"
"개항동","창틀코킹","https://sinbiroo.co.kr/?k=%EA%B0%9C%ED%95%AD%EB%8F%99-%EC%B0%BD%ED%8B%80%EC%BD%94%ED%82%B9"
"개항동","창틀누수","https://sinbiroo.co.kr/?k=%EA%B0%9C%ED%95%AD%EB%8F%99-%EC%B0%BD%ED%8B%80%EB%88%84%EC%88%98"
"개항동","빗물누수","https://sinbiroo.co.kr/?k=%EA%B0%9C%ED%95%AD%EB%8F%99-%EB%B9%97%EB%AC%BC%EB%88%84%EC%88%98"
"개항동","창틀실리콘","https://sinbiroo.co.kr/?k=%EA%B0%9C%ED%95%AD%EB%8F%99-%EC%B0%BD%ED%8B%80%EC%8B%A4%EB%A6%AC%EC%BD%98"
"개항동","샷시실리콘","https://sinbiroo.co.kr/?k=%EA%B0%9C%ED%95%AD%EB%8F%99-%EC%83%B7%EC%8B%9C%EC%8B%A4%EB%A6%AC%EC%BD%98"
"개항동","외벽보수","https://sinbiroo.co.kr/?k=%EA%B0%9C%ED%95%AD%EB%8F%99-%EC%99%B8%EB%B2%BD%EB%B3%B4%EC%88%98"
"개항동","외벽방수","https://sinbiroo.co.kr/?k=%EA%B0%9C%ED%95%AD%EB%8F%99-%EC%99%B8%EB%B2%BD%EB%B0%A9%EC%88%98"
"개항동","옥상방수","https://sinbiroo.co.kr/?k=%EA%B0%9C%ED%95%AD%EB%8F%99-%EC%98%A5%EC%83%81%EB%B0%A9%EC%88%98"
"개항동","건물방수","https://sinbiroo.co.kr/?k=%EA%B0%9C%ED%95%AD%EB%8F%99-%EA%B1%B4%EB%AC%BC%EB%B0%A9%EC%88%98"
"개항동","외벽도색","https://sinbiroo.co.kr/?k=%EA%B0%9C%ED%95%AD%EB%8F%99-%EC%99%B8%EB%B2%BD%EB%8F%84%EC%83%89"
"만석동","창틀코킹","https://sinbiroo.co.kr/?k=%EB%A7%8C%EC%84%9D%EB%8F%99-%EC%B0%BD%ED%8B%80%EC%BD%94%ED%82%B9"
"만석동","창틀누수","https://sinbiroo.co.kr/?k=%EB%A7%8C%EC%84%9D%EB%8F%99-%EC%B0%BD%ED%8B%80%EB%88%84%EC%88%98"
"만석동","빗물누수","https://sinbiroo.co.kr/?k=%EB%A7%8C%EC%84%9D%EB%8F%99-%EB%B9%97%EB%AC%BC%EB%88%84%EC%88%98"
"만석동","창틀실리콘","https://sinbiroo.co.kr/?k=%EB%A7%8C%EC%84%9D%EB%8F%99-%EC%B0%BD%ED%8B%80%EC%8B%A4%EB%A6%AC%EC%BD%98"
"만석동","샷시실리콘","https://sinbiroo.co.kr/?k=%EB%A7%8C%EC%84%9D%EB%8F%99-%EC%83%B7%EC%8B%9C%EC%8B%A4%EB%A6%AC%EC%BD%98"
"만석동","외벽보수","https://sinbiroo.co.kr/?k=%EB%A7%8C%EC%84%9D%EB%8F%99-%EC%99%B8%EB%B2%BD%EB%B3%B4%EC%88%98"
"만석동","외벽방수","https://sinbiroo.co.kr/?k=%EB%A7%8C%EC%84%9D%EB%8F%99-%EC%99%B8%EB%B2%BD%EB%B0%A9%EC%88%98"
"만석동","옥상방수","https://sinbiroo.co.kr/?k=%EB%A7%8C%EC%84%9D%EB%8F%99-%EC%98%A5%EC%83%81%EB%B0%A9%EC%88%98"
"만석동","건물방수","https://sinbiroo.co.kr/?k=%EB%A7%8C%EC%84%9D%EB%8F%99-%EA%B1%B4%EB%AC%BC%EB%B0%A9%EC%88%98"
"만석동","외벽도색","https://sinbiroo.co.kr/?k=%EB%A7%8C%EC%84%9D%EB%8F%99-%EC%99%B8%EB%B2%BD%EB%8F%84%EC%83%89"
"화수동","창틀코킹","https://sinbiroo.co.kr/?k=%ED%99%94%EC%88%98%EB%8F%99-%EC%B0%BD%ED%8B%80%EC%BD%94%ED%82%B9"
"화수동","창틀누수","https://sinbiroo.co.kr/?k=%ED%99%94%EC%88%98%EB%8F%99-%EC%B0%BD%ED%8B%80%EB%88%84%EC%88%98"
"화수동","빗물누수","https://sinbiroo.co.kr/?k=%ED%99%94%EC%88%98%EB%8F%99-%EB%B9%97%EB%AC%BC%EB%88%84%EC%88%98"
"화수동","창틀실리콘","https://sinbiroo.co.kr/?k=%ED%99%94%EC%88%98%EB%8F%99-%EC%B0%BD%ED%8B%80%EC%8B%A4%EB%A6%AC%EC%BD%98"
"화수동","샷시실리콘","https://sinbiroo.co.kr/?k=%ED%99%94%EC%88%98%EB%8F%99-%EC%83%B7%EC%8B%9C%EC%8B%A4%EB%A6%AC%EC%BD%98"
"화수동","외벽보수","https://sinbiroo.co.kr/?k=%ED%99%94%EC%88%98%EB%8F%99-%EC%99%B8%EB%B2%BD%EB%B3%B4%EC%88%98"
"화수동","외벽방수","https://sinbiroo.co.kr/?k=%ED%99%94%EC%88%98%EB%8F%99-%EC%99%B8%EB%B2%BD%EB%B0%A9%EC%88%98"
"화수동","옥상방수","https://sinbiroo.co.kr/?k=%ED%99%94%EC%88%98%EB%8F%99-%EC%98%A5%EC%83%81%EB%B0%A9%EC%88%98"
"화수동","건물방수","https://sinbiroo.co.kr/?k=%ED%99%94%EC%88%98%EB%8F%99-%EA%B1%B4%EB%AC%BC%EB%B0%A9%EC%88%98"
"화수동","외벽도색","https://sinbiroo.co.kr/?k=%ED%99%94%EC%88%98%EB%8F%99-%EC%99%B8%EB%B2%BD%EB%8F%84%EC%83%89"
"화평동","창틀코킹","https://sinbiroo.co.kr/?k=%ED%99%94%ED%8F%89%EB%8F%99-%EC%B0%BD%ED%8B%80%EC%BD%94%ED%82%B9"
"화평동","창틀누수","https://sinbiroo.co.kr/?k=%ED%99%94%ED%8F%89%EB%8F%99-%EC%B0%BD%ED%8B%80%EB%88%84%EC%88%98"
"화평동","빗물누수","https://sinbiroo.co.kr/?k=%ED%99%94%ED%8F%89%EB%8F%99-%EB%B9%97%EB%AC%BC%EB%88%84%EC%88%98"
"화평동","창틀실리콘","https://sinbiroo.co.kr/?k=%ED%99%94%ED%8F%89%EB%8F%99-%EC%B0%BD%ED%8B%80%EC%8B%A4%EB%A6%AC%EC%BD%98"
"화평동","샷시실리콘","https://sinbiroo.co.kr/?k=%ED%99%94%ED%8F%89%EB%8F%99-%EC%83%B7%EC%8B%9C%EC%8B%A4%EB%A6%AC%EC%BD%98"
"화평동","외벽보수","https://sinbiroo.co.kr/?k=%ED%99%94%ED%8F%89%EB%8F%99-%EC%99%B8%EB%B2%BD%EB%B3%B4%EC%88%98"
"화평동","외벽방수","https://sinbiroo.co.kr/?k=%ED%99%94%ED%8F%89%EB%8F%99-%EC%99%B8%EB%B2%BD%EB%B0%A9%EC%88%98"
"화평동","옥상방수","https://sinbiroo.co.kr/?k=%ED%99%94%ED%8F%89%EB%8F%99-%EC%98%A5%EC%83%81%EB%B0%A9%EC%88%98"
"화평동","건물방수","https://sinbiroo.co.kr/?k=%ED%99%94%ED%8F%89%EB%8F%99-%EA%B1%B4%EB%AC%BC%EB%B0%A9%EC%88%98"
"화평동","외벽도색","https://sinbiroo.co.kr/?k=%ED%99%94%ED%8F%89%EB%8F%99-%EC%99%B8%EB%B2%BD%EB%8F%84%EC%83%89"
"송현동","창틀코킹","https://sinbiroo.co.kr/?k=%EC%86%A1%ED%98%84%EB%8F%99-%EC%B0%BD%ED%8B%80%EC%BD%94%ED%82%B9"
"송현동","창틀누수","https://sinbiroo.co.kr/?k=%EC%86%A1%ED%98%84%EB%8F%99-%EC%B0%BD%ED%8B%80%EB%88%84%EC%88%98"
"송현동","빗물누수","https://sinbiroo.co.kr/?k=%EC%86%A1%ED%98%84%EB%8F%99-%EB%B9%97%EB%AC%BC%EB%88%84%EC%88%98"
"송현동","창틀실리콘","https://sinbiroo.co.kr/?k=%EC%86%A1%ED%98%84%EB%8F%99-%EC%B0%BD%ED%8B%80%EC%8B%A4%EB%A6%AC%EC%BD%98"
"송현동","샷시실리콘","https://sinbiroo.co.kr/?k=%EC%86%A1%ED%98%84%EB%8F%99-%EC%83%B7%EC%8B%9C%EC%8B%A4%EB%A6%AC%EC%BD%98"
"송현동","외벽보수","https://sinbiroo.co.kr/?k=%EC%86%A1%ED%98%84%EB%8F%99-%EC%99%B8%EB%B2%BD%EB%B3%B4%EC%88%98"
"송현동","외벽방수","https://sinbiroo.co.kr/?k=%EC%86%A1%ED%98%84%EB%8F%99-%EC%99%B8%EB%B2%BD%EB%B0%A9%EC%88%98"
"송현동","옥상방수","https://sinbiroo.co.kr/?k=%EC%86%A1%ED%98%84%EB%8F%99-%EC%98%A5%EC%83%81%EB%B0%A9%EC%88%98"
"송현동","건물방수","https://sinbiroo.co.kr/?k=%EC%86%A1%ED%98%84%EB%8F%99-%EA%B1%B4%EB%AC%BC%EB%B0%A9%EC%88%98"
"송현동","외벽도색","https://sinbiroo.co.kr/?k=%EC%86%A1%ED%98%84%EB%8F%99-%EC%99%B8%EB%B2%BD%EB%8F%84%EC%83%89"
"송림동","창틀코킹","https://sinbiroo.co.kr/?k=%EC%86%A1%EB%A6%BC%EB%8F%99-%EC%B0%BD%ED%8B%80%EC%BD%94%ED%82%B9"
"송림동","창틀누수","https://sinbiroo.co.kr/?k=%EC%86%A1%EB%A6%BC%EB%8F%99-%EC%B0%BD%ED%8B%80%EB%88%84%EC%88%98"
"송림동","빗물누수","https://sinbiroo.co.kr/?k=%EC%86%A1%EB%A6%BC%EB%8F%99-%EB%B9%97%EB%AC%BC%EB%88%84%EC%88%98"
"송림동","창틀실리콘","https://sinbiroo.co.kr/?k=%EC%86%A1%EB%A6%BC%EB%8F%99-%EC%B0%BD%ED%8B%80%EC%8B%A4%EB%A6%AC%EC%BD%98"
"송림동","샷시실리콘","https://sinbiroo.co.kr/?k=%EC%86%A1%EB%A6%BC%EB%8F%99-%EC%83%B7%EC%8B%9C%EC%8B%A4%EB%A6%AC%EC%BD%98"
"송림동","외벽보수","https://sinbiroo.co.kr/?k=%EC%86%A1%EB%A6%BC%EB%8F%99-%EC%99%B8%EB%B2%BD%EB%B3%B4%EC%88%98"
"송림동","외벽방수","https://sinbiroo.co.kr/?k=%EC%86%A1%EB%A6%BC%EB%8F%99-%EC%99%B8%EB%B2%BD%EB%B0%A9%EC%88%98"
"송림동","옥상방수","https://sinbiroo.co.kr/?k=%EC%86%A1%EB%A6%BC%EB%8F%99-%EC%98%A5%EC%83%81%EB%B0%A9%EC%88%98"
"송림동","건물방수","https://sinbiroo.co.kr/?k=%EC%86%A1%EB%A6%BC%EB%8F%99-%EA%B1%B4%EB%AC%BC%EB%B0%A9%EC%88%98"
"송림동","외벽도색","https://sinbiroo.co.kr/?k=%EC%86%A1%EB%A6%BC%EB%8F%99-%EC%99%B8%EB%B2%BD%EB%8F%84%EC%83%89"
"금창동","창틀코킹","https://sinbiroo.co.kr/?k=%EA%B8%88%EC%B0%BD%EB%8F%99-%EC%B0%BD%ED%8B%80%EC%BD%94%ED%82%B9"
"금창동","창틀누수","https://sinbiroo.co.kr/?k=%EA%B8%88%EC%B0%BD%EB%8F%99-%EC%B0%BD%ED%8B%80%EB%88%84%EC%88%98"
"금창동","빗물누수","https://sinbiroo.co.kr/?k=%EA%B8%88%EC%B0%BD%EB%8F%99-%EB%B9%97%EB%AC%BC%EB%88%84%EC%88%98"
"금창동","창틀실리콘","https://sinbiroo.co.kr/?k=%EA%B8%88%EC%B0%BD%EB%8F%99-%EC%B0%BD%ED%8B%80%EC%8B%A4%EB%A6%AC%EC%BD%98"
"금창동","샷시실리콘","https://sinbiroo.co.kr/?k=%EA%B8%88%EC%B0%BD%EB%8F%99-%EC%83%B7%EC%8B%9C%EC%8B%A4%EB%A6%AC%EC%BD%98"
"금창동","외벽보수","https://sinbiroo.co.kr/?k=%EA%B8%88%EC%B0%BD%EB%8F%99-%EC%99%B8%EB%B2%BD%EB%B3%B4%EC%88%98"
"금창동","외벽방수","https://sinbiroo.co.kr/?k=%EA%B8%88%EC%B0%BD%EB%8F%99-%EC%99%B8%EB%B2%BD%EB%B0%A9%EC%88%98"
"금창동","옥상방수","https://sinbiroo.co.kr/?k=%EA%B8%88%EC%B0%BD%EB%8F%99-%EC%98%A5%EC%83%81%EB%B0%A9%EC%88%98"
"금창동","건물방수","https://sinbiroo.co.kr/?k=%EA%B8%88%EC%B0%BD%EB%8F%99-%EA%B1%B4%EB%AC%BC%EB%B0%A9%EC%88%98"
"금창동","외벽도색","https://sinbiroo.co.kr/?k=%EA%B8%88%EC%B0%BD%EB%8F%99-%EC%99%B8%EB%B2%BD%EB%8F%84%EC%83%89"
"영종구","창틀코킹","https://sinbiroo.co.kr/?k=%EC%98%81%EC%A2%85%EA%B5%AC-%EC%B0%BD%ED%8B%80%EC%BD%94%ED%82%B9"
"영종구","창틀누수","https://sinbiroo.co.kr/?k=%EC%98%81%EC%A2%85%EA%B5%AC-%EC%B0%BD%ED%8B%80%EB%88%84%EC%88%98"
"영종구","빗물누수","https://sinbiroo.co.kr/?k=%EC%98%81%EC%A2%85%EA%B5%AC-%EB%B9%97%EB%AC%BC%EB%88%84%EC%88%98"
"영종구","창틀실리콘","https://sinbiroo.co.kr/?k=%EC%98%81%EC%A2%85%EA%B5%AC-%EC%B0%BD%ED%8B%80%EC%8B%A4%EB%A6%AC%EC%BD%98"
"영종구","샷시실리콘","https://sinbiroo.co.kr/?k=%EC%98%81%EC%A2%85%EA%B5%AC-%EC%83%B7%EC%8B%9C%EC%8B%A4%EB%A6%AC%EC%BD%98"
"영종구","외벽보수","https://sinbiroo.co.kr/?k=%EC%98%81%EC%A2%85%EA%B5%AC-%EC%99%B8%EB%B2%BD%EB%B3%B4%EC%88%98"
"영종구","외벽방수","https://sinbiroo.co.kr/?k=%EC%98%81%EC%A2%85%EA%B5%AC-%EC%99%B8%EB%B2%BD%EB%B0%A9%EC%88%98"
"영종구","옥상방수","https://sinbiroo.co.kr/?k=%EC%98%81%EC%A2%85%EA%B5%AC-%EC%98%A5%EC%83%81%EB%B0%A9%EC%88%98"
"영종구","건물방수","https://sinbiroo.co.kr/?k=%EC%98%81%EC%A2%85%EA%B5%AC-%EA%B1%B4%EB%AC%BC%EB%B0%A9%EC%88%98"
"영종구","외벽도색","https://sinbiroo.co.kr/?k=%EC%98%81%EC%A2%85%EA%B5%AC-%EC%99%B8%EB%B2%BD%EB%8F%84%EC%83%89"
"영종동","창틀코킹","https://sinbiroo.co.kr/?k=%EC%98%81%EC%A2%85%EB%8F%99-%EC%B0%BD%ED%8B%80%EC%BD%94%ED%82%B9"
"영종동","창틀누수","https://sinbiroo.co.kr/?k=%EC%98%81%EC%A2%85%EB%8F%99-%EC%B0%BD%ED%8B%80%EB%88%84%EC%88%98"
"영종동","빗물누수","https://sinbiroo.co.kr/?k=%EC%98%81%EC%A2%85%EB%8F%99-%EB%B9%97%EB%AC%BC%EB%88%84%EC%88%98"
"영종동","창틀실리콘","https://sinbiroo.co.kr/?k=%EC%98%81%EC%A2%85%EB%8F%99-%EC%B0%BD%ED%8B%80%EC%8B%A4%EB%A6%AC%EC%BD%98"
"영종동","샷시실리콘","https://sinbiroo.co.kr/?k=%EC%98%81%EC%A2%85%EB%8F%99-%EC%83%B7%EC%8B%9C%EC%8B%A4%EB%A6%AC%EC%BD%98"
"영종동","외벽보수","https://sinbiroo.co.kr/?k=%EC%98%81%EC%A2%85%EB%8F%99-%EC%99%B8%EB%B2%BD%EB%B3%B4%EC%88%98"
"영종동","외벽방수","https://sinbiroo.co.kr/?k=%EC%98%81%EC%A2%85%EB%8F%99-%EC%99%B8%EB%B2%BD%EB%B0%A9%EC%88%98"
"영종동","옥상방수","https://sinbiroo.co.kr/?k=%EC%98%81%EC%A2%85%EB%8F%99-%EC%98%A5%EC%83%81%EB%B0%A9%EC%88%98"
"영종동","건물방수","https://sinbiroo.co.kr/?k=%EC%98%81%EC%A2%85%EB%8F%99-%EA%B1%B4%EB%AC%BC%EB%B0%A9%EC%88%98"
"영종동","외벽도색","https://sinbiroo.co.kr/?k=%EC%98%81%EC%A2%85%EB%8F%99-%EC%99%B8%EB%B2%BD%EB%8F%84%EC%83%89"
"운서동","창틀코킹","https://sinbiroo.co.kr/?k=%EC%9A%B4%EC%84%9C%EB%8F%99-%EC%B0%BD%ED%8B%80%EC%BD%94%ED%82%B9"
"운서동","창틀누수","https://sinbiroo.co.kr/?k=%EC%9A%B4%EC%84%9C%EB%8F%99-%EC%B0%BD%ED%8B%80%EB%88%84%EC%88%98"
"운서동","빗물누수","https://sinbiroo.co.kr/?k=%EC%9A%B4%EC%84%9C%EB%8F%99-%EB%B9%97%EB%AC%BC%EB%88%84%EC%88%98"
"운서동","창틀실리콘","https://sinbiroo.co.kr/?k=%EC%9A%B4%EC%84%9C%EB%8F%99-%EC%B0%BD%ED%8B%80%EC%8B%A4%EB%A6%AC%EC%BD%98"
"운서동","샷시실리콘","https://sinbiroo.co.kr/?k=%EC%9A%B4%EC%84%9C%EB%8F%99-%EC%83%B7%EC%8B%9C%EC%8B%A4%EB%A6%AC%EC%BD%98"
"운서동","외벽보수","https://sinbiroo.co.kr/?k=%EC%9A%B4%EC%84%9C%EB%8F%99-%EC%99%B8%EB%B2%BD%EB%B3%B4%EC%88%98"
"운서동","외벽방수","https://sinbiroo.co.kr/?k=%EC%9A%B4%EC%84%9C%EB%8F%99-%EC%99%B8%EB%B2%BD%EB%B0%A9%EC%88%98"
"운서동","옥상방수","https://sinbiroo.co.kr/?k=%EC%9A%B4%EC%84%9C%EB%8F%99-%EC%98%A5%EC%83%81%EB%B0%A9%EC%88%98"
"운서동","건물방수","https://sinbiroo.co.kr/?k=%EC%9A%B4%EC%84%9C%EB%8F%99-%EA%B1%B4%EB%AC%BC%EB%B0%A9%EC%88%98"
"운서동","외벽도색","https://sinbiroo.co.kr/?k=%EC%9A%B4%EC%84%9C%EB%8F%99-%EC%99%B8%EB%B2%BD%EB%8F%84%EC%83%89"
"용유동","창틀코킹","https://sinbiroo.co.kr/?k=%EC%9A%A9%EC%9C%A0%EB%8F%99-%EC%B0%BD%ED%8B%80%EC%BD%94%ED%82%B9"
"용유동","창틀누수","https://sinbiroo.co.kr/?k=%EC%9A%A9%EC%9C%A0%EB%8F%99-%EC%B0%BD%ED%8B%80%EB%88%84%EC%88%98"
"용유동","빗물누수","https://sinbiroo.co.kr/?k=%EC%9A%A9%EC%9C%A0%EB%8F%99-%EB%B9%97%EB%AC%BC%EB%88%84%EC%88%98"
"용유동","창틀실리콘","https://sinbiroo.co.kr/?k=%EC%9A%A9%EC%9C%A0%EB%8F%99-%EC%B0%BD%ED%8B%80%EC%8B%A4%EB%A6%AC%EC%BD%98"
"용유동","샷시실리콘","https://sinbiroo.co.kr/?k=%EC%9A%A9%EC%9C%A0%EB%8F%99-%EC%83%B7%EC%8B%9C%EC%8B%A4%EB%A6%AC%EC%BD%98"
"용유동","외벽보수","https://sinbiroo.co.kr/?k=%EC%9A%A9%EC%9C%A0%EB%8F%99-%EC%99%B8%EB%B2%BD%EB%B3%B4%EC%88%98"
"용유동","외벽방수","https://sinbiroo.co.kr/?k=%EC%9A%A9%EC%9C%A0%EB%8F%99-%EC%99%B8%EB%B2%BD%EB%B0%A9%EC%88%98"
"용유동","옥상방수","https://sinbiroo.co.kr/?k=%EC%9A%A9%EC%9C%A0%EB%8F%99-%EC%98%A5%EC%83%81%EB%B0%A9%EC%88%98"
"용유동","건물방수","https://sinbiroo.co.kr/?k=%EC%9A%A9%EC%9C%A0%EB%8F%99-%EA%B1%B4%EB%AC%BC%EB%B0%A9%EC%88%98"
"용유동","외벽도색","https://sinbiroo.co.kr/?k=%EC%9A%A9%EC%9C%A0%EB%8F%99-%EC%99%B8%EB%B2%BD%EB%8F%84%EC%83%89"
"미추홀구","창틀코킹","https://sinbiroo.co.kr/?k=%EB%AF%B8%EC%B6%94%ED%99%80%EA%B5%AC-%EC%B0%BD%ED%8B%80%EC%BD%94%ED%82%B9"
"미추홀구","창틀누수","https://sinbiroo.co.kr/?k=%EB%AF%B8%EC%B6%94%ED%99%80%EA%B5%AC-%EC%B0%BD%ED%8B%80%EB%88%84%EC%88%98"
"미추홀구","빗물누수","https://sinbiroo.co.kr/?k=%EB%AF%B8%EC%B6%94%ED%99%80%EA%B5%AC-%EB%B9%97%EB%AC%BC%EB%88%84%EC%88%98"
"미추홀구","창틀실리콘","https://sinbiroo.co.kr/?k=%EB%AF%B8%EC%B6%94%ED%99%80%EA%B5%AC-%EC%B0%BD%ED%8B%80%EC%8B%A4%EB%A6%AC%EC%BD%98"
"미추홀구","샷시실리콘","https://sinbiroo.co.kr/?k=%EB%AF%B8%EC%B6%94%ED%99%80%EA%B5%AC-%EC%83%B7%EC%8B%9C%EC%8B%A4%EB%A6%AC%EC%BD%98"
"미추홀구","외벽보수","https://sinbiroo.co.kr/?k=%EB%AF%B8%EC%B6%94%ED%99%80%EA%B5%AC-%EC%99%B8%EB%B2%BD%EB%B3%B4%EC%88%98"
"미추홀구","외벽방수","https://sinbiroo.co.kr/?k=%EB%AF%B8%EC%B6%94%ED%99%80%EA%B5%AC-%EC%99%B8%EB%B2%BD%EB%B0%A9%EC%88%98"
"미추홀구","옥상방수","https://sinbiroo.co.kr/?k=%EB%AF%B8%EC%B6%94%ED%99%80%EA%B5%AC-%EC%98%A5%EC%83%81%EB%B0%A9%EC%88%98"
"미추홀구","건물방수","https://sinbiroo.co.kr/?k=%EB%AF%B8%EC%B6%94%ED%99%80%EA%B5%AC-%EA%B1%B4%EB%AC%BC%EB%B0%A9%EC%88%98"
"미추홀구","외벽도색","https://sinbiroo.co.kr/?k=%EB%AF%B8%EC%B6%94%ED%99%80%EA%B5%AC-%EC%99%B8%EB%B2%BD%EB%8F%84%EC%83%89"
"숭의동","창틀코킹","https://sinbiroo.co.kr/?k=%EC%88%AD%EC%9D%98%EB%8F%99-%EC%B0%BD%ED%8B%80%EC%BD%94%ED%82%B9"
"숭의동","창틀누수","https://sinbiroo.co.kr/?k=%EC%88%AD%EC%9D%98%EB%8F%99-%EC%B0%BD%ED%8B%80%EB%88%84%EC%88%98"
"숭의동","빗물누수","https://sinbiroo.co.kr/?k=%EC%88%AD%EC%9D%98%EB%8F%99-%EB%B9%97%EB%AC%BC%EB%88%84%EC%88%98"
"숭의동","창틀실리콘","https://sinbiroo.co.kr/?k=%EC%88%AD%EC%9D%98%EB%8F%99-%EC%B0%BD%ED%8B%80%EC%8B%A4%EB%A6%AC%EC%BD%98"
"숭의동","샷시실리콘","https://sinbiroo.co.kr/?k=%EC%88%AD%EC%9D%98%EB%8F%99-%EC%83%B7%EC%8B%9C%EC%8B%A4%EB%A6%AC%EC%BD%98"
"숭의동","외벽보수","https://sinbiroo.co.kr/?k=%EC%88%AD%EC%9D%98%EB%8F%99-%EC%99%B8%EB%B2%BD%EB%B3%B4%EC%88%98"
"숭의동","외벽방수","https://sinbiroo.co.kr/?k=%EC%88%AD%EC%9D%98%EB%8F%99-%EC%99%B8%EB%B2%BD%EB%B0%A9%EC%88%98"
"숭의동","옥상방수","https://sinbiroo.co.kr/?k=%EC%88%AD%EC%9D%98%EB%8F%99-%EC%98%A5%EC%83%81%EB%B0%A9%EC%88%98"
"숭의동","건물방수","https://sinbiroo.co.kr/?k=%EC%88%AD%EC%9D%98%EB%8F%99-%EA%B1%B4%EB%AC%BC%EB%B0%A9%EC%88%98"
"숭의동","외벽도색","https://sinbiroo.co.kr/?k=%EC%88%AD%EC%9D%98%EB%8F%99-%EC%99%B8%EB%B2%BD%EB%8F%84%EC%83%89"
"용현동","창틀코킹","https://sinbiroo.co.kr/?k=%EC%9A%A9%ED%98%84%EB%8F%99-%EC%B0%BD%ED%8B%80%EC%BD%94%ED%82%B9"
"용현동","창틀누수","https://sinbiroo.co.kr/?k=%EC%9A%A9%ED%98%84%EB%8F%99-%EC%B0%BD%ED%8B%80%EB%88%84%EC%88%98"
"용현동","빗물누수","https://sinbiroo.co.kr/?k=%EC%9A%A9%ED%98%84%EB%8F%99-%EB%B9%97%EB%AC%BC%EB%88%84%EC%88%98"
"용현동","창틀실리콘","https://sinbiroo.co.kr/?k=%EC%9A%A9%ED%98%84%EB%8F%99-%EC%B0%BD%ED%8B%80%EC%8B%A4%EB%A6%AC%EC%BD%98"
"용현동","샷시실리콘","https://sinbiroo.co.kr/?k=%EC%9A%A9%ED%98%84%EB%8F%99-%EC%83%B7%EC%8B%9C%EC%8B%A4%EB%A6%AC%EC%BD%98"
"용현동","외벽보수","https://sinbiroo.co.kr/?k=%EC%9A%A9%ED%98%84%EB%8F%99-%EC%99%B8%EB%B2%BD%EB%B3%B4%EC%88%98"
"용현동","외벽방수","https://sinbiroo.co.kr/?k=%EC%9A%A9%ED%98%84%EB%8F%99-%EC%99%B8%EB%B2%BD%EB%B0%A9%EC%88%98"
"용현동","옥상방수","https://sinbiroo.co.kr/?k=%EC%9A%A9%ED%98%84%EB%8F%99-%EC%98%A5%EC%83%81%EB%B0%A9%EC%88%98"
"용현동","건물방수","https://sinbiroo.co.kr/?k=%EC%9A%A9%ED%98%84%EB%8F%99-%EA%B1%B4%EB%AC%BC%EB%B0%A9%EC%88%98"
"용현동","외벽도색","https://sinbiroo.co.kr/?k=%EC%9A%A9%ED%98%84%EB%8F%99-%EC%99%B8%EB%B2%BD%EB%8F%84%EC%83%89"
"학익동","창틀코킹","https://sinbiroo.co.kr/?k=%ED%95%99%EC%9D%B5%EB%8F%99-%EC%B0%BD%ED%8B%80%EC%BD%94%ED%82%B9"
"학익동","창틀누수","https://sinbiroo.co.kr/?k=%ED%95%99%EC%9D%B5%EB%8F%99-%EC%B0%BD%ED%8B%80%EB%88%84%EC%88%98"
"학익동","빗물누수","https://sinbiroo.co.kr/?k=%ED%95%99%EC%9D%B5%EB%8F%99-%EB%B9%97%EB%AC%BC%EB%88%84%EC%88%98"
"학익동","창틀실리콘","https://sinbiroo.co.kr/?k=%ED%95%99%EC%9D%B5%EB%8F%99-%EC%B0%BD%ED%8B%80%EC%8B%A4%EB%A6%AC%EC%BD%98"
"학익동","샷시실리콘","https://sinbiroo.co.kr/?k=%ED%95%99%EC%9D%B5%EB%8F%99-%EC%83%B7%EC%8B%9C%EC%8B%A4%EB%A6%AC%EC%BD%98"
"학익동","외벽보수","https://sinbiroo.co.kr/?k=%ED%95%99%EC%9D%B5%EB%8F%99-%EC%99%B8%EB%B2%BD%EB%B3%B4%EC%88%98"
"학익동","외벽방수","https://sinbiroo.co.kr/?k=%ED%95%99%EC%9D%B5%EB%8F%99-%EC%99%B8%EB%B2%BD%EB%B0%A9%EC%88%98"
"학익동","옥상방수","https://sinbiroo.co.kr/?k=%ED%95%99%EC%9D%B5%EB%8F%99-%EC%98%A5%EC%83%81%EB%B0%A9%EC%88%98"
"학익동","건물방수","https://sinbiroo.co.kr/?k=%ED%95%99%EC%9D%B5%EB%8F%99-%EA%B1%B4%EB%AC%BC%EB%B0%A9%EC%88%98"
"학익동","외벽도색","https://sinbiroo.co.kr/?k=%ED%95%99%EC%9D%B5%EB%8F%99-%EC%99%B8%EB%B2%BD%EB%8F%84%EC%83%89"
"미추홀 도화동","창틀코킹","https://sinbiroo.co.kr/?k=%EB%AF%B8%EC%B6%94%ED%99%80-%EB%8F%84%ED%99%94%EB%8F%99-%EC%B0%BD%ED%8B%80%EC%BD%94%ED%82%B9"
"미추홀 도화동","창틀누수","https://sinbiroo.co.kr/?k=%EB%AF%B8%EC%B6%94%ED%99%80-%EB%8F%84%ED%99%94%EB%8F%99-%EC%B0%BD%ED%8B%80%EB%88%84%EC%88%98"
"미추홀 도화동","빗물누수","https://sinbiroo.co.kr/?k=%EB%AF%B8%EC%B6%94%ED%99%80-%EB%8F%84%ED%99%94%EB%8F%99-%EB%B9%97%EB%AC%BC%EB%88%84%EC%88%98"
"미추홀 도화동","창틀실리콘","https://sinbiroo.co.kr/?k=%EB%AF%B8%EC%B6%94%ED%99%80-%EB%8F%84%ED%99%94%EB%8F%99-%EC%B0%BD%ED%8B%80%EC%8B%A4%EB%A6%AC%EC%BD%98"
"미추홀 도화동","샷시실리콘","https://sinbiroo.co.kr/?k=%EB%AF%B8%EC%B6%94%ED%99%80-%EB%8F%84%ED%99%94%EB%8F%99-%EC%83%B7%EC%8B%9C%EC%8B%A4%EB%A6%AC%EC%BD%98"
"미추홀 도화동","외벽보수","https://sinbiroo.co.kr/?k=%EB%AF%B8%EC%B6%94%ED%99%80-%EB%8F%84%ED%99%94%EB%8F%99-%EC%99%B8%EB%B2%BD%EB%B3%B4%EC%88%98"
"미추홀 도화동","외벽방수","https://sinbiroo.co.kr/?k=%EB%AF%B8%EC%B6%94%ED%99%80-%EB%8F%84%ED%99%94%EB%8F%99-%EC%99%B8%EB%B2%BD%EB%B0%A9%EC%88%98"
"미추홀 도화동","옥상방수","https://sinbiroo.co.kr/?k=%EB%AF%B8%EC%B6%94%ED%99%80-%EB%8F%84%ED%99%94%EB%8F%99-%EC%98%A5%EC%83%81%EB%B0%A9%EC%88%98"
"미추홀 도화동","건물방수","https://sinbiroo.co.kr/?k=%EB%AF%B8%EC%B6%94%ED%99%80-%EB%8F%84%ED%99%94%EB%8F%99-%EA%B1%B4%EB%AC%BC%EB%B0%A9%EC%88%98"
"미추홀 도화동","외벽도색","https://sinbiroo.co.kr/?k=%EB%AF%B8%EC%B6%94%ED%99%80-%EB%8F%84%ED%99%94%EB%8F%99-%EC%99%B8%EB%B2%BD%EB%8F%84%EC%83%89"
"주안동","창틀코킹","https://sinbiroo.co.kr/?k=%EC%A3%BC%EC%95%88%EB%8F%99-%EC%B0%BD%ED%8B%80%EC%BD%94%ED%82%B9"
"주안동","창틀누수","https://sinbiroo.co.kr/?k=%EC%A3%BC%EC%95%88%EB%8F%99-%EC%B0%BD%ED%8B%80%EB%88%84%EC%88%98"
"주안동","빗물누수","https://sinbiroo.co.kr/?k=%EC%A3%BC%EC%95%88%EB%8F%99-%EB%B9%97%EB%AC%BC%EB%88%84%EC%88%98"
"주안동","창틀실리콘","https://sinbiroo.co.kr/?k=%EC%A3%BC%EC%95%88%EB%8F%99-%EC%B0%BD%ED%8B%80%EC%8B%A4%EB%A6%AC%EC%BD%98"
"주안동","샷시실리콘","https://sinbiroo.co.kr/?k=%EC%A3%BC%EC%95%88%EB%8F%99-%EC%83%B7%EC%8B%9C%EC%8B%A4%EB%A6%AC%EC%BD%98"
"주안동","외벽보수","https://sinbiroo.co.kr/?k=%EC%A3%BC%EC%95%88%EB%8F%99-%EC%99%B8%EB%B2%BD%EB%B3%B4%EC%88%98"
"주안동","외벽방수","https://sinbiroo.co.kr/?k=%EC%A3%BC%EC%95%88%EB%8F%99-%EC%99%B8%EB%B2%BD%EB%B0%A9%EC%88%98"
"주안동","옥상방수","https://sinbiroo.co.kr/?k=%EC%A3%BC%EC%95%88%EB%8F%99-%EC%98%A5%EC%83%81%EB%B0%A9%EC%88%98"
"주안동","건물방수","https://sinbiroo.co.kr/?k=%EC%A3%BC%EC%95%88%EB%8F%99-%EA%B1%B4%EB%AC%BC%EB%B0%A9%EC%88%98"
"주안동","외벽도색","https://sinbiroo.co.kr/?k=%EC%A3%BC%EC%95%88%EB%8F%99-%EC%99%B8%EB%B2%BD%EB%8F%84%EC%83%89"
"관교동","창틀코킹","https://sinbiroo.co.kr/?k=%EA%B4%80%EA%B5%90%EB%8F%99-%EC%B0%BD%ED%8B%80%EC%BD%94%ED%82%B9"
"관교동","창틀누수","https://sinbiroo.co.kr/?k=%EA%B4%80%EA%B5%90%EB%8F%99-%EC%B0%BD%ED%8B%80%EB%88%84%EC%88%98"
"관교동","빗물누수","https://sinbiroo.co.kr/?k=%EA%B4%80%EA%B5%90%EB%8F%99-%EB%B9%97%EB%AC%BC%EB%88%84%EC%88%98"
"관교동","창틀실리콘","https://sinbiroo.co.kr/?k=%EA%B4%80%EA%B5%90%EB%8F%99-%EC%B0%BD%ED%8B%80%EC%8B%A4%EB%A6%AC%EC%BD%98"
"관교동","샷시실리콘","https://sinbiroo.co.kr/?k=%EA%B4%80%EA%B5%90%EB%8F%99-%EC%83%B7%EC%8B%9C%EC%8B%A4%EB%A6%AC%EC%BD%98"
"관교동","외벽보수","https://sinbiroo.co.kr/?k=%EA%B4%80%EA%B5%90%EB%8F%99-%EC%99%B8%EB%B2%BD%EB%B3%B4%EC%88%98"
"관교동","외벽방수","https://sinbiroo.co.kr/?k=%EA%B4%80%EA%B5%90%EB%8F%99-%EC%99%B8%EB%B2%BD%EB%B0%A9%EC%88%98"
"관교동","옥상방수","https://sinbiroo.co.kr/?k=%EA%B4%80%EA%B5%90%EB%8F%99-%EC%98%A5%EC%83%81%EB%B0%A9%EC%88%98"
"관교동","건물방수","https://sinbiroo.co.kr/?k=%EA%B4%80%EA%B5%90%EB%8F%99-%EA%B1%B4%EB%AC%BC%EB%B0%A9%EC%88%98"
"관교동","외벽도색","https://sinbiroo.co.kr/?k=%EA%B4%80%EA%B5%90%EB%8F%99-%EC%99%B8%EB%B2%BD%EB%8F%84%EC%83%89"
"문학동","창틀코킹","https://sinbiroo.co.kr/?k=%EB%AC%B8%ED%95%99%EB%8F%99-%EC%B0%BD%ED%8B%80%EC%BD%94%ED%82%B9"
"문학동","창틀누수","https://sinbiroo.co.kr/?k=%EB%AC%B8%ED%95%99%EB%8F%99-%EC%B0%BD%ED%8B%80%EB%88%84%EC%88%98"
"문학동","빗물누수","https://sinbiroo.co.kr/?k=%EB%AC%B8%ED%95%99%EB%8F%99-%EB%B9%97%EB%AC%BC%EB%88%84%EC%88%98"
"문학동","창틀실리콘","https://sinbiroo.co.kr/?k=%EB%AC%B8%ED%95%99%EB%8F%99-%EC%B0%BD%ED%8B%80%EC%8B%A4%EB%A6%AC%EC%BD%98"
"문학동","샷시실리콘","https://sinbiroo.co.kr/?k=%EB%AC%B8%ED%95%99%EB%8F%99-%EC%83%B7%EC%8B%9C%EC%8B%A4%EB%A6%AC%EC%BD%98"
"문학동","외벽보수","https://sinbiroo.co.kr/?k=%EB%AC%B8%ED%95%99%EB%8F%99-%EC%99%B8%EB%B2%BD%EB%B3%B4%EC%88%98"
"문학동","외벽방수","https://sinbiroo.co.kr/?k=%EB%AC%B8%ED%95%99%EB%8F%99-%EC%99%B8%EB%B2%BD%EB%B0%A9%EC%88%98"
"문학동","옥상방수","https://sinbiroo.co.kr/?k=%EB%AC%B8%ED%95%99%EB%8F%99-%EC%98%A5%EC%83%81%EB%B0%A9%EC%88%98"
"문학동","건물방수","https://sinbiroo.co.kr/?k=%EB%AC%B8%ED%95%99%EB%8F%99-%EA%B1%B4%EB%AC%BC%EB%B0%A9%EC%88%98"
"문학동","외벽도색","https://sinbiroo.co.kr/?k=%EB%AC%B8%ED%95%99%EB%8F%99-%EC%99%B8%EB%B2%BD%EB%8F%84%EC%83%89"
"연수구","창틀코킹","https://sinbiroo.co.kr/?k=%EC%97%B0%EC%88%98%EA%B5%AC-%EC%B0%BD%ED%8B%80%EC%BD%94%ED%82%B9"
"연수구","창틀누수","https://sinbiroo.co.kr/?k=%EC%97%B0%EC%88%98%EA%B5%AC-%EC%B0%BD%ED%8B%80%EB%88%84%EC%88%98"
"연수구","빗물누수","https://sinbiroo.co.kr/?k=%EC%97%B0%EC%88%98%EA%B5%AC-%EB%B9%97%EB%AC%BC%EB%88%84%EC%88%98"
"연수구","창틀실리콘","https://sinbiroo.co.kr/?k=%EC%97%B0%EC%88%98%EA%B5%AC-%EC%B0%BD%ED%8B%80%EC%8B%A4%EB%A6%AC%EC%BD%98"
"연수구","샷시실리콘","https://sinbiroo.co.kr/?k=%EC%97%B0%EC%88%98%EA%B5%AC-%EC%83%B7%EC%8B%9C%EC%8B%A4%EB%A6%AC%EC%BD%98"
"연수구","외벽보수","https://sinbiroo.co.kr/?k=%EC%97%B0%EC%88%98%EA%B5%AC-%EC%99%B8%EB%B2%BD%EB%B3%B4%EC%88%98"
"연수구","외벽방수","https://sinbiroo.co.kr/?k=%EC%97%B0%EC%88%98%EA%B5%AC-%EC%99%B8%EB%B2%BD%EB%B0%A9%EC%88%98"
"연수구","옥상방수","https://sinbiroo.co.kr/?k=%EC%97%B0%EC%88%98%EA%B5%AC-%EC%98%A5%EC%83%81%EB%B0%A9%EC%88%98"
"연수구","건물방수","https://sinbiroo.co.kr/?k=%EC%97%B0%EC%88%98%EA%B5%AC-%EA%B1%B4%EB%AC%BC%EB%B0%A9%EC%88%98"
"연수구","외벽도색","https://sinbiroo.co.kr/?k=%EC%97%B0%EC%88%98%EA%B5%AC-%EC%99%B8%EB%B2%BD%EB%8F%84%EC%83%89"
"옥련동","창틀코킹","https://sinbiroo.co.kr/?k=%EC%98%A5%EB%A0%A8%EB%8F%99-%EC%B0%BD%ED%8B%80%EC%BD%94%ED%82%B9"
"옥련동","창틀누수","https://sinbiroo.co.kr/?k=%EC%98%A5%EB%A0%A8%EB%8F%99-%EC%B0%BD%ED%8B%80%EB%88%84%EC%88%98"
"옥련동","빗물누수","https://sinbiroo.co.kr/?k=%EC%98%A5%EB%A0%A8%EB%8F%99-%EB%B9%97%EB%AC%BC%EB%88%84%EC%88%98"
"옥련동","창틀실리콘","https://sinbiroo.co.kr/?k=%EC%98%A5%EB%A0%A8%EB%8F%99-%EC%B0%BD%ED%8B%80%EC%8B%A4%EB%A6%AC%EC%BD%98"
"옥련동","샷시실리콘","https://sinbiroo.co.kr/?k=%EC%98%A5%EB%A0%A8%EB%8F%99-%EC%83%B7%EC%8B%9C%EC%8B%A4%EB%A6%AC%EC%BD%98"
"옥련동","외벽보수","https://sinbiroo.co.kr/?k=%EC%98%A5%EB%A0%A8%EB%8F%99-%EC%99%B8%EB%B2%BD%EB%B3%B4%EC%88%98"
"옥련동","외벽방수","https://sinbiroo.co.kr/?k=%EC%98%A5%EB%A0%A8%EB%8F%99-%EC%99%B8%EB%B2%BD%EB%B0%A9%EC%88%98"
"옥련동","옥상방수","https://sinbiroo.co.kr/?k=%EC%98%A5%EB%A0%A8%EB%8F%99-%EC%98%A5%EC%83%81%EB%B0%A9%EC%88%98"
"옥련동","건물방수","https://sinbiroo.co.kr/?k=%EC%98%A5%EB%A0%A8%EB%8F%99-%EA%B1%B4%EB%AC%BC%EB%B0%A9%EC%88%98"
"옥련동","외벽도색","https://sinbiroo.co.kr/?k=%EC%98%A5%EB%A0%A8%EB%8F%99-%EC%99%B8%EB%B2%BD%EB%8F%84%EC%83%89"
"선학동","창틀코킹","https://sinbiroo.co.kr/?k=%EC%84%A0%ED%95%99%EB%8F%99-%EC%B0%BD%ED%8B%80%EC%BD%94%ED%82%B9"
"선학동","창틀누수","https://sinbiroo.co.kr/?k=%EC%84%A0%ED%95%99%EB%8F%99-%EC%B0%BD%ED%8B%80%EB%88%84%EC%88%98"
"선학동","빗물누수","https://sinbiroo.co.kr/?k=%EC%84%A0%ED%95%99%EB%8F%99-%EB%B9%97%EB%AC%BC%EB%88%84%EC%88%98"
"선학동","창틀실리콘","https://sinbiroo.co.kr/?k=%EC%84%A0%ED%95%99%EB%8F%99-%EC%B0%BD%ED%8B%80%EC%8B%A4%EB%A6%AC%EC%BD%98"
"선학동","샷시실리콘","https://sinbiroo.co.kr/?k=%EC%84%A0%ED%95%99%EB%8F%99-%EC%83%B7%EC%8B%9C%EC%8B%A4%EB%A6%AC%EC%BD%98"
"선학동","외벽보수","https://sinbiroo.co.kr/?k=%EC%84%A0%ED%95%99%EB%8F%99-%EC%99%B8%EB%B2%BD%EB%B3%B4%EC%88%98"
"선학동","외벽방수","https://sinbiroo.co.kr/?k=%EC%84%A0%ED%95%99%EB%8F%99-%EC%99%B8%EB%B2%BD%EB%B0%A9%EC%88%98"
"선학동","옥상방수","https://sinbiroo.co.kr/?k=%EC%84%A0%ED%95%99%EB%8F%99-%EC%98%A5%EC%83%81%EB%B0%A9%EC%88%98"
"선학동","건물방수","https://sinbiroo.co.kr/?k=%EC%84%A0%ED%95%99%EB%8F%99-%EA%B1%B4%EB%AC%BC%EB%B0%A9%EC%88%98"
"선학동","외벽도색","https://sinbiroo.co.kr/?k=%EC%84%A0%ED%95%99%EB%8F%99-%EC%99%B8%EB%B2%BD%EB%8F%84%EC%83%89"
"연수동","창틀코킹","https://sinbiroo.co.kr/?k=%EC%97%B0%EC%88%98%EB%8F%99-%EC%B0%BD%ED%8B%80%EC%BD%94%ED%82%B9"
"연수동","창틀누수","https://sinbiroo.co.kr/?k=%EC%97%B0%EC%88%98%EB%8F%99-%EC%B0%BD%ED%8B%80%EB%88%84%EC%88%98"
"연수동","빗물누수","https://sinbiroo.co.kr/?k=%EC%97%B0%EC%88%98%EB%8F%99-%EB%B9%97%EB%AC%BC%EB%88%84%EC%88%98"
"연수동","창틀실리콘","https://sinbiroo.co.kr/?k=%EC%97%B0%EC%88%98%EB%8F%99-%EC%B0%BD%ED%8B%80%EC%8B%A4%EB%A6%AC%EC%BD%98"
"연수동","샷시실리콘","https://sinbiroo.co.kr/?k=%EC%97%B0%EC%88%98%EB%8F%99-%EC%83%B7%EC%8B%9C%EC%8B%A4%EB%A6%AC%EC%BD%98"
"연수동","외벽보수","https://sinbiroo.co.kr/?k=%EC%97%B0%EC%88%98%EB%8F%99-%EC%99%B8%EB%B2%BD%EB%B3%B4%EC%88%98"
"연수동","외벽방수","https://sinbiroo.co.kr/?k=%EC%97%B0%EC%88%98%EB%8F%99-%EC%99%B8%EB%B2%BD%EB%B0%A9%EC%88%98"
"연수동","옥상방수","https://sinbiroo.co.kr/?k=%EC%97%B0%EC%88%98%EB%8F%99-%EC%98%A5%EC%83%81%EB%B0%A9%EC%88%98"
"연수동","건물방수","https://sinbiroo.co.kr/?k=%EC%97%B0%EC%88%98%EB%8F%99-%EA%B1%B4%EB%AC%BC%EB%B0%A9%EC%88%98"
"연수동","외벽도색","https://sinbiroo.co.kr/?k=%EC%97%B0%EC%88%98%EB%8F%99-%EC%99%B8%EB%B2%BD%EB%8F%84%EC%83%89"
"청학동","창틀코킹","https://sinbiroo.co.kr/?k=%EC%B2%AD%ED%95%99%EB%8F%99-%EC%B0%BD%ED%8B%80%EC%BD%94%ED%82%B9"
"청학동","창틀누수","https://sinbiroo.co.kr/?k=%EC%B2%AD%ED%95%99%EB%8F%99-%EC%B0%BD%ED%8B%80%EB%88%84%EC%88%98"
"청학동","빗물누수","https://sinbiroo.co.kr/?k=%EC%B2%AD%ED%95%99%EB%8F%99-%EB%B9%97%EB%AC%BC%EB%88%84%EC%88%98"
"청학동","창틀실리콘","https://sinbiroo.co.kr/?k=%EC%B2%AD%ED%95%99%EB%8F%99-%EC%B0%BD%ED%8B%80%EC%8B%A4%EB%A6%AC%EC%BD%98"
"청학동","샷시실리콘","https://sinbiroo.co.kr/?k=%EC%B2%AD%ED%95%99%EB%8F%99-%EC%83%B7%EC%8B%9C%EC%8B%A4%EB%A6%AC%EC%BD%98"
"청학동","외벽보수","https://sinbiroo.co.kr/?k=%EC%B2%AD%ED%95%99%EB%8F%99-%EC%99%B8%EB%B2%BD%EB%B3%B4%EC%88%98"
"청학동","외벽방수","https://sinbiroo.co.kr/?k=%EC%B2%AD%ED%95%99%EB%8F%99-%EC%99%B8%EB%B2%BD%EB%B0%A9%EC%88%98"
"청학동","옥상방수","https://sinbiroo.co.kr/?k=%EC%B2%AD%ED%95%99%EB%8F%99-%EC%98%A5%EC%83%81%EB%B0%A9%EC%88%98"
"청학동","건물방수","https://sinbiroo.co.kr/?k=%EC%B2%AD%ED%95%99%EB%8F%99-%EA%B1%B4%EB%AC%BC%EB%B0%A9%EC%88%98"
"청학동","외벽도색","https://sinbiroo.co.kr/?k=%EC%B2%AD%ED%95%99%EB%8F%99-%EC%99%B8%EB%B2%BD%EB%8F%84%EC%83%89"
"동춘동","창틀코킹","https://sinbiroo.co.kr/?k=%EB%8F%99%EC%B6%98%EB%8F%99-%EC%B0%BD%ED%8B%80%EC%BD%94%ED%82%B9"
"동춘동","창틀누수","https://sinbiroo.co.kr/?k=%EB%8F%99%EC%B6%98%EB%8F%99-%EC%B0%BD%ED%8B%80%EB%88%84%EC%88%98"
"동춘동","빗물누수","https://sinbiroo.co.kr/?k=%EB%8F%99%EC%B6%98%EB%8F%99-%EB%B9%97%EB%AC%BC%EB%88%84%EC%88%98"
"동춘동","창틀실리콘","https://sinbiroo.co.kr/?k=%EB%8F%99%EC%B6%98%EB%8F%99-%EC%B0%BD%ED%8B%80%EC%8B%A4%EB%A6%AC%EC%BD%98"
"동춘동","샷시실리콘","https://sinbiroo.co.kr/?k=%EB%8F%99%EC%B6%98%EB%8F%99-%EC%83%B7%EC%8B%9C%EC%8B%A4%EB%A6%AC%EC%BD%98"
"동춘동","외벽보수","https://sinbiroo.co.kr/?k=%EB%8F%99%EC%B6%98%EB%8F%99-%EC%99%B8%EB%B2%BD%EB%B3%B4%EC%88%98"
"동춘동","외벽방수","https://sinbiroo.co.kr/?k=%EB%8F%99%EC%B6%98%EB%8F%99-%EC%99%B8%EB%B2%BD%EB%B0%A9%EC%88%98"
"동춘동","옥상방수","https://sinbiroo.co.kr/?k=%EB%8F%99%EC%B6%98%EB%8F%99-%EC%98%A5%EC%83%81%EB%B0%A9%EC%88%98"
"동춘동","건물방수","https://sinbiroo.co.kr/?k=%EB%8F%99%EC%B6%98%EB%8F%99-%EA%B1%B4%EB%AC%BC%EB%B0%A9%EC%88%98"
"동춘동","외벽도색","https://sinbiroo.co.kr/?k=%EB%8F%99%EC%B6%98%EB%8F%99-%EC%99%B8%EB%B2%BD%EB%8F%84%EC%83%89"
"송도동","창틀코킹","https://sinbiroo.co.kr/?k=%EC%86%A1%EB%8F%84%EB%8F%99-%EC%B0%BD%ED%8B%80%EC%BD%94%ED%82%B9"
"송도동","창틀누수","https://sinbiroo.co.kr/?k=%EC%86%A1%EB%8F%84%EB%8F%99-%EC%B0%BD%ED%8B%80%EB%88%84%EC%88%98"
"송도동","빗물누수","https://sinbiroo.co.kr/?k=%EC%86%A1%EB%8F%84%EB%8F%99-%EB%B9%97%EB%AC%BC%EB%88%84%EC%88%98"
"송도동","창틀실리콘","https://sinbiroo.co.kr/?k=%EC%86%A1%EB%8F%84%EB%8F%99-%EC%B0%BD%ED%8B%80%EC%8B%A4%EB%A6%AC%EC%BD%98"
"송도동","샷시실리콘","https://sinbiroo.co.kr/?k=%EC%86%A1%EB%8F%84%EB%8F%99-%EC%83%B7%EC%8B%9C%EC%8B%A4%EB%A6%AC%EC%BD%98"
"송도동","외벽보수","https://sinbiroo.co.kr/?k=%EC%86%A1%EB%8F%84%EB%8F%99-%EC%99%B8%EB%B2%BD%EB%B3%B4%EC%88%98"
"송도동","외벽방수","https://sinbiroo.co.kr/?k=%EC%86%A1%EB%8F%84%EB%8F%99-%EC%99%B8%EB%B2%BD%EB%B0%A9%EC%88%98"
"송도동","옥상방수","https://sinbiroo.co.kr/?k=%EC%86%A1%EB%8F%84%EB%8F%99-%EC%98%A5%EC%83%81%EB%B0%A9%EC%88%98"
"송도동","건물방수","https://sinbiroo.co.kr/?k=%EC%86%A1%EB%8F%84%EB%8F%99-%EA%B1%B4%EB%AC%BC%EB%B0%A9%EC%88%98"
"송도동","외벽도색","https://sinbiroo.co.kr/?k=%EC%86%A1%EB%8F%84%EB%8F%99-%EC%99%B8%EB%B2%BD%EB%8F%84%EC%83%89"
"남동구","창틀코킹","https://sinbiroo.co.kr/?k=%EB%82%A8%EB%8F%99%EA%B5%AC-%EC%B0%BD%ED%8B%80%EC%BD%94%ED%82%B9"
"남동구","창틀누수","https://sinbiroo.co.kr/?k=%EB%82%A8%EB%8F%99%EA%B5%AC-%EC%B0%BD%ED%8B%80%EB%88%84%EC%88%98"
"남동구","빗물누수","https://sinbiroo.co.kr/?k=%EB%82%A8%EB%8F%99%EA%B5%AC-%EB%B9%97%EB%AC%BC%EB%88%84%EC%88%98"
"남동구","창틀실리콘","https://sinbiroo.co.kr/?k=%EB%82%A8%EB%8F%99%EA%B5%AC-%EC%B0%BD%ED%8B%80%EC%8B%A4%EB%A6%AC%EC%BD%98"
"남동구","샷시실리콘","https://sinbiroo.co.kr/?k=%EB%82%A8%EB%8F%99%EA%B5%AC-%EC%83%B7%EC%8B%9C%EC%8B%A4%EB%A6%AC%EC%BD%98"
"남동구","외벽보수","https://sinbiroo.co.kr/?k=%EB%82%A8%EB%8F%99%EA%B5%AC-%EC%99%B8%EB%B2%BD%EB%B3%B4%EC%88%98"
"남동구","외벽방수","https://sinbiroo.co.kr/?k=%EB%82%A8%EB%8F%99%EA%B5%AC-%EC%99%B8%EB%B2%BD%EB%B0%A9%EC%88%98"
"남동구","옥상방수","https://sinbiroo.co.kr/?k=%EB%82%A8%EB%8F%99%EA%B5%AC-%EC%98%A5%EC%83%81%EB%B0%A9%EC%88%98"
"남동구","건물방수","https://sinbiroo.co.kr/?k=%EB%82%A8%EB%8F%99%EA%B5%AC-%EA%B1%B4%EB%AC%BC%EB%B0%A9%EC%88%98"
"남동구","외벽도색","https://sinbiroo.co.kr/?k=%EB%82%A8%EB%8F%99%EA%B5%AC-%EC%99%B8%EB%B2%BD%EB%8F%84%EC%83%89"
"구월동","창틀코킹","https://sinbiroo.co.kr/?k=%EA%B5%AC%EC%9B%94%EB%8F%99-%EC%B0%BD%ED%8B%80%EC%BD%94%ED%82%B9"
"구월동","창틀누수","https://sinbiroo.co.kr/?k=%EA%B5%AC%EC%9B%94%EB%8F%99-%EC%B0%BD%ED%8B%80%EB%88%84%EC%88%98"
"구월동","빗물누수","https://sinbiroo.co.kr/?k=%EA%B5%AC%EC%9B%94%EB%8F%99-%EB%B9%97%EB%AC%BC%EB%88%84%EC%88%98"
"구월동","창틀실리콘","https://sinbiroo.co.kr/?k=%EA%B5%AC%EC%9B%94%EB%8F%99-%EC%B0%BD%ED%8B%80%EC%8B%A4%EB%A6%AC%EC%BD%98"
"구월동","샷시실리콘","https://sinbiroo.co.kr/?k=%EA%B5%AC%EC%9B%94%EB%8F%99-%EC%83%B7%EC%8B%9C%EC%8B%A4%EB%A6%AC%EC%BD%98"
"구월동","외벽보수","https://sinbiroo.co.kr/?k=%EA%B5%AC%EC%9B%94%EB%8F%99-%EC%99%B8%EB%B2%BD%EB%B3%B4%EC%88%98"
"구월동","외벽방수","https://sinbiroo.co.kr/?k=%EA%B5%AC%EC%9B%94%EB%8F%99-%EC%99%B8%EB%B2%BD%EB%B0%A9%EC%88%98"
"구월동","옥상방수","https://sinbiroo.co.kr/?k=%EA%B5%AC%EC%9B%94%EB%8F%99-%EC%98%A5%EC%83%81%EB%B0%A9%EC%88%98"
"구월동","건물방수","https://sinbiroo.co.kr/?k=%EA%B5%AC%EC%9B%94%EB%8F%99-%EA%B1%B4%EB%AC%BC%EB%B0%A9%EC%88%98"
"구월동","외벽도색","https://sinbiroo.co.kr/?k=%EA%B5%AC%EC%9B%94%EB%8F%99-%EC%99%B8%EB%B2%BD%EB%8F%84%EC%83%89"
"간석동","창틀코킹","https://sinbiroo.co.kr/?k=%EA%B0%84%EC%84%9D%EB%8F%99-%EC%B0%BD%ED%8B%80%EC%BD%94%ED%82%B9"
"간석동","창틀누수","https://sinbiroo.co.kr/?k=%EA%B0%84%EC%84%9D%EB%8F%99-%EC%B0%BD%ED%8B%80%EB%88%84%EC%88%98"
"간석동","빗물누수","https://sinbiroo.co.kr/?k=%EA%B0%84%EC%84%9D%EB%8F%99-%EB%B9%97%EB%AC%BC%EB%88%84%EC%88%98"
"간석동","창틀실리콘","https://sinbiroo.co.kr/?k=%EA%B0%84%EC%84%9D%EB%8F%99-%EC%B0%BD%ED%8B%80%EC%8B%A4%EB%A6%AC%EC%BD%98"
"간석동","샷시실리콘","https://sinbiroo.co.kr/?k=%EA%B0%84%EC%84%9D%EB%8F%99-%EC%83%B7%EC%8B%9C%EC%8B%A4%EB%A6%AC%EC%BD%98"
"간석동","외벽보수","https://sinbiroo.co.kr/?k=%EA%B0%84%EC%84%9D%EB%8F%99-%EC%99%B8%EB%B2%BD%EB%B3%B4%EC%88%98"
"간석동","외벽방수","https://sinbiroo.co.kr/?k=%EA%B0%84%EC%84%9D%EB%8F%99-%EC%99%B8%EB%B2%BD%EB%B0%A9%EC%88%98"
"간석동","옥상방수","https://sinbiroo.co.kr/?k=%EA%B0%84%EC%84%9D%EB%8F%99-%EC%98%A5%EC%83%81%EB%B0%A9%EC%88%98"
"간석동","건물방수","https://sinbiroo.co.kr/?k=%EA%B0%84%EC%84%9D%EB%8F%99-%EA%B1%B4%EB%AC%BC%EB%B0%A9%EC%88%98"
"간석동","외벽도색","https://sinbiroo.co.kr/?k=%EA%B0%84%EC%84%9D%EB%8F%99-%EC%99%B8%EB%B2%BD%EB%8F%84%EC%83%89"
"만수동","창틀코킹","https://sinbiroo.co.kr/?k=%EB%A7%8C%EC%88%98%EB%8F%99-%EC%B0%BD%ED%8B%80%EC%BD%94%ED%82%B9"
"만수동","창틀누수","https://sinbiroo.co.kr/?k=%EB%A7%8C%EC%88%98%EB%8F%99-%EC%B0%BD%ED%8B%80%EB%88%84%EC%88%98"
"만수동","빗물누수","https://sinbiroo.co.kr/?k=%EB%A7%8C%EC%88%98%EB%8F%99-%EB%B9%97%EB%AC%BC%EB%88%84%EC%88%98"
"만수동","창틀실리콘","https://sinbiroo.co.kr/?k=%EB%A7%8C%EC%88%98%EB%8F%99-%EC%B0%BD%ED%8B%80%EC%8B%A4%EB%A6%AC%EC%BD%98"
"만수동","샷시실리콘","https://sinbiroo.co.kr/?k=%EB%A7%8C%EC%88%98%EB%8F%99-%EC%83%B7%EC%8B%9C%EC%8B%A4%EB%A6%AC%EC%BD%98"
"만수동","외벽보수","https://sinbiroo.co.kr/?k=%EB%A7%8C%EC%88%98%EB%8F%99-%EC%99%B8%EB%B2%BD%EB%B3%B4%EC%88%98"
"만수동","외벽방수","https://sinbiroo.co.kr/?k=%EB%A7%8C%EC%88%98%EB%8F%99-%EC%99%B8%EB%B2%BD%EB%B0%A9%EC%88%98"
"만수동","옥상방수","https://sinbiroo.co.kr/?k=%EB%A7%8C%EC%88%98%EB%8F%99-%EC%98%A5%EC%83%81%EB%B0%A9%EC%88%98"
"만수동","건물방수","https://sinbiroo.co.kr/?k=%EB%A7%8C%EC%88%98%EB%8F%99-%EA%B1%B4%EB%AC%BC%EB%B0%A9%EC%88%98"
"만수동","외벽도색","https://sinbiroo.co.kr/?k=%EB%A7%8C%EC%88%98%EB%8F%99-%EC%99%B8%EB%B2%BD%EB%8F%84%EC%83%89"
"장수동","창틀코킹","https://sinbiroo.co.kr/?k=%EC%9E%A5%EC%88%98%EB%8F%99-%EC%B0%BD%ED%8B%80%EC%BD%94%ED%82%B9"
"장수동","창틀누수","https://sinbiroo.co.kr/?k=%EC%9E%A5%EC%88%98%EB%8F%99-%EC%B0%BD%ED%8B%80%EB%88%84%EC%88%98"
"장수동","빗물누수","https://sinbiroo.co.kr/?k=%EC%9E%A5%EC%88%98%EB%8F%99-%EB%B9%97%EB%AC%BC%EB%88%84%EC%88%98"
"장수동","창틀실리콘","https://sinbiroo.co.kr/?k=%EC%9E%A5%EC%88%98%EB%8F%99-%EC%B0%BD%ED%8B%80%EC%8B%A4%EB%A6%AC%EC%BD%98"
"장수동","샷시실리콘","https://sinbiroo.co.kr/?k=%EC%9E%A5%EC%88%98%EB%8F%99-%EC%83%B7%EC%8B%9C%EC%8B%A4%EB%A6%AC%EC%BD%98"
"장수동","외벽보수","https://sinbiroo.co.kr/?k=%EC%9E%A5%EC%88%98%EB%8F%99-%EC%99%B8%EB%B2%BD%EB%B3%B4%EC%88%98"
"장수동","외벽방수","https://sinbiroo.co.kr/?k=%EC%9E%A5%EC%88%98%EB%8F%99-%EC%99%B8%EB%B2%BD%EB%B0%A9%EC%88%98"
"장수동","옥상방수","https://sinbiroo.co.kr/?k=%EC%9E%A5%EC%88%98%EB%8F%99-%EC%98%A5%EC%83%81%EB%B0%A9%EC%88%98"
"장수동","건물방수","https://sinbiroo.co.kr/?k=%EC%9E%A5%EC%88%98%EB%8F%99-%EA%B1%B4%EB%AC%BC%EB%B0%A9%EC%88%98"
"장수동","외벽도색","https://sinbiroo.co.kr/?k=%EC%9E%A5%EC%88%98%EB%8F%99-%EC%99%B8%EB%B2%BD%EB%8F%84%EC%83%89"
"서창동","창틀코킹","https://sinbiroo.co.kr/?k=%EC%84%9C%EC%B0%BD%EB%8F%99-%EC%B0%BD%ED%8B%80%EC%BD%94%ED%82%B9"
"서창동","창틀누수","https://sinbiroo.co.kr/?k=%EC%84%9C%EC%B0%BD%EB%8F%99-%EC%B0%BD%ED%8B%80%EB%88%84%EC%88%98"
"서창동","빗물누수","https://sinbiroo.co.kr/?k=%EC%84%9C%EC%B0%BD%EB%8F%99-%EB%B9%97%EB%AC%BC%EB%88%84%EC%88%98"
"서창동","창틀실리콘","https://sinbiroo.co.kr/?k=%EC%84%9C%EC%B0%BD%EB%8F%99-%EC%B0%BD%ED%8B%80%EC%8B%A4%EB%A6%AC%EC%BD%98"
"서창동","샷시실리콘","https://sinbiroo.co.kr/?k=%EC%84%9C%EC%B0%BD%EB%8F%99-%EC%83%B7%EC%8B%9C%EC%8B%A4%EB%A6%AC%EC%BD%98"
"서창동","외벽보수","https://sinbiroo.co.kr/?k=%EC%84%9C%EC%B0%BD%EB%8F%99-%EC%99%B8%EB%B2%BD%EB%B3%B4%EC%88%98"
"서창동","외벽방수","https://sinbiroo.co.kr/?k=%EC%84%9C%EC%B0%BD%EB%8F%99-%EC%99%B8%EB%B2%BD%EB%B0%A9%EC%88%98"
"서창동","옥상방수","https://sinbiroo.co.kr/?k=%EC%84%9C%EC%B0%BD%EB%8F%99-%EC%98%A5%EC%83%81%EB%B0%A9%EC%88%98"
"서창동","건물방수","https://sinbiroo.co.kr/?k=%EC%84%9C%EC%B0%BD%EB%8F%99-%EA%B1%B4%EB%AC%BC%EB%B0%A9%EC%88%98"
"서창동","외벽도색","https://sinbiroo.co.kr/?k=%EC%84%9C%EC%B0%BD%EB%8F%99-%EC%99%B8%EB%B2%BD%EB%8F%84%EC%83%89"
"남촌동","창틀코킹","https://sinbiroo.co.kr/?k=%EB%82%A8%EC%B4%8C%EB%8F%99-%EC%B0%BD%ED%8B%80%EC%BD%94%ED%82%B9"
"남촌동","창틀누수","https://sinbiroo.co.kr/?k=%EB%82%A8%EC%B4%8C%EB%8F%99-%EC%B0%BD%ED%8B%80%EB%88%84%EC%88%98"
"남촌동","빗물누수","https://sinbiroo.co.kr/?k=%EB%82%A8%EC%B4%8C%EB%8F%99-%EB%B9%97%EB%AC%BC%EB%88%84%EC%88%98"
"남촌동","창틀실리콘","https://sinbiroo.co.kr/?k=%EB%82%A8%EC%B4%8C%EB%8F%99-%EC%B0%BD%ED%8B%80%EC%8B%A4%EB%A6%AC%EC%BD%98"
"남촌동","샷시실리콘","https://sinbiroo.co.kr/?k=%EB%82%A8%EC%B4%8C%EB%8F%99-%EC%83%B7%EC%8B%9C%EC%8B%A4%EB%A6%AC%EC%BD%98"
"남촌동","외벽보수","https://sinbiroo.co.kr/?k=%EB%82%A8%EC%B4%8C%EB%8F%99-%EC%99%B8%EB%B2%BD%EB%B3%B4%EC%88%98"
"남촌동","외벽방수","https://sinbiroo.co.kr/?k=%EB%82%A8%EC%B4%8C%EB%8F%99-%EC%99%B8%EB%B2%BD%EB%B0%A9%EC%88%98"
"남촌동","옥상방수","https://sinbiroo.co.kr/?k=%EB%82%A8%EC%B4%8C%EB%8F%99-%EC%98%A5%EC%83%81%EB%B0%A9%EC%88%98"
"남촌동","건물방수","https://sinbiroo.co.kr/?k=%EB%82%A8%EC%B4%8C%EB%8F%99-%EA%B1%B4%EB%AC%BC%EB%B0%A9%EC%88%98"
"남촌동","외벽도색","https://sinbiroo.co.kr/?k=%EB%82%A8%EC%B4%8C%EB%8F%99-%EC%99%B8%EB%B2%BD%EB%8F%84%EC%83%89"
"도림동","창틀코킹","https://sinbiroo.co.kr/?k=%EB%8F%84%EB%A6%BC%EB%8F%99-%EC%B0%BD%ED%8B%80%EC%BD%94%ED%82%B9"
"도림동","창틀누수","https://sinbiroo.co.kr/?k=%EB%8F%84%EB%A6%BC%EB%8F%99-%EC%B0%BD%ED%8B%80%EB%88%84%EC%88%98"
"도림동","빗물누수","https://sinbiroo.co.kr/?k=%EB%8F%84%EB%A6%BC%EB%8F%99-%EB%B9%97%EB%AC%BC%EB%88%84%EC%88%98"
"도림동","창틀실리콘","https://sinbiroo.co.kr/?k=%EB%8F%84%EB%A6%BC%EB%8F%99-%EC%B0%BD%ED%8B%80%EC%8B%A4%EB%A6%AC%EC%BD%98"
"도림동","샷시실리콘","https://sinbiroo.co.kr/?k=%EB%8F%84%EB%A6%BC%EB%8F%99-%EC%83%B7%EC%8B%9C%EC%8B%A4%EB%A6%AC%EC%BD%98"
"도림동","외벽보수","https://sinbiroo.co.kr/?k=%EB%8F%84%EB%A6%BC%EB%8F%99-%EC%99%B8%EB%B2%BD%EB%B3%B4%EC%88%98"
"도림동","외벽방수","https://sinbiroo.co.kr/?k=%EB%8F%84%EB%A6%BC%EB%8F%99-%EC%99%B8%EB%B2%BD%EB%B0%A9%EC%88%98"
"도림동","옥상방수","https://sinbiroo.co.kr/?k=%EB%8F%84%EB%A6%BC%EB%8F%99-%EC%98%A5%EC%83%81%EB%B0%A9%EC%88%98"
"도림동","건물방수","https://sinbiroo.co.kr/?k=%EB%8F%84%EB%A6%BC%EB%8F%99-%EA%B1%B4%EB%AC%BC%EB%B0%A9%EC%88%98"
"도림동","외벽도색","https://sinbiroo.co.kr/?k=%EB%8F%84%EB%A6%BC%EB%8F%99-%EC%99%B8%EB%B2%BD%EB%8F%84%EC%83%89"
"남동 논현동","창틀코킹","https://sinbiroo.co.kr/?k=%EB%82%A8%EB%8F%99-%EB%85%BC%ED%98%84%EB%8F%99-%EC%B0%BD%ED%8B%80%EC%BD%94%ED%82%B9"
"남동 논현동","창틀누수","https://sinbiroo.co.kr/?k=%EB%82%A8%EB%8F%99-%EB%85%BC%ED%98%84%EB%8F%99-%EC%B0%BD%ED%8B%80%EB%88%84%EC%88%98"
"남동 논현동","빗물누수","https://sinbiroo.co.kr/?k=%EB%82%A8%EB%8F%99-%EB%85%BC%ED%98%84%EB%8F%99-%EB%B9%97%EB%AC%BC%EB%88%84%EC%88%98"
"남동 논현동","창틀실리콘","https://sinbiroo.co.kr/?k=%EB%82%A8%EB%8F%99-%EB%85%BC%ED%98%84%EB%8F%99-%EC%B0%BD%ED%8B%80%EC%8B%A4%EB%A6%AC%EC%BD%98"
"남동 논현동","샷시실리콘","https://sinbiroo.co.kr/?k=%EB%82%A8%EB%8F%99-%EB%85%BC%ED%98%84%EB%8F%99-%EC%83%B7%EC%8B%9C%EC%8B%A4%EB%A6%AC%EC%BD%98"
"남동 논현동","외벽보수","https://sinbiroo.co.kr/?k=%EB%82%A8%EB%8F%99-%EB%85%BC%ED%98%84%EB%8F%99-%EC%99%B8%EB%B2%BD%EB%B3%B4%EC%88%98"
"남동 논현동","외벽방수","https://sinbiroo.co.kr/?k=%EB%82%A8%EB%8F%99-%EB%85%BC%ED%98%84%EB%8F%99-%EC%99%B8%EB%B2%BD%EB%B0%A9%EC%88%98"
"남동 논현동","옥상방수","https://sinbiroo.co.kr/?k=%EB%82%A8%EB%8F%99-%EB%85%BC%ED%98%84%EB%8F%99-%EC%98%A5%EC%83%81%EB%B0%A9%EC%88%98"
"남동 논현동","건물방수","https://sinbiroo.co.kr/?k=%EB%82%A8%EB%8F%99-%EB%85%BC%ED%98%84%EB%8F%99-%EA%B1%B4%EB%AC%BC%EB%B0%A9%EC%88%98"
"남동 논현동","외벽도색","https://sinbiroo.co.kr/?k=%EB%82%A8%EB%8F%99-%EB%85%BC%ED%98%84%EB%8F%99-%EC%99%B8%EB%B2%BD%EB%8F%84%EC%83%89"
"고잔동","창틀코킹","https://sinbiroo.co.kr/?k=%EA%B3%A0%EC%9E%94%EB%8F%99-%EC%B0%BD%ED%8B%80%EC%BD%94%ED%82%B9"
"고잔동","창틀누수","https://sinbiroo.co.kr/?k=%EA%B3%A0%EC%9E%94%EB%8F%99-%EC%B0%BD%ED%8B%80%EB%88%84%EC%88%98"
"고잔동","빗물누수","https://sinbiroo.co.kr/?k=%EA%B3%A0%EC%9E%94%EB%8F%99-%EB%B9%97%EB%AC%BC%EB%88%84%EC%88%98"
"고잔동","창틀실리콘","https://sinbiroo.co.kr/?k=%EA%B3%A0%EC%9E%94%EB%8F%99-%EC%B0%BD%ED%8B%80%EC%8B%A4%EB%A6%AC%EC%BD%98"
"고잔동","샷시실리콘","https://sinbiroo.co.kr/?k=%EA%B3%A0%EC%9E%94%EB%8F%99-%EC%83%B7%EC%8B%9C%EC%8B%A4%EB%A6%AC%EC%BD%98"
"고잔동","외벽보수","https://sinbiroo.co.kr/?k=%EA%B3%A0%EC%9E%94%EB%8F%99-%EC%99%B8%EB%B2%BD%EB%B3%B4%EC%88%98"
"고잔동","외벽방수","https://sinbiroo.co.kr/?k=%EA%B3%A0%EC%9E%94%EB%8F%99-%EC%99%B8%EB%B2%BD%EB%B0%A9%EC%88%98"
"고잔동","옥상방수","https://sinbiroo.co.kr/?k=%EA%B3%A0%EC%9E%94%EB%8F%99-%EC%98%A5%EC%83%81%EB%B0%A9%EC%88%98"
"고잔동","건물방수","https://sinbiroo.co.kr/?k=%EA%B3%A0%EC%9E%94%EB%8F%99-%EA%B1%B4%EB%AC%BC%EB%B0%A9%EC%88%98"
"고잔동","외벽도색","https://sinbiroo.co.kr/?k=%EA%B3%A0%EC%9E%94%EB%8F%99-%EC%99%B8%EB%B2%BD%EB%8F%84%EC%83%89"
"부평구","창틀코킹","https://sinbiroo.co.kr/?k=%EB%B6%80%ED%8F%89%EA%B5%AC-%EC%B0%BD%ED%8B%80%EC%BD%94%ED%82%B9"
"부평구","창틀누수","https://sinbiroo.co.kr/?k=%EB%B6%80%ED%8F%89%EA%B5%AC-%EC%B0%BD%ED%8B%80%EB%88%84%EC%88%98"
"부평구","빗물누수","https://sinbiroo.co.kr/?k=%EB%B6%80%ED%8F%89%EA%B5%AC-%EB%B9%97%EB%AC%BC%EB%88%84%EC%88%98"
"부평구","창틀실리콘","https://sinbiroo.co.kr/?k=%EB%B6%80%ED%8F%89%EA%B5%AC-%EC%B0%BD%ED%8B%80%EC%8B%A4%EB%A6%AC%EC%BD%98"
"부평구","샷시실리콘","https://sinbiroo.co.kr/?k=%EB%B6%80%ED%8F%89%EA%B5%AC-%EC%83%B7%EC%8B%9C%EC%8B%A4%EB%A6%AC%EC%BD%98"
"부평구","외벽보수","https://sinbiroo.co.kr/?k=%EB%B6%80%ED%8F%89%EA%B5%AC-%EC%99%B8%EB%B2%BD%EB%B3%B4%EC%88%98"
"부평구","외벽방수","https://sinbiroo.co.kr/?k=%EB%B6%80%ED%8F%89%EA%B5%AC-%EC%99%B8%EB%B2%BD%EB%B0%A9%EC%88%98"
"부평구","옥상방수","https://sinbiroo.co.kr/?k=%EB%B6%80%ED%8F%89%EA%B5%AC-%EC%98%A5%EC%83%81%EB%B0%A9%EC%88%98"
"부평구","건물방수","https://sinbiroo.co.kr/?k=%EB%B6%80%ED%8F%89%EA%B5%AC-%EA%B1%B4%EB%AC%BC%EB%B0%A9%EC%88%98"
"부평구","외벽도색","https://sinbiroo.co.kr/?k=%EB%B6%80%ED%8F%89%EA%B5%AC-%EC%99%B8%EB%B2%BD%EB%8F%84%EC%83%89"
"부평동","창틀코킹","https://sinbiroo.co.kr/?k=%EB%B6%80%ED%8F%89%EB%8F%99-%EC%B0%BD%ED%8B%80%EC%BD%94%ED%82%B9"
"부평동","창틀누수","https://sinbiroo.co.kr/?k=%EB%B6%80%ED%8F%89%EB%8F%99-%EC%B0%BD%ED%8B%80%EB%88%84%EC%88%98"
"부평동","빗물누수","https://sinbiroo.co.kr/?k=%EB%B6%80%ED%8F%89%EB%8F%99-%EB%B9%97%EB%AC%BC%EB%88%84%EC%88%98"
"부평동","창틀실리콘","https://sinbiroo.co.kr/?k=%EB%B6%80%ED%8F%89%EB%8F%99-%EC%B0%BD%ED%8B%80%EC%8B%A4%EB%A6%AC%EC%BD%98"
"부평동","샷시실리콘","https://sinbiroo.co.kr/?k=%EB%B6%80%ED%8F%89%EB%8F%99-%EC%83%B7%EC%8B%9C%EC%8B%A4%EB%A6%AC%EC%BD%98"
"부평동","외벽보수","https://sinbiroo.co.kr/?k=%EB%B6%80%ED%8F%89%EB%8F%99-%EC%99%B8%EB%B2%BD%EB%B3%B4%EC%88%98"
"부평동","외벽방수","https://sinbiroo.co.kr/?k=%EB%B6%80%ED%8F%89%EB%8F%99-%EC%99%B8%EB%B2%BD%EB%B0%A9%EC%88%98"
"부평동","옥상방수","https://sinbiroo.co.kr/?k=%EB%B6%80%ED%8F%89%EB%8F%99-%EC%98%A5%EC%83%81%EB%B0%A9%EC%88%98"
"부평동","건물방수","https://sinbiroo.co.kr/?k=%EB%B6%80%ED%8F%89%EB%8F%99-%EA%B1%B4%EB%AC%BC%EB%B0%A9%EC%88%98"
"부평동","외벽도색","https://sinbiroo.co.kr/?k=%EB%B6%80%ED%8F%89%EB%8F%99-%EC%99%B8%EB%B2%BD%EB%8F%84%EC%83%89"
"산곡동","창틀코킹","https://sinbiroo.co.kr/?k=%EC%82%B0%EA%B3%A1%EB%8F%99-%EC%B0%BD%ED%8B%80%EC%BD%94%ED%82%B9"
"산곡동","창틀누수","https://sinbiroo.co.kr/?k=%EC%82%B0%EA%B3%A1%EB%8F%99-%EC%B0%BD%ED%8B%80%EB%88%84%EC%88%98"
"산곡동","빗물누수","https://sinbiroo.co.kr/?k=%EC%82%B0%EA%B3%A1%EB%8F%99-%EB%B9%97%EB%AC%BC%EB%88%84%EC%88%98"
"산곡동","창틀실리콘","https://sinbiroo.co.kr/?k=%EC%82%B0%EA%B3%A1%EB%8F%99-%EC%B0%BD%ED%8B%80%EC%8B%A4%EB%A6%AC%EC%BD%98"
"산곡동","샷시실리콘","https://sinbiroo.co.kr/?k=%EC%82%B0%EA%B3%A1%EB%8F%99-%EC%83%B7%EC%8B%9C%EC%8B%A4%EB%A6%AC%EC%BD%98"
"산곡동","외벽보수","https://sinbiroo.co.kr/?k=%EC%82%B0%EA%B3%A1%EB%8F%99-%EC%99%B8%EB%B2%BD%EB%B3%B4%EC%88%98"
"산곡동","외벽방수","https://sinbiroo.co.kr/?k=%EC%82%B0%EA%B3%A1%EB%8F%99-%EC%99%B8%EB%B2%BD%EB%B0%A9%EC%88%98"
"산곡동","옥상방수","https://sinbiroo.co.kr/?k=%EC%82%B0%EA%B3%A1%EB%8F%99-%EC%98%A5%EC%83%81%EB%B0%A9%EC%88%98"
"산곡동","건물방수","https://sinbiroo.co.kr/?k=%EC%82%B0%EA%B3%A1%EB%8F%99-%EA%B1%B4%EB%AC%BC%EB%B0%A9%EC%88%98"
"산곡동","외벽도색","https://sinbiroo.co.kr/?k=%EC%82%B0%EA%B3%A1%EB%8F%99-%EC%99%B8%EB%B2%BD%EB%8F%84%EC%83%89"
"청천동","창틀코킹","https://sinbiroo.co.kr/?k=%EC%B2%AD%EC%B2%9C%EB%8F%99-%EC%B0%BD%ED%8B%80%EC%BD%94%ED%82%B9"
"청천동","창틀누수","https://sinbiroo.co.kr/?k=%EC%B2%AD%EC%B2%9C%EB%8F%99-%EC%B0%BD%ED%8B%80%EB%88%84%EC%88%98"
"청천동","빗물누수","https://sinbiroo.co.kr/?k=%EC%B2%AD%EC%B2%9C%EB%8F%99-%EB%B9%97%EB%AC%BC%EB%88%84%EC%88%98"
"청천동","창틀실리콘","https://sinbiroo.co.kr/?k=%EC%B2%AD%EC%B2%9C%EB%8F%99-%EC%B0%BD%ED%8B%80%EC%8B%A4%EB%A6%AC%EC%BD%98"
"청천동","샷시실리콘","https://sinbiroo.co.kr/?k=%EC%B2%AD%EC%B2%9C%EB%8F%99-%EC%83%B7%EC%8B%9C%EC%8B%A4%EB%A6%AC%EC%BD%98"
"청천동","외벽보수","https://sinbiroo.co.kr/?k=%EC%B2%AD%EC%B2%9C%EB%8F%99-%EC%99%B8%EB%B2%BD%EB%B3%B4%EC%88%98"
"청천동","외벽방수","https://sinbiroo.co.kr/?k=%EC%B2%AD%EC%B2%9C%EB%8F%99-%EC%99%B8%EB%B2%BD%EB%B0%A9%EC%88%98"
"청천동","옥상방수","https://sinbiroo.co.kr/?k=%EC%B2%AD%EC%B2%9C%EB%8F%99-%EC%98%A5%EC%83%81%EB%B0%A9%EC%88%98"
"청천동","건물방수","https://sinbiroo.co.kr/?k=%EC%B2%AD%EC%B2%9C%EB%8F%99-%EA%B1%B4%EB%AC%BC%EB%B0%A9%EC%88%98"
"청천동","외벽도색","https://sinbiroo.co.kr/?k=%EC%B2%AD%EC%B2%9C%EB%8F%99-%EC%99%B8%EB%B2%BD%EB%8F%84%EC%83%89"
"갈산동","창틀코킹","https://sinbiroo.co.kr/?k=%EA%B0%88%EC%82%B0%EB%8F%99-%EC%B0%BD%ED%8B%80%EC%BD%94%ED%82%B9"
"갈산동","창틀누수","https://sinbiroo.co.kr/?k=%EA%B0%88%EC%82%B0%EB%8F%99-%EC%B0%BD%ED%8B%80%EB%88%84%EC%88%98"
"갈산동","빗물누수","https://sinbiroo.co.kr/?k=%EA%B0%88%EC%82%B0%EB%8F%99-%EB%B9%97%EB%AC%BC%EB%88%84%EC%88%98"
"갈산동","창틀실리콘","https://sinbiroo.co.kr/?k=%EA%B0%88%EC%82%B0%EB%8F%99-%EC%B0%BD%ED%8B%80%EC%8B%A4%EB%A6%AC%EC%BD%98"
"갈산동","샷시실리콘","https://sinbiroo.co.kr/?k=%EA%B0%88%EC%82%B0%EB%8F%99-%EC%83%B7%EC%8B%9C%EC%8B%A4%EB%A6%AC%EC%BD%98"
"갈산동","외벽보수","https://sinbiroo.co.kr/?k=%EA%B0%88%EC%82%B0%EB%8F%99-%EC%99%B8%EB%B2%BD%EB%B3%B4%EC%88%98"
"갈산동","외벽방수","https://sinbiroo.co.kr/?k=%EA%B0%88%EC%82%B0%EB%8F%99-%EC%99%B8%EB%B2%BD%EB%B0%A9%EC%88%98"
"갈산동","옥상방수","https://sinbiroo.co.kr/?k=%EA%B0%88%EC%82%B0%EB%8F%99-%EC%98%A5%EC%83%81%EB%B0%A9%EC%88%98"
"갈산동","건물방수","https://sinbiroo.co.kr/?k=%EA%B0%88%EC%82%B0%EB%8F%99-%EA%B1%B4%EB%AC%BC%EB%B0%A9%EC%88%98"
"갈산동","외벽도색","https://sinbiroo.co.kr/?k=%EA%B0%88%EC%82%B0%EB%8F%99-%EC%99%B8%EB%B2%BD%EB%8F%84%EC%83%89"
"삼산동","창틀코킹","https://sinbiroo.co.kr/?k=%EC%82%BC%EC%82%B0%EB%8F%99-%EC%B0%BD%ED%8B%80%EC%BD%94%ED%82%B9"
"삼산동","창틀누수","https://sinbiroo.co.kr/?k=%EC%82%BC%EC%82%B0%EB%8F%99-%EC%B0%BD%ED%8B%80%EB%88%84%EC%88%98"
"삼산동","빗물누수","https://sinbiroo.co.kr/?k=%EC%82%BC%EC%82%B0%EB%8F%99-%EB%B9%97%EB%AC%BC%EB%88%84%EC%88%98"
"삼산동","창틀실리콘","https://sinbiroo.co.kr/?k=%EC%82%BC%EC%82%B0%EB%8F%99-%EC%B0%BD%ED%8B%80%EC%8B%A4%EB%A6%AC%EC%BD%98"
"삼산동","샷시실리콘","https://sinbiroo.co.kr/?k=%EC%82%BC%EC%82%B0%EB%8F%99-%EC%83%B7%EC%8B%9C%EC%8B%A4%EB%A6%AC%EC%BD%98"
"삼산동","외벽보수","https://sinbiroo.co.kr/?k=%EC%82%BC%EC%82%B0%EB%8F%99-%EC%99%B8%EB%B2%BD%EB%B3%B4%EC%88%98"
"삼산동","외벽방수","https://sinbiroo.co.kr/?k=%EC%82%BC%EC%82%B0%EB%8F%99-%EC%99%B8%EB%B2%BD%EB%B0%A9%EC%88%98"
"삼산동","옥상방수","https://sinbiroo.co.kr/?k=%EC%82%BC%EC%82%B0%EB%8F%99-%EC%98%A5%EC%83%81%EB%B0%A9%EC%88%98"
"삼산동","건물방수","https://sinbiroo.co.kr/?k=%EC%82%BC%EC%82%B0%EB%8F%99-%EA%B1%B4%EB%AC%BC%EB%B0%A9%EC%88%98"
"삼산동","외벽도색","https://sinbiroo.co.kr/?k=%EC%82%BC%EC%82%B0%EB%8F%99-%EC%99%B8%EB%B2%BD%EB%8F%84%EC%83%89"
"부개동","창틀코킹","https://sinbiroo.co.kr/?k=%EB%B6%80%EA%B0%9C%EB%8F%99-%EC%B0%BD%ED%8B%80%EC%BD%94%ED%82%B9"
"부개동","창틀누수","https://sinbiroo.co.kr/?k=%EB%B6%80%EA%B0%9C%EB%8F%99-%EC%B0%BD%ED%8B%80%EB%88%84%EC%88%98"
"부개동","빗물누수","https://sinbiroo.co.kr/?k=%EB%B6%80%EA%B0%9C%EB%8F%99-%EB%B9%97%EB%AC%BC%EB%88%84%EC%88%98"
"부개동","창틀실리콘","https://sinbiroo.co.kr/?k=%EB%B6%80%EA%B0%9C%EB%8F%99-%EC%B0%BD%ED%8B%80%EC%8B%A4%EB%A6%AC%EC%BD%98"
"부개동","샷시실리콘","https://sinbiroo.co.kr/?k=%EB%B6%80%EA%B0%9C%EB%8F%99-%EC%83%B7%EC%8B%9C%EC%8B%A4%EB%A6%AC%EC%BD%98"
"부개동","외벽보수","https://sinbiroo.co.kr/?k=%EB%B6%80%EA%B0%9C%EB%8F%99-%EC%99%B8%EB%B2%BD%EB%B3%B4%EC%88%98"
"부개동","외벽방수","https://sinbiroo.co.kr/?k=%EB%B6%80%EA%B0%9C%EB%8F%99-%EC%99%B8%EB%B2%BD%EB%B0%A9%EC%88%98"
"부개동","옥상방수","https://sinbiroo.co.kr/?k=%EB%B6%80%EA%B0%9C%EB%8F%99-%EC%98%A5%EC%83%81%EB%B0%A9%EC%88%98"
"부개동","건물방수","https://sinbiroo.co.kr/?k=%EB%B6%80%EA%B0%9C%EB%8F%99-%EA%B1%B4%EB%AC%BC%EB%B0%A9%EC%88%98"
"부개동","외벽도색","https://sinbiroo.co.kr/?k=%EB%B6%80%EA%B0%9C%EB%8F%99-%EC%99%B8%EB%B2%BD%EB%8F%84%EC%83%89"
"일신동","창틀코킹","https://sinbiroo.co.kr/?k=%EC%9D%BC%EC%8B%A0%EB%8F%99-%EC%B0%BD%ED%8B%80%EC%BD%94%ED%82%B9"
"일신동","창틀누수","https://sinbiroo.co.kr/?k=%EC%9D%BC%EC%8B%A0%EB%8F%99-%EC%B0%BD%ED%8B%80%EB%88%84%EC%88%98"
"일신동","빗물누수","https://sinbiroo.co.kr/?k=%EC%9D%BC%EC%8B%A0%EB%8F%99-%EB%B9%97%EB%AC%BC%EB%88%84%EC%88%98"
"일신동","창틀실리콘","https://sinbiroo.co.kr/?k=%EC%9D%BC%EC%8B%A0%EB%8F%99-%EC%B0%BD%ED%8B%80%EC%8B%A4%EB%A6%AC%EC%BD%98"
"일신동","샷시실리콘","https://sinbiroo.co.kr/?k=%EC%9D%BC%EC%8B%A0%EB%8F%99-%EC%83%B7%EC%8B%9C%EC%8B%A4%EB%A6%AC%EC%BD%98"
"일신동","외벽보수","https://sinbiroo.co.kr/?k=%EC%9D%BC%EC%8B%A0%EB%8F%99-%EC%99%B8%EB%B2%BD%EB%B3%B4%EC%88%98"
"일신동","외벽방수","https://sinbiroo.co.kr/?k=%EC%9D%BC%EC%8B%A0%EB%8F%99-%EC%99%B8%EB%B2%BD%EB%B0%A9%EC%88%98"
"일신동","옥상방수","https://sinbiroo.co.kr/?k=%EC%9D%BC%EC%8B%A0%EB%8F%99-%EC%98%A5%EC%83%81%EB%B0%A9%EC%88%98"
"일신동","건물방수","https://sinbiroo.co.kr/?k=%EC%9D%BC%EC%8B%A0%EB%8F%99-%EA%B1%B4%EB%AC%BC%EB%B0%A9%EC%88%98"
"일신동","외벽도색","https://sinbiroo.co.kr/?k=%EC%9D%BC%EC%8B%A0%EB%8F%99-%EC%99%B8%EB%B2%BD%EB%8F%84%EC%83%89"
"십정동","창틀코킹","https://sinbiroo.co.kr/?k=%EC%8B%AD%EC%A0%95%EB%8F%99-%EC%B0%BD%ED%8B%80%EC%BD%94%ED%82%B9"
"십정동","창틀누수","https://sinbiroo.co.kr/?k=%EC%8B%AD%EC%A0%95%EB%8F%99-%EC%B0%BD%ED%8B%80%EB%88%84%EC%88%98"
"십정동","빗물누수","https://sinbiroo.co.kr/?k=%EC%8B%AD%EC%A0%95%EB%8F%99-%EB%B9%97%EB%AC%BC%EB%88%84%EC%88%98"
"십정동","창틀실리콘","https://sinbiroo.co.kr/?k=%EC%8B%AD%EC%A0%95%EB%8F%99-%EC%B0%BD%ED%8B%80%EC%8B%A4%EB%A6%AC%EC%BD%98"
"십정동","샷시실리콘","https://sinbiroo.co.kr/?k=%EC%8B%AD%EC%A0%95%EB%8F%99-%EC%83%B7%EC%8B%9C%EC%8B%A4%EB%A6%AC%EC%BD%98"
"십정동","외벽보수","https://sinbiroo.co.kr/?k=%EC%8B%AD%EC%A0%95%EB%8F%99-%EC%99%B8%EB%B2%BD%EB%B3%B4%EC%88%98"
"십정동","외벽방수","https://sinbiroo.co.kr/?k=%EC%8B%AD%EC%A0%95%EB%8F%99-%EC%99%B8%EB%B2%BD%EB%B0%A9%EC%88%98"
"십정동","옥상방수","https://sinbiroo.co.kr/?k=%EC%8B%AD%EC%A0%95%EB%8F%99-%EC%98%A5%EC%83%81%EB%B0%A9%EC%88%98"
"십정동","건물방수","https://sinbiroo.co.kr/?k=%EC%8B%AD%EC%A0%95%EB%8F%99-%EA%B1%B4%EB%AC%BC%EB%B0%A9%EC%88%98"
"십정동","외벽도색","https://sinbiroo.co.kr/?k=%EC%8B%AD%EC%A0%95%EB%8F%99-%EC%99%B8%EB%B2%BD%EB%8F%84%EC%83%89"
"계양구","창틀코킹","https://sinbiroo.co.kr/?k=%EA%B3%84%EC%96%91%EA%B5%AC-%EC%B0%BD%ED%8B%80%EC%BD%94%ED%82%B9"
"계양구","창틀누수","https://sinbiroo.co.kr/?k=%EA%B3%84%EC%96%91%EA%B5%AC-%EC%B0%BD%ED%8B%80%EB%88%84%EC%88%98"
"계양구","빗물누수","https://sinbiroo.co.kr/?k=%EA%B3%84%EC%96%91%EA%B5%AC-%EB%B9%97%EB%AC%BC%EB%88%84%EC%88%98"
"계양구","창틀실리콘","https://sinbiroo.co.kr/?k=%EA%B3%84%EC%96%91%EA%B5%AC-%EC%B0%BD%ED%8B%80%EC%8B%A4%EB%A6%AC%EC%BD%98"
"계양구","샷시실리콘","https://sinbiroo.co.kr/?k=%EA%B3%84%EC%96%91%EA%B5%AC-%EC%83%B7%EC%8B%9C%EC%8B%A4%EB%A6%AC%EC%BD%98"
"계양구","외벽보수","https://sinbiroo.co.kr/?k=%EA%B3%84%EC%96%91%EA%B5%AC-%EC%99%B8%EB%B2%BD%EB%B3%B4%EC%88%98"
"계양구","외벽방수","https://sinbiroo.co.kr/?k=%EA%B3%84%EC%96%91%EA%B5%AC-%EC%99%B8%EB%B2%BD%EB%B0%A9%EC%88%98"
"계양구","옥상방수","https://sinbiroo.co.kr/?k=%EA%B3%84%EC%96%91%EA%B5%AC-%EC%98%A5%EC%83%81%EB%B0%A9%EC%88%98"
"계양구","건물방수","https://sinbiroo.co.kr/?k=%EA%B3%84%EC%96%91%EA%B5%AC-%EA%B1%B4%EB%AC%BC%EB%B0%A9%EC%88%98"
"계양구","외벽도색","https://sinbiroo.co.kr/?k=%EA%B3%84%EC%96%91%EA%B5%AC-%EC%99%B8%EB%B2%BD%EB%8F%84%EC%83%89"
"효성동","창틀코킹","https://sinbiroo.co.kr/?k=%ED%9A%A8%EC%84%B1%EB%8F%99-%EC%B0%BD%ED%8B%80%EC%BD%94%ED%82%B9"
"효성동","창틀누수","https://sinbiroo.co.kr/?k=%ED%9A%A8%EC%84%B1%EB%8F%99-%EC%B0%BD%ED%8B%80%EB%88%84%EC%88%98"
"효성동","빗물누수","https://sinbiroo.co.kr/?k=%ED%9A%A8%EC%84%B1%EB%8F%99-%EB%B9%97%EB%AC%BC%EB%88%84%EC%88%98"
"효성동","창틀실리콘","https://sinbiroo.co.kr/?k=%ED%9A%A8%EC%84%B1%EB%8F%99-%EC%B0%BD%ED%8B%80%EC%8B%A4%EB%A6%AC%EC%BD%98"
"효성동","샷시실리콘","https://sinbiroo.co.kr/?k=%ED%9A%A8%EC%84%B1%EB%8F%99-%EC%83%B7%EC%8B%9C%EC%8B%A4%EB%A6%AC%EC%BD%98"
"효성동","외벽보수","https://sinbiroo.co.kr/?k=%ED%9A%A8%EC%84%B1%EB%8F%99-%EC%99%B8%EB%B2%BD%EB%B3%B4%EC%88%98"
"효성동","외벽방수","https://sinbiroo.co.kr/?k=%ED%9A%A8%EC%84%B1%EB%8F%99-%EC%99%B8%EB%B2%BD%EB%B0%A9%EC%88%98"
"효성동","옥상방수","https://sinbiroo.co.kr/?k=%ED%9A%A8%EC%84%B1%EB%8F%99-%EC%98%A5%EC%83%81%EB%B0%A9%EC%88%98"
"효성동","건물방수","https://sinbiroo.co.kr/?k=%ED%9A%A8%EC%84%B1%EB%8F%99-%EA%B1%B4%EB%AC%BC%EB%B0%A9%EC%88%98"
"효성동","외벽도색","https://sinbiroo.co.kr/?k=%ED%9A%A8%EC%84%B1%EB%8F%99-%EC%99%B8%EB%B2%BD%EB%8F%84%EC%83%89"
"계산동","창틀코킹","https://sinbiroo.co.kr/?k=%EA%B3%84%EC%82%B0%EB%8F%99-%EC%B0%BD%ED%8B%80%EC%BD%94%ED%82%B9"
"계산동","창틀누수","https://sinbiroo.co.kr/?k=%EA%B3%84%EC%82%B0%EB%8F%99-%EC%B0%BD%ED%8B%80%EB%88%84%EC%88%98"
"계산동","빗물누수","https://sinbiroo.co.kr/?k=%EA%B3%84%EC%82%B0%EB%8F%99-%EB%B9%97%EB%AC%BC%EB%88%84%EC%88%98"
"계산동","창틀실리콘","https://sinbiroo.co.kr/?k=%EA%B3%84%EC%82%B0%EB%8F%99-%EC%B0%BD%ED%8B%80%EC%8B%A4%EB%A6%AC%EC%BD%98"
"계산동","샷시실리콘","https://sinbiroo.co.kr/?k=%EA%B3%84%EC%82%B0%EB%8F%99-%EC%83%B7%EC%8B%9C%EC%8B%A4%EB%A6%AC%EC%BD%98"
"계산동","외벽보수","https://sinbiroo.co.kr/?k=%EA%B3%84%EC%82%B0%EB%8F%99-%EC%99%B8%EB%B2%BD%EB%B3%B4%EC%88%98"
"계산동","외벽방수","https://sinbiroo.co.kr/?k=%EA%B3%84%EC%82%B0%EB%8F%99-%EC%99%B8%EB%B2%BD%EB%B0%A9%EC%88%98"
"계산동","옥상방수","https://sinbiroo.co.kr/?k=%EA%B3%84%EC%82%B0%EB%8F%99-%EC%98%A5%EC%83%81%EB%B0%A9%EC%88%98"
"계산동","건물방수","https://sinbiroo.co.kr/?k=%EA%B3%84%EC%82%B0%EB%8F%99-%EA%B1%B4%EB%AC%BC%EB%B0%A9%EC%88%98"
"계산동","외벽도색","https://sinbiroo.co.kr/?k=%EA%B3%84%EC%82%B0%EB%8F%99-%EC%99%B8%EB%B2%BD%EB%8F%84%EC%83%89"
"작전동","창틀코킹","https://sinbiroo.co.kr/?k=%EC%9E%91%EC%A0%84%EB%8F%99-%EC%B0%BD%ED%8B%80%EC%BD%94%ED%82%B9"
"작전동","창틀누수","https://sinbiroo.co.kr/?k=%EC%9E%91%EC%A0%84%EB%8F%99-%EC%B0%BD%ED%8B%80%EB%88%84%EC%88%98"
"작전동","빗물누수","https://sinbiroo.co.kr/?k=%EC%9E%91%EC%A0%84%EB%8F%99-%EB%B9%97%EB%AC%BC%EB%88%84%EC%88%98"
"작전동","창틀실리콘","https://sinbiroo.co.kr/?k=%EC%9E%91%EC%A0%84%EB%8F%99-%EC%B0%BD%ED%8B%80%EC%8B%A4%EB%A6%AC%EC%BD%98"
"작전동","샷시실리콘","https://sinbiroo.co.kr/?k=%EC%9E%91%EC%A0%84%EB%8F%99-%EC%83%B7%EC%8B%9C%EC%8B%A4%EB%A6%AC%EC%BD%98"
"작전동","외벽보수","https://sinbiroo.co.kr/?k=%EC%9E%91%EC%A0%84%EB%8F%99-%EC%99%B8%EB%B2%BD%EB%B3%B4%EC%88%98"
"작전동","외벽방수","https://sinbiroo.co.kr/?k=%EC%9E%91%EC%A0%84%EB%8F%99-%EC%99%B8%EB%B2%BD%EB%B0%A9%EC%88%98"
"작전동","옥상방수","https://sinbiroo.co.kr/?k=%EC%9E%91%EC%A0%84%EB%8F%99-%EC%98%A5%EC%83%81%EB%B0%A9%EC%88%98"
"작전동","건물방수","https://sinbiroo.co.kr/?k=%EC%9E%91%EC%A0%84%EB%8F%99-%EA%B1%B4%EB%AC%BC%EB%B0%A9%EC%88%98"
"작전동","외벽도색","https://sinbiroo.co.kr/?k=%EC%9E%91%EC%A0%84%EB%8F%99-%EC%99%B8%EB%B2%BD%EB%8F%84%EC%83%89"
"서운동","창틀코킹","https://sinbiroo.co.kr/?k=%EC%84%9C%EC%9A%B4%EB%8F%99-%EC%B0%BD%ED%8B%80%EC%BD%94%ED%82%B9"
"서운동","창틀누수","https://sinbiroo.co.kr/?k=%EC%84%9C%EC%9A%B4%EB%8F%99-%EC%B0%BD%ED%8B%80%EB%88%84%EC%88%98"
"서운동","빗물누수","https://sinbiroo.co.kr/?k=%EC%84%9C%EC%9A%B4%EB%8F%99-%EB%B9%97%EB%AC%BC%EB%88%84%EC%88%98"
"서운동","창틀실리콘","https://sinbiroo.co.kr/?k=%EC%84%9C%EC%9A%B4%EB%8F%99-%EC%B0%BD%ED%8B%80%EC%8B%A4%EB%A6%AC%EC%BD%98"
"서운동","샷시실리콘","https://sinbiroo.co.kr/?k=%EC%84%9C%EC%9A%B4%EB%8F%99-%EC%83%B7%EC%8B%9C%EC%8B%A4%EB%A6%AC%EC%BD%98"
"서운동","외벽보수","https://sinbiroo.co.kr/?k=%EC%84%9C%EC%9A%B4%EB%8F%99-%EC%99%B8%EB%B2%BD%EB%B3%B4%EC%88%98"
"서운동","외벽방수","https://sinbiroo.co.kr/?k=%EC%84%9C%EC%9A%B4%EB%8F%99-%EC%99%B8%EB%B2%BD%EB%B0%A9%EC%88%98"
"서운동","옥상방수","https://sinbiroo.co.kr/?k=%EC%84%9C%EC%9A%B4%EB%8F%99-%EC%98%A5%EC%83%81%EB%B0%A9%EC%88%98"
"서운동","건물방수","https://sinbiroo.co.kr/?k=%EC%84%9C%EC%9A%B4%EB%8F%99-%EA%B1%B4%EB%AC%BC%EB%B0%A9%EC%88%98"
"서운동","외벽도색","https://sinbiroo.co.kr/?k=%EC%84%9C%EC%9A%B4%EB%8F%99-%EC%99%B8%EB%B2%BD%EB%8F%84%EC%83%89"
"계양동","창틀코킹","https://sinbiroo.co.kr/?k=%EA%B3%84%EC%96%91%EB%8F%99-%EC%B0%BD%ED%8B%80%EC%BD%94%ED%82%B9"
"계양동","창틀누수","https://sinbiroo.co.kr/?k=%EA%B3%84%EC%96%91%EB%8F%99-%EC%B0%BD%ED%8B%80%EB%88%84%EC%88%98"
"계양동","빗물누수","https://sinbiroo.co.kr/?k=%EA%B3%84%EC%96%91%EB%8F%99-%EB%B9%97%EB%AC%BC%EB%88%84%EC%88%98"
"계양동","창틀실리콘","https://sinbiroo.co.kr/?k=%EA%B3%84%EC%96%91%EB%8F%99-%EC%B0%BD%ED%8B%80%EC%8B%A4%EB%A6%AC%EC%BD%98"
"계양동","샷시실리콘","https://sinbiroo.co.kr/?k=%EA%B3%84%EC%96%91%EB%8F%99-%EC%83%B7%EC%8B%9C%EC%8B%A4%EB%A6%AC%EC%BD%98"
"계양동","외벽보수","https://sinbiroo.co.kr/?k=%EA%B3%84%EC%96%91%EB%8F%99-%EC%99%B8%EB%B2%BD%EB%B3%B4%EC%88%98"
"계양동","외벽방수","https://sinbiroo.co.kr/?k=%EA%B3%84%EC%96%91%EB%8F%99-%EC%99%B8%EB%B2%BD%EB%B0%A9%EC%88%98"
"계양동","옥상방수","https://sinbiroo.co.kr/?k=%EA%B3%84%EC%96%91%EB%8F%99-%EC%98%A5%EC%83%81%EB%B0%A9%EC%88%98"
"계양동","건물방수","https://sinbiroo.co.kr/?k=%EA%B3%84%EC%96%91%EB%8F%99-%EA%B1%B4%EB%AC%BC%EB%B0%A9%EC%88%98"
"계양동","외벽도색","https://sinbiroo.co.kr/?k=%EA%B3%84%EC%96%91%EB%8F%99-%EC%99%B8%EB%B2%BD%EB%8F%84%EC%83%89"
"임학동","창틀코킹","https://sinbiroo.co.kr/?k=%EC%9E%84%ED%95%99%EB%8F%99-%EC%B0%BD%ED%8B%80%EC%BD%94%ED%82%B9"
"임학동","창틀누수","https://sinbiroo.co.kr/?k=%EC%9E%84%ED%95%99%EB%8F%99-%EC%B0%BD%ED%8B%80%EB%88%84%EC%88%98"
"임학동","빗물누수","https://sinbiroo.co.kr/?k=%EC%9E%84%ED%95%99%EB%8F%99-%EB%B9%97%EB%AC%BC%EB%88%84%EC%88%98"
"임학동","창틀실리콘","https://sinbiroo.co.kr/?k=%EC%9E%84%ED%95%99%EB%8F%99-%EC%B0%BD%ED%8B%80%EC%8B%A4%EB%A6%AC%EC%BD%98"
"임학동","샷시실리콘","https://sinbiroo.co.kr/?k=%EC%9E%84%ED%95%99%EB%8F%99-%EC%83%B7%EC%8B%9C%EC%8B%A4%EB%A6%AC%EC%BD%98"
"임학동","외벽보수","https://sinbiroo.co.kr/?k=%EC%9E%84%ED%95%99%EB%8F%99-%EC%99%B8%EB%B2%BD%EB%B3%B4%EC%88%98"
"임학동","외벽방수","https://sinbiroo.co.kr/?k=%EC%9E%84%ED%95%99%EB%8F%99-%EC%99%B8%EB%B2%BD%EB%B0%A9%EC%88%98"
"임학동","옥상방수","https://sinbiroo.co.kr/?k=%EC%9E%84%ED%95%99%EB%8F%99-%EC%98%A5%EC%83%81%EB%B0%A9%EC%88%98"
"임학동","건물방수","https://sinbiroo.co.kr/?k=%EC%9E%84%ED%95%99%EB%8F%99-%EA%B1%B4%EB%AC%BC%EB%B0%A9%EC%88%98"
"임학동","외벽도색","https://sinbiroo.co.kr/?k=%EC%9E%84%ED%95%99%EB%8F%99-%EC%99%B8%EB%B2%BD%EB%8F%84%EC%83%89"
"용종동","창틀코킹","https://sinbiroo.co.kr/?k=%EC%9A%A9%EC%A2%85%EB%8F%99-%EC%B0%BD%ED%8B%80%EC%BD%94%ED%82%B9"
"용종동","창틀누수","https://sinbiroo.co.kr/?k=%EC%9A%A9%EC%A2%85%EB%8F%99-%EC%B0%BD%ED%8B%80%EB%88%84%EC%88%98"
"용종동","빗물누수","https://sinbiroo.co.kr/?k=%EC%9A%A9%EC%A2%85%EB%8F%99-%EB%B9%97%EB%AC%BC%EB%88%84%EC%88%98"
"용종동","창틀실리콘","https://sinbiroo.co.kr/?k=%EC%9A%A9%EC%A2%85%EB%8F%99-%EC%B0%BD%ED%8B%80%EC%8B%A4%EB%A6%AC%EC%BD%98"
"용종동","샷시실리콘","https://sinbiroo.co.kr/?k=%EC%9A%A9%EC%A2%85%EB%8F%99-%EC%83%B7%EC%8B%9C%EC%8B%A4%EB%A6%AC%EC%BD%98"
"용종동","외벽보수","https://sinbiroo.co.kr/?k=%EC%9A%A9%EC%A2%85%EB%8F%99-%EC%99%B8%EB%B2%BD%EB%B3%B4%EC%88%98"
"용종동","외벽방수","https://sinbiroo.co.kr/?k=%EC%9A%A9%EC%A2%85%EB%8F%99-%EC%99%B8%EB%B2%BD%EB%B0%A9%EC%88%98"
"용종동","옥상방수","https://sinbiroo.co.kr/?k=%EC%9A%A9%EC%A2%85%EB%8F%99-%EC%98%A5%EC%83%81%EB%B0%A9%EC%88%98"
"용종동","건물방수","https://sinbiroo.co.kr/?k=%EC%9A%A9%EC%A2%85%EB%8F%99-%EA%B1%B4%EB%AC%BC%EB%B0%A9%EC%88%98"
"용종동","외벽도색","https://sinbiroo.co.kr/?k=%EC%9A%A9%EC%A2%85%EB%8F%99-%EC%99%B8%EB%B2%BD%EB%8F%84%EC%83%89"
"병방동","창틀코킹","https://sinbiroo.co.kr/?k=%EB%B3%91%EB%B0%A9%EB%8F%99-%EC%B0%BD%ED%8B%80%EC%BD%94%ED%82%B9"
"병방동","창틀누수","https://sinbiroo.co.kr/?k=%EB%B3%91%EB%B0%A9%EB%8F%99-%EC%B0%BD%ED%8B%80%EB%88%84%EC%88%98"
"병방동","빗물누수","https://sinbiroo.co.kr/?k=%EB%B3%91%EB%B0%A9%EB%8F%99-%EB%B9%97%EB%AC%BC%EB%88%84%EC%88%98"
"병방동","창틀실리콘","https://sinbiroo.co.kr/?k=%EB%B3%91%EB%B0%A9%EB%8F%99-%EC%B0%BD%ED%8B%80%EC%8B%A4%EB%A6%AC%EC%BD%98"
"병방동","샷시실리콘","https://sinbiroo.co.kr/?k=%EB%B3%91%EB%B0%A9%EB%8F%99-%EC%83%B7%EC%8B%9C%EC%8B%A4%EB%A6%AC%EC%BD%98"
"병방동","외벽보수","https://sinbiroo.co.kr/?k=%EB%B3%91%EB%B0%A9%EB%8F%99-%EC%99%B8%EB%B2%BD%EB%B3%B4%EC%88%98"
"병방동","외벽방수","https://sinbiroo.co.kr/?k=%EB%B3%91%EB%B0%A9%EB%8F%99-%EC%99%B8%EB%B2%BD%EB%B0%A9%EC%88%98"
"병방동","옥상방수","https://sinbiroo.co.kr/?k=%EB%B3%91%EB%B0%A9%EB%8F%99-%EC%98%A5%EC%83%81%EB%B0%A9%EC%88%98"
"병방동","건물방수","https://sinbiroo.co.kr/?k=%EB%B3%91%EB%B0%A9%EB%8F%99-%EA%B1%B4%EB%AC%BC%EB%B0%A9%EC%88%98"
"병방동","외벽도색","https://sinbiroo.co.kr/?k=%EB%B3%91%EB%B0%A9%EB%8F%99-%EC%99%B8%EB%B2%BD%EB%8F%84%EC%83%89"
"박촌동","창틀코킹","https://sinbiroo.co.kr/?k=%EB%B0%95%EC%B4%8C%EB%8F%99-%EC%B0%BD%ED%8B%80%EC%BD%94%ED%82%B9"
"박촌동","창틀누수","https://sinbiroo.co.kr/?k=%EB%B0%95%EC%B4%8C%EB%8F%99-%EC%B0%BD%ED%8B%80%EB%88%84%EC%88%98"
"박촌동","빗물누수","https://sinbiroo.co.kr/?k=%EB%B0%95%EC%B4%8C%EB%8F%99-%EB%B9%97%EB%AC%BC%EB%88%84%EC%88%98"
"박촌동","창틀실리콘","https://sinbiroo.co.kr/?k=%EB%B0%95%EC%B4%8C%EB%8F%99-%EC%B0%BD%ED%8B%80%EC%8B%A4%EB%A6%AC%EC%BD%98"
"박촌동","샷시실리콘","https://sinbiroo.co.kr/?k=%EB%B0%95%EC%B4%8C%EB%8F%99-%EC%83%B7%EC%8B%9C%EC%8B%A4%EB%A6%AC%EC%BD%98"
"박촌동","외벽보수","https://sinbiroo.co.kr/?k=%EB%B0%95%EC%B4%8C%EB%8F%99-%EC%99%B8%EB%B2%BD%EB%B3%B4%EC%88%98"
"박촌동","외벽방수","https://sinbiroo.co.kr/?k=%EB%B0%95%EC%B4%8C%EB%8F%99-%EC%99%B8%EB%B2%BD%EB%B0%A9%EC%88%98"
"박촌동","옥상방수","https://sinbiroo.co.kr/?k=%EB%B0%95%EC%B4%8C%EB%8F%99-%EC%98%A5%EC%83%81%EB%B0%A9%EC%88%98"
"박촌동","건물방수","https://sinbiroo.co.kr/?k=%EB%B0%95%EC%B4%8C%EB%8F%99-%EA%B1%B4%EB%AC%BC%EB%B0%A9%EC%88%98"
"박촌동","외벽도색","https://sinbiroo.co.kr/?k=%EB%B0%95%EC%B4%8C%EB%8F%99-%EC%99%B8%EB%B2%BD%EB%8F%84%EC%83%89"
"동양동","창틀코킹","https://sinbiroo.co.kr/?k=%EB%8F%99%EC%96%91%EB%8F%99-%EC%B0%BD%ED%8B%80%EC%BD%94%ED%82%B9"
"동양동","창틀누수","https://sinbiroo.co.kr/?k=%EB%8F%99%EC%96%91%EB%8F%99-%EC%B0%BD%ED%8B%80%EB%88%84%EC%88%98"
"동양동","빗물누수","https://sinbiroo.co.kr/?k=%EB%8F%99%EC%96%91%EB%8F%99-%EB%B9%97%EB%AC%BC%EB%88%84%EC%88%98"
"동양동","창틀실리콘","https://sinbiroo.co.kr/?k=%EB%8F%99%EC%96%91%EB%8F%99-%EC%B0%BD%ED%8B%80%EC%8B%A4%EB%A6%AC%EC%BD%98"
"동양동","샷시실리콘","https://sinbiroo.co.kr/?k=%EB%8F%99%EC%96%91%EB%8F%99-%EC%83%B7%EC%8B%9C%EC%8B%A4%EB%A6%AC%EC%BD%98"
"동양동","외벽보수","https://sinbiroo.co.kr/?k=%EB%8F%99%EC%96%91%EB%8F%99-%EC%99%B8%EB%B2%BD%EB%B3%B4%EC%88%98"
"동양동","외벽방수","https://sinbiroo.co.kr/?k=%EB%8F%99%EC%96%91%EB%8F%99-%EC%99%B8%EB%B2%BD%EB%B0%A9%EC%88%98"
"동양동","옥상방수","https://sinbiroo.co.kr/?k=%EB%8F%99%EC%96%91%EB%8F%99-%EC%98%A5%EC%83%81%EB%B0%A9%EC%88%98"
"동양동","건물방수","https://sinbiroo.co.kr/?k=%EB%8F%99%EC%96%91%EB%8F%99-%EA%B1%B4%EB%AC%BC%EB%B0%A9%EC%88%98"
"동양동","외벽도색","https://sinbiroo.co.kr/?k=%EB%8F%99%EC%96%91%EB%8F%99-%EC%99%B8%EB%B2%BD%EB%8F%84%EC%83%89"
"귤현동","창틀코킹","https://sinbiroo.co.kr/?k=%EA%B7%A4%ED%98%84%EB%8F%99-%EC%B0%BD%ED%8B%80%EC%BD%94%ED%82%B9"
"귤현동","창틀누수","https://sinbiroo.co.kr/?k=%EA%B7%A4%ED%98%84%EB%8F%99-%EC%B0%BD%ED%8B%80%EB%88%84%EC%88%98"
"귤현동","빗물누수","https://sinbiroo.co.kr/?k=%EA%B7%A4%ED%98%84%EB%8F%99-%EB%B9%97%EB%AC%BC%EB%88%84%EC%88%98"
"귤현동","창틀실리콘","https://sinbiroo.co.kr/?k=%EA%B7%A4%ED%98%84%EB%8F%99-%EC%B0%BD%ED%8B%80%EC%8B%A4%EB%A6%AC%EC%BD%98"
"귤현동","샷시실리콘","https://sinbiroo.co.kr/?k=%EA%B7%A4%ED%98%84%EB%8F%99-%EC%83%B7%EC%8B%9C%EC%8B%A4%EB%A6%AC%EC%BD%98"
"귤현동","외벽보수","https://sinbiroo.co.kr/?k=%EA%B7%A4%ED%98%84%EB%8F%99-%EC%99%B8%EB%B2%BD%EB%B3%B4%EC%88%98"
"귤현동","외벽방수","https://sinbiroo.co.kr/?k=%EA%B7%A4%ED%98%84%EB%8F%99-%EC%99%B8%EB%B2%BD%EB%B0%A9%EC%88%98"
"귤현동","옥상방수","https://sinbiroo.co.kr/?k=%EA%B7%A4%ED%98%84%EB%8F%99-%EC%98%A5%EC%83%81%EB%B0%A9%EC%88%98"
"귤현동","건물방수","https://sinbiroo.co.kr/?k=%EA%B7%A4%ED%98%84%EB%8F%99-%EA%B1%B4%EB%AC%BC%EB%B0%A9%EC%88%98"
"귤현동","외벽도색","https://sinbiroo.co.kr/?k=%EA%B7%A4%ED%98%84%EB%8F%99-%EC%99%B8%EB%B2%BD%EB%8F%84%EC%83%89"
"서해구","창틀코킹","https://sinbiroo.co.kr/?k=%EC%84%9C%ED%95%B4%EA%B5%AC-%EC%B0%BD%ED%8B%80%EC%BD%94%ED%82%B9"
"서해구","창틀누수","https://sinbiroo.co.kr/?k=%EC%84%9C%ED%95%B4%EA%B5%AC-%EC%B0%BD%ED%8B%80%EB%88%84%EC%88%98"
"서해구","빗물누수","https://sinbiroo.co.kr/?k=%EC%84%9C%ED%95%B4%EA%B5%AC-%EB%B9%97%EB%AC%BC%EB%88%84%EC%88%98"
"서해구","창틀실리콘","https://sinbiroo.co.kr/?k=%EC%84%9C%ED%95%B4%EA%B5%AC-%EC%B0%BD%ED%8B%80%EC%8B%A4%EB%A6%AC%EC%BD%98"
"서해구","샷시실리콘","https://sinbiroo.co.kr/?k=%EC%84%9C%ED%95%B4%EA%B5%AC-%EC%83%B7%EC%8B%9C%EC%8B%A4%EB%A6%AC%EC%BD%98"
"서해구","외벽보수","https://sinbiroo.co.kr/?k=%EC%84%9C%ED%95%B4%EA%B5%AC-%EC%99%B8%EB%B2%BD%EB%B3%B4%EC%88%98"
"서해구","외벽방수","https://sinbiroo.co.kr/?k=%EC%84%9C%ED%95%B4%EA%B5%AC-%EC%99%B8%EB%B2%BD%EB%B0%A9%EC%88%98"
"서해구","옥상방수","https://sinbiroo.co.kr/?k=%EC%84%9C%ED%95%B4%EA%B5%AC-%EC%98%A5%EC%83%81%EB%B0%A9%EC%88%98"
"서해구","건물방수","https://sinbiroo.co.kr/?k=%EC%84%9C%ED%95%B4%EA%B5%AC-%EA%B1%B4%EB%AC%BC%EB%B0%A9%EC%88%98"
"서해구","외벽도색","https://sinbiroo.co.kr/?k=%EC%84%9C%ED%95%B4%EA%B5%AC-%EC%99%B8%EB%B2%BD%EB%8F%84%EC%83%89"
"검암동","창틀코킹","https://sinbiroo.co.kr/?k=%EA%B2%80%EC%95%94%EB%8F%99-%EC%B0%BD%ED%8B%80%EC%BD%94%ED%82%B9"
"검암동","창틀누수","https://sinbiroo.co.kr/?k=%EA%B2%80%EC%95%94%EB%8F%99-%EC%B0%BD%ED%8B%80%EB%88%84%EC%88%98"
"검암동","빗물누수","https://sinbiroo.co.kr/?k=%EA%B2%80%EC%95%94%EB%8F%99-%EB%B9%97%EB%AC%BC%EB%88%84%EC%88%98"
"검암동","창틀실리콘","https://sinbiroo.co.kr/?k=%EA%B2%80%EC%95%94%EB%8F%99-%EC%B0%BD%ED%8B%80%EC%8B%A4%EB%A6%AC%EC%BD%98"
"검암동","샷시실리콘","https://sinbiroo.co.kr/?k=%EA%B2%80%EC%95%94%EB%8F%99-%EC%83%B7%EC%8B%9C%EC%8B%A4%EB%A6%AC%EC%BD%98"
"검암동","외벽보수","https://sinbiroo.co.kr/?k=%EA%B2%80%EC%95%94%EB%8F%99-%EC%99%B8%EB%B2%BD%EB%B3%B4%EC%88%98"
"검암동","외벽방수","https://sinbiroo.co.kr/?k=%EA%B2%80%EC%95%94%EB%8F%99-%EC%99%B8%EB%B2%BD%EB%B0%A9%EC%88%98"
"검암동","옥상방수","https://sinbiroo.co.kr/?k=%EA%B2%80%EC%95%94%EB%8F%99-%EC%98%A5%EC%83%81%EB%B0%A9%EC%88%98"
"검암동","건물방수","https://sinbiroo.co.kr/?k=%EA%B2%80%EC%95%94%EB%8F%99-%EA%B1%B4%EB%AC%BC%EB%B0%A9%EC%88%98"
"검암동","외벽도색","https://sinbiroo.co.kr/?k=%EA%B2%80%EC%95%94%EB%8F%99-%EC%99%B8%EB%B2%BD%EB%8F%84%EC%83%89"
"경서동","창틀코킹","https://sinbiroo.co.kr/?k=%EA%B2%BD%EC%84%9C%EB%8F%99-%EC%B0%BD%ED%8B%80%EC%BD%94%ED%82%B9"
"경서동","창틀누수","https://sinbiroo.co.kr/?k=%EA%B2%BD%EC%84%9C%EB%8F%99-%EC%B0%BD%ED%8B%80%EB%88%84%EC%88%98"
"경서동","빗물누수","https://sinbiroo.co.kr/?k=%EA%B2%BD%EC%84%9C%EB%8F%99-%EB%B9%97%EB%AC%BC%EB%88%84%EC%88%98"
"경서동","창틀실리콘","https://sinbiroo.co.kr/?k=%EA%B2%BD%EC%84%9C%EB%8F%99-%EC%B0%BD%ED%8B%80%EC%8B%A4%EB%A6%AC%EC%BD%98"
"경서동","샷시실리콘","https://sinbiroo.co.kr/?k=%EA%B2%BD%EC%84%9C%EB%8F%99-%EC%83%B7%EC%8B%9C%EC%8B%A4%EB%A6%AC%EC%BD%98"
"경서동","외벽보수","https://sinbiroo.co.kr/?k=%EA%B2%BD%EC%84%9C%EB%8F%99-%EC%99%B8%EB%B2%BD%EB%B3%B4%EC%88%98"
"경서동","외벽방수","https://sinbiroo.co.kr/?k=%EA%B2%BD%EC%84%9C%EB%8F%99-%EC%99%B8%EB%B2%BD%EB%B0%A9%EC%88%98"
"경서동","옥상방수","https://sinbiroo.co.kr/?k=%EA%B2%BD%EC%84%9C%EB%8F%99-%EC%98%A5%EC%83%81%EB%B0%A9%EC%88%98"
"경서동","건물방수","https://sinbiroo.co.kr/?k=%EA%B2%BD%EC%84%9C%EB%8F%99-%EA%B1%B4%EB%AC%BC%EB%B0%A9%EC%88%98"
"경서동","외벽도색","https://sinbiroo.co.kr/?k=%EA%B2%BD%EC%84%9C%EB%8F%99-%EC%99%B8%EB%B2%BD%EB%8F%84%EC%83%89"
"인천 연희동","창틀코킹","https://sinbiroo.co.kr/?k=%EC%9D%B8%EC%B2%9C-%EC%97%B0%ED%9D%AC%EB%8F%99-%EC%B0%BD%ED%8B%80%EC%BD%94%ED%82%B9"
"인천 연희동","창틀누수","https://sinbiroo.co.kr/?k=%EC%9D%B8%EC%B2%9C-%EC%97%B0%ED%9D%AC%EB%8F%99-%EC%B0%BD%ED%8B%80%EB%88%84%EC%88%98"
"인천 연희동","빗물누수","https://sinbiroo.co.kr/?k=%EC%9D%B8%EC%B2%9C-%EC%97%B0%ED%9D%AC%EB%8F%99-%EB%B9%97%EB%AC%BC%EB%88%84%EC%88%98"
"인천 연희동","창틀실리콘","https://sinbiroo.co.kr/?k=%EC%9D%B8%EC%B2%9C-%EC%97%B0%ED%9D%AC%EB%8F%99-%EC%B0%BD%ED%8B%80%EC%8B%A4%EB%A6%AC%EC%BD%98"
"인천 연희동","샷시실리콘","https://sinbiroo.co.kr/?k=%EC%9D%B8%EC%B2%9C-%EC%97%B0%ED%9D%AC%EB%8F%99-%EC%83%B7%EC%8B%9C%EC%8B%A4%EB%A6%AC%EC%BD%98"
"인천 연희동","외벽보수","https://sinbiroo.co.kr/?k=%EC%9D%B8%EC%B2%9C-%EC%97%B0%ED%9D%AC%EB%8F%99-%EC%99%B8%EB%B2%BD%EB%B3%B4%EC%88%98"
"인천 연희동","외벽방수","https://sinbiroo.co.kr/?k=%EC%9D%B8%EC%B2%9C-%EC%97%B0%ED%9D%AC%EB%8F%99-%EC%99%B8%EB%B2%BD%EB%B0%A9%EC%88%98"
"인천 연희동","옥상방수","https://sinbiroo.co.kr/?k=%EC%9D%B8%EC%B2%9C-%EC%97%B0%ED%9D%AC%EB%8F%99-%EC%98%A5%EC%83%81%EB%B0%A9%EC%88%98"
"인천 연희동","건물방수","https://sinbiroo.co.kr/?k=%EC%9D%B8%EC%B2%9C-%EC%97%B0%ED%9D%AC%EB%8F%99-%EA%B1%B4%EB%AC%BC%EB%B0%A9%EC%88%98"
"인천 연희동","외벽도색","https://sinbiroo.co.kr/?k=%EC%9D%B8%EC%B2%9C-%EC%97%B0%ED%9D%AC%EB%8F%99-%EC%99%B8%EB%B2%BD%EB%8F%84%EC%83%89"
"청라동","창틀코킹","https://sinbiroo.co.kr/?k=%EC%B2%AD%EB%9D%BC%EB%8F%99-%EC%B0%BD%ED%8B%80%EC%BD%94%ED%82%B9"
"청라동","창틀누수","https://sinbiroo.co.kr/?k=%EC%B2%AD%EB%9D%BC%EB%8F%99-%EC%B0%BD%ED%8B%80%EB%88%84%EC%88%98"
"청라동","빗물누수","https://sinbiroo.co.kr/?k=%EC%B2%AD%EB%9D%BC%EB%8F%99-%EB%B9%97%EB%AC%BC%EB%88%84%EC%88%98"
"청라동","창틀실리콘","https://sinbiroo.co.kr/?k=%EC%B2%AD%EB%9D%BC%EB%8F%99-%EC%B0%BD%ED%8B%80%EC%8B%A4%EB%A6%AC%EC%BD%98"
"청라동","샷시실리콘","https://sinbiroo.co.kr/?k=%EC%B2%AD%EB%9D%BC%EB%8F%99-%EC%83%B7%EC%8B%9C%EC%8B%A4%EB%A6%AC%EC%BD%98"
"청라동","외벽보수","https://sinbiroo.co.kr/?k=%EC%B2%AD%EB%9D%BC%EB%8F%99-%EC%99%B8%EB%B2%BD%EB%B3%B4%EC%88%98"
"청라동","외벽방수","https://sinbiroo.co.kr/?k=%EC%B2%AD%EB%9D%BC%EB%8F%99-%EC%99%B8%EB%B2%BD%EB%B0%A9%EC%88%98"
"청라동","옥상방수","https://sinbiroo.co.kr/?k=%EC%B2%AD%EB%9D%BC%EB%8F%99-%EC%98%A5%EC%83%81%EB%B0%A9%EC%88%98"
"청라동","건물방수","https://sinbiroo.co.kr/?k=%EC%B2%AD%EB%9D%BC%EB%8F%99-%EA%B1%B4%EB%AC%BC%EB%B0%A9%EC%88%98"
"청라동","외벽도색","https://sinbiroo.co.kr/?k=%EC%B2%AD%EB%9D%BC%EB%8F%99-%EC%99%B8%EB%B2%BD%EB%8F%84%EC%83%89"
"가정동","창틀코킹","https://sinbiroo.co.kr/?k=%EA%B0%80%EC%A0%95%EB%8F%99-%EC%B0%BD%ED%8B%80%EC%BD%94%ED%82%B9"
"가정동","창틀누수","https://sinbiroo.co.kr/?k=%EA%B0%80%EC%A0%95%EB%8F%99-%EC%B0%BD%ED%8B%80%EB%88%84%EC%88%98"
"가정동","빗물누수","https://sinbiroo.co.kr/?k=%EA%B0%80%EC%A0%95%EB%8F%99-%EB%B9%97%EB%AC%BC%EB%88%84%EC%88%98"
"가정동","창틀실리콘","https://sinbiroo.co.kr/?k=%EA%B0%80%EC%A0%95%EB%8F%99-%EC%B0%BD%ED%8B%80%EC%8B%A4%EB%A6%AC%EC%BD%98"
"가정동","샷시실리콘","https://sinbiroo.co.kr/?k=%EA%B0%80%EC%A0%95%EB%8F%99-%EC%83%B7%EC%8B%9C%EC%8B%A4%EB%A6%AC%EC%BD%98"
"가정동","외벽보수","https://sinbiroo.co.kr/?k=%EA%B0%80%EC%A0%95%EB%8F%99-%EC%99%B8%EB%B2%BD%EB%B3%B4%EC%88%98"
"가정동","외벽방수","https://sinbiroo.co.kr/?k=%EA%B0%80%EC%A0%95%EB%8F%99-%EC%99%B8%EB%B2%BD%EB%B0%A9%EC%88%98"
"가정동","옥상방수","https://sinbiroo.co.kr/?k=%EA%B0%80%EC%A0%95%EB%8F%99-%EC%98%A5%EC%83%81%EB%B0%A9%EC%88%98"
"가정동","건물방수","https://sinbiroo.co.kr/?k=%EA%B0%80%EC%A0%95%EB%8F%99-%EA%B1%B4%EB%AC%BC%EB%B0%A9%EC%88%98"
"가정동","외벽도색","https://sinbiroo.co.kr/?k=%EA%B0%80%EC%A0%95%EB%8F%99-%EC%99%B8%EB%B2%BD%EB%8F%84%EC%83%89"
"인천 신현동","창틀코킹","https://sinbiroo.co.kr/?k=%EC%9D%B8%EC%B2%9C-%EC%8B%A0%ED%98%84%EB%8F%99-%EC%B0%BD%ED%8B%80%EC%BD%94%ED%82%B9"
"인천 신현동","창틀누수","https://sinbiroo.co.kr/?k=%EC%9D%B8%EC%B2%9C-%EC%8B%A0%ED%98%84%EB%8F%99-%EC%B0%BD%ED%8B%80%EB%88%84%EC%88%98"
"인천 신현동","빗물누수","https://sinbiroo.co.kr/?k=%EC%9D%B8%EC%B2%9C-%EC%8B%A0%ED%98%84%EB%8F%99-%EB%B9%97%EB%AC%BC%EB%88%84%EC%88%98"
"인천 신현동","창틀실리콘","https://sinbiroo.co.kr/?k=%EC%9D%B8%EC%B2%9C-%EC%8B%A0%ED%98%84%EB%8F%99-%EC%B0%BD%ED%8B%80%EC%8B%A4%EB%A6%AC%EC%BD%98"
"인천 신현동","샷시실리콘","https://sinbiroo.co.kr/?k=%EC%9D%B8%EC%B2%9C-%EC%8B%A0%ED%98%84%EB%8F%99-%EC%83%B7%EC%8B%9C%EC%8B%A4%EB%A6%AC%EC%BD%98"
"인천 신현동","외벽보수","https://sinbiroo.co.kr/?k=%EC%9D%B8%EC%B2%9C-%EC%8B%A0%ED%98%84%EB%8F%99-%EC%99%B8%EB%B2%BD%EB%B3%B4%EC%88%98"
"인천 신현동","외벽방수","https://sinbiroo.co.kr/?k=%EC%9D%B8%EC%B2%9C-%EC%8B%A0%ED%98%84%EB%8F%99-%EC%99%B8%EB%B2%BD%EB%B0%A9%EC%88%98"
"인천 신현동","옥상방수","https://sinbiroo.co.kr/?k=%EC%9D%B8%EC%B2%9C-%EC%8B%A0%ED%98%84%EB%8F%99-%EC%98%A5%EC%83%81%EB%B0%A9%EC%88%98"
"인천 신현동","건물방수","https://sinbiroo.co.kr/?k=%EC%9D%B8%EC%B2%9C-%EC%8B%A0%ED%98%84%EB%8F%99-%EA%B1%B4%EB%AC%BC%EB%B0%A9%EC%88%98"
"인천 신현동","외벽도색","https://sinbiroo.co.kr/?k=%EC%9D%B8%EC%B2%9C-%EC%8B%A0%ED%98%84%EB%8F%99-%EC%99%B8%EB%B2%BD%EB%8F%84%EC%83%89"
"원창동","창틀코킹","https://sinbiroo.co.kr/?k=%EC%9B%90%EC%B0%BD%EB%8F%99-%EC%B0%BD%ED%8B%80%EC%BD%94%ED%82%B9"
"원창동","창틀누수","https://sinbiroo.co.kr/?k=%EC%9B%90%EC%B0%BD%EB%8F%99-%EC%B0%BD%ED%8B%80%EB%88%84%EC%88%98"
"원창동","빗물누수","https://sinbiroo.co.kr/?k=%EC%9B%90%EC%B0%BD%EB%8F%99-%EB%B9%97%EB%AC%BC%EB%88%84%EC%88%98"
"원창동","창틀실리콘","https://sinbiroo.co.kr/?k=%EC%9B%90%EC%B0%BD%EB%8F%99-%EC%B0%BD%ED%8B%80%EC%8B%A4%EB%A6%AC%EC%BD%98"
"원창동","샷시실리콘","https://sinbiroo.co.kr/?k=%EC%9B%90%EC%B0%BD%EB%8F%99-%EC%83%B7%EC%8B%9C%EC%8B%A4%EB%A6%AC%EC%BD%98"
"원창동","외벽보수","https://sinbiroo.co.kr/?k=%EC%9B%90%EC%B0%BD%EB%8F%99-%EC%99%B8%EB%B2%BD%EB%B3%B4%EC%88%98"
"원창동","외벽방수","https://sinbiroo.co.kr/?k=%EC%9B%90%EC%B0%BD%EB%8F%99-%EC%99%B8%EB%B2%BD%EB%B0%A9%EC%88%98"
"원창동","옥상방수","https://sinbiroo.co.kr/?k=%EC%9B%90%EC%B0%BD%EB%8F%99-%EC%98%A5%EC%83%81%EB%B0%A9%EC%88%98"
"원창동","건물방수","https://sinbiroo.co.kr/?k=%EC%9B%90%EC%B0%BD%EB%8F%99-%EA%B1%B4%EB%AC%BC%EB%B0%A9%EC%88%98"
"원창동","외벽도색","https://sinbiroo.co.kr/?k=%EC%9B%90%EC%B0%BD%EB%8F%99-%EC%99%B8%EB%B2%BD%EB%8F%84%EC%83%89"
"석남동","창틀코킹","https://sinbiroo.co.kr/?k=%EC%84%9D%EB%82%A8%EB%8F%99-%EC%B0%BD%ED%8B%80%EC%BD%94%ED%82%B9"
"석남동","창틀누수","https://sinbiroo.co.kr/?k=%EC%84%9D%EB%82%A8%EB%8F%99-%EC%B0%BD%ED%8B%80%EB%88%84%EC%88%98"
"석남동","빗물누수","https://sinbiroo.co.kr/?k=%EC%84%9D%EB%82%A8%EB%8F%99-%EB%B9%97%EB%AC%BC%EB%88%84%EC%88%98"
"석남동","창틀실리콘","https://sinbiroo.co.kr/?k=%EC%84%9D%EB%82%A8%EB%8F%99-%EC%B0%BD%ED%8B%80%EC%8B%A4%EB%A6%AC%EC%BD%98"
"석남동","샷시실리콘","https://sinbiroo.co.kr/?k=%EC%84%9D%EB%82%A8%EB%8F%99-%EC%83%B7%EC%8B%9C%EC%8B%A4%EB%A6%AC%EC%BD%98"
"석남동","외벽보수","https://sinbiroo.co.kr/?k=%EC%84%9D%EB%82%A8%EB%8F%99-%EC%99%B8%EB%B2%BD%EB%B3%B4%EC%88%98"
"석남동","외벽방수","https://sinbiroo.co.kr/?k=%EC%84%9D%EB%82%A8%EB%8F%99-%EC%99%B8%EB%B2%BD%EB%B0%A9%EC%88%98"
"석남동","옥상방수","https://sinbiroo.co.kr/?k=%EC%84%9D%EB%82%A8%EB%8F%99-%EC%98%A5%EC%83%81%EB%B0%A9%EC%88%98"
"석남동","건물방수","https://sinbiroo.co.kr/?k=%EC%84%9D%EB%82%A8%EB%8F%99-%EA%B1%B4%EB%AC%BC%EB%B0%A9%EC%88%98"
"석남동","외벽도색","https://sinbiroo.co.kr/?k=%EC%84%9D%EB%82%A8%EB%8F%99-%EC%99%B8%EB%B2%BD%EB%8F%84%EC%83%89"
"인천 가좌동","창틀코킹","https://sinbiroo.co.kr/?k=%EC%9D%B8%EC%B2%9C-%EA%B0%80%EC%A2%8C%EB%8F%99-%EC%B0%BD%ED%8B%80%EC%BD%94%ED%82%B9"
"인천 가좌동","창틀누수","https://sinbiroo.co.kr/?k=%EC%9D%B8%EC%B2%9C-%EA%B0%80%EC%A2%8C%EB%8F%99-%EC%B0%BD%ED%8B%80%EB%88%84%EC%88%98"
"인천 가좌동","빗물누수","https://sinbiroo.co.kr/?k=%EC%9D%B8%EC%B2%9C-%EA%B0%80%EC%A2%8C%EB%8F%99-%EB%B9%97%EB%AC%BC%EB%88%84%EC%88%98"
"인천 가좌동","창틀실리콘","https://sinbiroo.co.kr/?k=%EC%9D%B8%EC%B2%9C-%EA%B0%80%EC%A2%8C%EB%8F%99-%EC%B0%BD%ED%8B%80%EC%8B%A4%EB%A6%AC%EC%BD%98"
"인천 가좌동","샷시실리콘","https://sinbiroo.co.kr/?k=%EC%9D%B8%EC%B2%9C-%EA%B0%80%EC%A2%8C%EB%8F%99-%EC%83%B7%EC%8B%9C%EC%8B%A4%EB%A6%AC%EC%BD%98"
"인천 가좌동","외벽보수","https://sinbiroo.co.kr/?k=%EC%9D%B8%EC%B2%9C-%EA%B0%80%EC%A2%8C%EB%8F%99-%EC%99%B8%EB%B2%BD%EB%B3%B4%EC%88%98"
"인천 가좌동","외벽방수","https://sinbiroo.co.kr/?k=%EC%9D%B8%EC%B2%9C-%EA%B0%80%EC%A2%8C%EB%8F%99-%EC%99%B8%EB%B2%BD%EB%B0%A9%EC%88%98"
"인천 가좌동","옥상방수","https://sinbiroo.co.kr/?k=%EC%9D%B8%EC%B2%9C-%EA%B0%80%EC%A2%8C%EB%8F%99-%EC%98%A5%EC%83%81%EB%B0%A9%EC%88%98"
"인천 가좌동","건물방수","https://sinbiroo.co.kr/?k=%EC%9D%B8%EC%B2%9C-%EA%B0%80%EC%A2%8C%EB%8F%99-%EA%B1%B4%EB%AC%BC%EB%B0%A9%EC%88%98"
"인천 가좌동","외벽도색","https://sinbiroo.co.kr/?k=%EC%9D%B8%EC%B2%9C-%EA%B0%80%EC%A2%8C%EB%8F%99-%EC%99%B8%EB%B2%BD%EB%8F%84%EC%83%89"
"검단구","창틀코킹","https://sinbiroo.co.kr/?k=%EA%B2%80%EB%8B%A8%EA%B5%AC-%EC%B0%BD%ED%8B%80%EC%BD%94%ED%82%B9"
"검단구","창틀누수","https://sinbiroo.co.kr/?k=%EA%B2%80%EB%8B%A8%EA%B5%AC-%EC%B0%BD%ED%8B%80%EB%88%84%EC%88%98"
"검단구","빗물누수","https://sinbiroo.co.kr/?k=%EA%B2%80%EB%8B%A8%EA%B5%AC-%EB%B9%97%EB%AC%BC%EB%88%84%EC%88%98"
"검단구","창틀실리콘","https://sinbiroo.co.kr/?k=%EA%B2%80%EB%8B%A8%EA%B5%AC-%EC%B0%BD%ED%8B%80%EC%8B%A4%EB%A6%AC%EC%BD%98"
"검단구","샷시실리콘","https://sinbiroo.co.kr/?k=%EA%B2%80%EB%8B%A8%EA%B5%AC-%EC%83%B7%EC%8B%9C%EC%8B%A4%EB%A6%AC%EC%BD%98"
"검단구","외벽보수","https://sinbiroo.co.kr/?k=%EA%B2%80%EB%8B%A8%EA%B5%AC-%EC%99%B8%EB%B2%BD%EB%B3%B4%EC%88%98"
"검단구","외벽방수","https://sinbiroo.co.kr/?k=%EA%B2%80%EB%8B%A8%EA%B5%AC-%EC%99%B8%EB%B2%BD%EB%B0%A9%EC%88%98"
"검단구","옥상방수","https://sinbiroo.co.kr/?k=%EA%B2%80%EB%8B%A8%EA%B5%AC-%EC%98%A5%EC%83%81%EB%B0%A9%EC%88%98"
"검단구","건물방수","https://sinbiroo.co.kr/?k=%EA%B2%80%EB%8B%A8%EA%B5%AC-%EA%B1%B4%EB%AC%BC%EB%B0%A9%EC%88%98"
"검단구","외벽도색","https://sinbiroo.co.kr/?k=%EA%B2%80%EB%8B%A8%EA%B5%AC-%EC%99%B8%EB%B2%BD%EB%8F%84%EC%83%89"
"검단동","창틀코킹","https://sinbiroo.co.kr/?k=%EA%B2%80%EB%8B%A8%EB%8F%99-%EC%B0%BD%ED%8B%80%EC%BD%94%ED%82%B9"
"검단동","창틀누수","https://sinbiroo.co.kr/?k=%EA%B2%80%EB%8B%A8%EB%8F%99-%EC%B0%BD%ED%8B%80%EB%88%84%EC%88%98"
"검단동","빗물누수","https://sinbiroo.co.kr/?k=%EA%B2%80%EB%8B%A8%EB%8F%99-%EB%B9%97%EB%AC%BC%EB%88%84%EC%88%98"
"검단동","창틀실리콘","https://sinbiroo.co.kr/?k=%EA%B2%80%EB%8B%A8%EB%8F%99-%EC%B0%BD%ED%8B%80%EC%8B%A4%EB%A6%AC%EC%BD%98"
"검단동","샷시실리콘","https://sinbiroo.co.kr/?k=%EA%B2%80%EB%8B%A8%EB%8F%99-%EC%83%B7%EC%8B%9C%EC%8B%A4%EB%A6%AC%EC%BD%98"
"검단동","외벽보수","https://sinbiroo.co.kr/?k=%EA%B2%80%EB%8B%A8%EB%8F%99-%EC%99%B8%EB%B2%BD%EB%B3%B4%EC%88%98"
"검단동","외벽방수","https://sinbiroo.co.kr/?k=%EA%B2%80%EB%8B%A8%EB%8F%99-%EC%99%B8%EB%B2%BD%EB%B0%A9%EC%88%98"
"검단동","옥상방수","https://sinbiroo.co.kr/?k=%EA%B2%80%EB%8B%A8%EB%8F%99-%EC%98%A5%EC%83%81%EB%B0%A9%EC%88%98"
"검단동","건물방수","https://sinbiroo.co.kr/?k=%EA%B2%80%EB%8B%A8%EB%8F%99-%EA%B1%B4%EB%AC%BC%EB%B0%A9%EC%88%98"
"검단동","외벽도색","https://sinbiroo.co.kr/?k=%EA%B2%80%EB%8B%A8%EB%8F%99-%EC%99%B8%EB%B2%BD%EB%8F%84%EC%83%89"
"불로동","창틀코킹","https://sinbiroo.co.kr/?k=%EB%B6%88%EB%A1%9C%EB%8F%99-%EC%B0%BD%ED%8B%80%EC%BD%94%ED%82%B9"
"불로동","창틀누수","https://sinbiroo.co.kr/?k=%EB%B6%88%EB%A1%9C%EB%8F%99-%EC%B0%BD%ED%8B%80%EB%88%84%EC%88%98"
"불로동","빗물누수","https://sinbiroo.co.kr/?k=%EB%B6%88%EB%A1%9C%EB%8F%99-%EB%B9%97%EB%AC%BC%EB%88%84%EC%88%98"
"불로동","창틀실리콘","https://sinbiroo.co.kr/?k=%EB%B6%88%EB%A1%9C%EB%8F%99-%EC%B0%BD%ED%8B%80%EC%8B%A4%EB%A6%AC%EC%BD%98"
"불로동","샷시실리콘","https://sinbiroo.co.kr/?k=%EB%B6%88%EB%A1%9C%EB%8F%99-%EC%83%B7%EC%8B%9C%EC%8B%A4%EB%A6%AC%EC%BD%98"
"불로동","외벽보수","https://sinbiroo.co.kr/?k=%EB%B6%88%EB%A1%9C%EB%8F%99-%EC%99%B8%EB%B2%BD%EB%B3%B4%EC%88%98"
"불로동","외벽방수","https://sinbiroo.co.kr/?k=%EB%B6%88%EB%A1%9C%EB%8F%99-%EC%99%B8%EB%B2%BD%EB%B0%A9%EC%88%98"
"불로동","옥상방수","https://sinbiroo.co.kr/?k=%EB%B6%88%EB%A1%9C%EB%8F%99-%EC%98%A5%EC%83%81%EB%B0%A9%EC%88%98"
"불로동","건물방수","https://sinbiroo.co.kr/?k=%EB%B6%88%EB%A1%9C%EB%8F%99-%EA%B1%B4%EB%AC%BC%EB%B0%A9%EC%88%98"
"불로동","외벽도색","https://sinbiroo.co.kr/?k=%EB%B6%88%EB%A1%9C%EB%8F%99-%EC%99%B8%EB%B2%BD%EB%8F%84%EC%83%89"
"대곡동","창틀코킹","https://sinbiroo.co.kr/?k=%EB%8C%80%EA%B3%A1%EB%8F%99-%EC%B0%BD%ED%8B%80%EC%BD%94%ED%82%B9"
"대곡동","창틀누수","https://sinbiroo.co.kr/?k=%EB%8C%80%EA%B3%A1%EB%8F%99-%EC%B0%BD%ED%8B%80%EB%88%84%EC%88%98"
"대곡동","빗물누수","https://sinbiroo.co.kr/?k=%EB%8C%80%EA%B3%A1%EB%8F%99-%EB%B9%97%EB%AC%BC%EB%88%84%EC%88%98"
"대곡동","창틀실리콘","https://sinbiroo.co.kr/?k=%EB%8C%80%EA%B3%A1%EB%8F%99-%EC%B0%BD%ED%8B%80%EC%8B%A4%EB%A6%AC%EC%BD%98"
"대곡동","샷시실리콘","https://sinbiroo.co.kr/?k=%EB%8C%80%EA%B3%A1%EB%8F%99-%EC%83%B7%EC%8B%9C%EC%8B%A4%EB%A6%AC%EC%BD%98"
"대곡동","외벽보수","https://sinbiroo.co.kr/?k=%EB%8C%80%EA%B3%A1%EB%8F%99-%EC%99%B8%EB%B2%BD%EB%B3%B4%EC%88%98"
"대곡동","외벽방수","https://sinbiroo.co.kr/?k=%EB%8C%80%EA%B3%A1%EB%8F%99-%EC%99%B8%EB%B2%BD%EB%B0%A9%EC%88%98"
"대곡동","옥상방수","https://sinbiroo.co.kr/?k=%EB%8C%80%EA%B3%A1%EB%8F%99-%EC%98%A5%EC%83%81%EB%B0%A9%EC%88%98"
"대곡동","건물방수","https://sinbiroo.co.kr/?k=%EB%8C%80%EA%B3%A1%EB%8F%99-%EA%B1%B4%EB%AC%BC%EB%B0%A9%EC%88%98"
"대곡동","외벽도색","https://sinbiroo.co.kr/?k=%EB%8C%80%EA%B3%A1%EB%8F%99-%EC%99%B8%EB%B2%BD%EB%8F%84%EC%83%89"
"원당동","창틀코킹","https://sinbiroo.co.kr/?k=%EC%9B%90%EB%8B%B9%EB%8F%99-%EC%B0%BD%ED%8B%80%EC%BD%94%ED%82%B9"
"원당동","창틀누수","https://sinbiroo.co.kr/?k=%EC%9B%90%EB%8B%B9%EB%8F%99-%EC%B0%BD%ED%8B%80%EB%88%84%EC%88%98"
"원당동","빗물누수","https://sinbiroo.co.kr/?k=%EC%9B%90%EB%8B%B9%EB%8F%99-%EB%B9%97%EB%AC%BC%EB%88%84%EC%88%98"
"원당동","창틀실리콘","https://sinbiroo.co.kr/?k=%EC%9B%90%EB%8B%B9%EB%8F%99-%EC%B0%BD%ED%8B%80%EC%8B%A4%EB%A6%AC%EC%BD%98"
"원당동","샷시실리콘","https://sinbiroo.co.kr/?k=%EC%9B%90%EB%8B%B9%EB%8F%99-%EC%83%B7%EC%8B%9C%EC%8B%A4%EB%A6%AC%EC%BD%98"
"원당동","외벽보수","https://sinbiroo.co.kr/?k=%EC%9B%90%EB%8B%B9%EB%8F%99-%EC%99%B8%EB%B2%BD%EB%B3%B4%EC%88%98"
"원당동","외벽방수","https://sinbiroo.co.kr/?k=%EC%9B%90%EB%8B%B9%EB%8F%99-%EC%99%B8%EB%B2%BD%EB%B0%A9%EC%88%98"
"원당동","옥상방수","https://sinbiroo.co.kr/?k=%EC%9B%90%EB%8B%B9%EB%8F%99-%EC%98%A5%EC%83%81%EB%B0%A9%EC%88%98"
"원당동","건물방수","https://sinbiroo.co.kr/?k=%EC%9B%90%EB%8B%B9%EB%8F%99-%EA%B1%B4%EB%AC%BC%EB%B0%A9%EC%88%98"
"원당동","외벽도색","https://sinbiroo.co.kr/?k=%EC%9B%90%EB%8B%B9%EB%8F%99-%EC%99%B8%EB%B2%BD%EB%8F%84%EC%83%89"
"당하동","창틀코킹","https://sinbiroo.co.kr/?k=%EB%8B%B9%ED%95%98%EB%8F%99-%EC%B0%BD%ED%8B%80%EC%BD%94%ED%82%B9"
"당하동","창틀누수","https://sinbiroo.co.kr/?k=%EB%8B%B9%ED%95%98%EB%8F%99-%EC%B0%BD%ED%8B%80%EB%88%84%EC%88%98"
"당하동","빗물누수","https://sinbiroo.co.kr/?k=%EB%8B%B9%ED%95%98%EB%8F%99-%EB%B9%97%EB%AC%BC%EB%88%84%EC%88%98"
"당하동","창틀실리콘","https://sinbiroo.co.kr/?k=%EB%8B%B9%ED%95%98%EB%8F%99-%EC%B0%BD%ED%8B%80%EC%8B%A4%EB%A6%AC%EC%BD%98"
"당하동","샷시실리콘","https://sinbiroo.co.kr/?k=%EB%8B%B9%ED%95%98%EB%8F%99-%EC%83%B7%EC%8B%9C%EC%8B%A4%EB%A6%AC%EC%BD%98"
"당하동","외벽보수","https://sinbiroo.co.kr/?k=%EB%8B%B9%ED%95%98%EB%8F%99-%EC%99%B8%EB%B2%BD%EB%B3%B4%EC%88%98"
"당하동","외벽방수","https://sinbiroo.co.kr/?k=%EB%8B%B9%ED%95%98%EB%8F%99-%EC%99%B8%EB%B2%BD%EB%B0%A9%EC%88%98"
"당하동","옥상방수","https://sinbiroo.co.kr/?k=%EB%8B%B9%ED%95%98%EB%8F%99-%EC%98%A5%EC%83%81%EB%B0%A9%EC%88%98"
"당하동","건물방수","https://sinbiroo.co.kr/?k=%EB%8B%B9%ED%95%98%EB%8F%99-%EA%B1%B4%EB%AC%BC%EB%B0%A9%EC%88%98"
"당하동","외벽도색","https://sinbiroo.co.kr/?k=%EB%8B%B9%ED%95%98%EB%8F%99-%EC%99%B8%EB%B2%BD%EB%8F%84%EC%83%89"
"검단 오류동","창틀코킹","https://sinbiroo.co.kr/?k=%EA%B2%80%EB%8B%A8-%EC%98%A4%EB%A5%98%EB%8F%99-%EC%B0%BD%ED%8B%80%EC%BD%94%ED%82%B9"
"검단 오류동","창틀누수","https://sinbiroo.co.kr/?k=%EA%B2%80%EB%8B%A8-%EC%98%A4%EB%A5%98%EB%8F%99-%EC%B0%BD%ED%8B%80%EB%88%84%EC%88%98"
"검단 오류동","빗물누수","https://sinbiroo.co.kr/?k=%EA%B2%80%EB%8B%A8-%EC%98%A4%EB%A5%98%EB%8F%99-%EB%B9%97%EB%AC%BC%EB%88%84%EC%88%98"
"검단 오류동","창틀실리콘","https://sinbiroo.co.kr/?k=%EA%B2%80%EB%8B%A8-%EC%98%A4%EB%A5%98%EB%8F%99-%EC%B0%BD%ED%8B%80%EC%8B%A4%EB%A6%AC%EC%BD%98"
"검단 오류동","샷시실리콘","https://sinbiroo.co.kr/?k=%EA%B2%80%EB%8B%A8-%EC%98%A4%EB%A5%98%EB%8F%99-%EC%83%B7%EC%8B%9C%EC%8B%A4%EB%A6%AC%EC%BD%98"
"검단 오류동","외벽보수","https://sinbiroo.co.kr/?k=%EA%B2%80%EB%8B%A8-%EC%98%A4%EB%A5%98%EB%8F%99-%EC%99%B8%EB%B2%BD%EB%B3%B4%EC%88%98"
"검단 오류동","외벽방수","https://sinbiroo.co.kr/?k=%EA%B2%80%EB%8B%A8-%EC%98%A4%EB%A5%98%EB%8F%99-%EC%99%B8%EB%B2%BD%EB%B0%A9%EC%88%98"
"검단 오류동","옥상방수","https://sinbiroo.co.kr/?k=%EA%B2%80%EB%8B%A8-%EC%98%A4%EB%A5%98%EB%8F%99-%EC%98%A5%EC%83%81%EB%B0%A9%EC%88%98"
"검단 오류동","건물방수","https://sinbiroo.co.kr/?k=%EA%B2%80%EB%8B%A8-%EC%98%A4%EB%A5%98%EB%8F%99-%EA%B1%B4%EB%AC%BC%EB%B0%A9%EC%88%98"
"검단 오류동","외벽도색","https://sinbiroo.co.kr/?k=%EA%B2%80%EB%8B%A8-%EC%98%A4%EB%A5%98%EB%8F%99-%EC%99%B8%EB%B2%BD%EB%8F%84%EC%83%89"
"왕길동","창틀코킹","https://sinbiroo.co.kr/?k=%EC%99%95%EA%B8%B8%EB%8F%99-%EC%B0%BD%ED%8B%80%EC%BD%94%ED%82%B9"
"왕길동","창틀누수","https://sinbiroo.co.kr/?k=%EC%99%95%EA%B8%B8%EB%8F%99-%EC%B0%BD%ED%8B%80%EB%88%84%EC%88%98"
"왕길동","빗물누수","https://sinbiroo.co.kr/?k=%EC%99%95%EA%B8%B8%EB%8F%99-%EB%B9%97%EB%AC%BC%EB%88%84%EC%88%98"
"왕길동","창틀실리콘","https://sinbiroo.co.kr/?k=%EC%99%95%EA%B8%B8%EB%8F%99-%EC%B0%BD%ED%8B%80%EC%8B%A4%EB%A6%AC%EC%BD%98"
"왕길동","샷시실리콘","https://sinbiroo.co.kr/?k=%EC%99%95%EA%B8%B8%EB%8F%99-%EC%83%B7%EC%8B%9C%EC%8B%A4%EB%A6%AC%EC%BD%98"
"왕길동","외벽보수","https://sinbiroo.co.kr/?k=%EC%99%95%EA%B8%B8%EB%8F%99-%EC%99%B8%EB%B2%BD%EB%B3%B4%EC%88%98"
"왕길동","외벽방수","https://sinbiroo.co.kr/?k=%EC%99%95%EA%B8%B8%EB%8F%99-%EC%99%B8%EB%B2%BD%EB%B0%A9%EC%88%98"
"왕길동","옥상방수","https://sinbiroo.co.kr/?k=%EC%99%95%EA%B8%B8%EB%8F%99-%EC%98%A5%EC%83%81%EB%B0%A9%EC%88%98"
"왕길동","건물방수","https://sinbiroo.co.kr/?k=%EC%99%95%EA%B8%B8%EB%8F%99-%EA%B1%B4%EB%AC%BC%EB%B0%A9%EC%88%98"
"왕길동","외벽도색","https://sinbiroo.co.kr/?k=%EC%99%95%EA%B8%B8%EB%8F%99-%EC%99%B8%EB%B2%BD%EB%8F%84%EC%83%89"
"마전동","창틀코킹","https://sinbiroo.co.kr/?k=%EB%A7%88%EC%A0%84%EB%8F%99-%EC%B0%BD%ED%8B%80%EC%BD%94%ED%82%B9"
"마전동","창틀누수","https://sinbiroo.co.kr/?k=%EB%A7%88%EC%A0%84%EB%8F%99-%EC%B0%BD%ED%8B%80%EB%88%84%EC%88%98"
"마전동","빗물누수","https://sinbiroo.co.kr/?k=%EB%A7%88%EC%A0%84%EB%8F%99-%EB%B9%97%EB%AC%BC%EB%88%84%EC%88%98"
"마전동","창틀실리콘","https://sinbiroo.co.kr/?k=%EB%A7%88%EC%A0%84%EB%8F%99-%EC%B0%BD%ED%8B%80%EC%8B%A4%EB%A6%AC%EC%BD%98"
"마전동","샷시실리콘","https://sinbiroo.co.kr/?k=%EB%A7%88%EC%A0%84%EB%8F%99-%EC%83%B7%EC%8B%9C%EC%8B%A4%EB%A6%AC%EC%BD%98"
"마전동","외벽보수","https://sinbiroo.co.kr/?k=%EB%A7%88%EC%A0%84%EB%8F%99-%EC%99%B8%EB%B2%BD%EB%B3%B4%EC%88%98"
"마전동","외벽방수","https://sinbiroo.co.kr/?k=%EB%A7%88%EC%A0%84%EB%8F%99-%EC%99%B8%EB%B2%BD%EB%B0%A9%EC%88%98"
"마전동","옥상방수","https://sinbiroo.co.kr/?k=%EB%A7%88%EC%A0%84%EB%8F%99-%EC%98%A5%EC%83%81%EB%B0%A9%EC%88%98"
"마전동","건물방수","https://sinbiroo.co.kr/?k=%EB%A7%88%EC%A0%84%EB%8F%99-%EA%B1%B4%EB%AC%BC%EB%B0%A9%EC%88%98"
"마전동","외벽도색","https://sinbiroo.co.kr/?k=%EB%A7%88%EC%A0%84%EB%8F%99-%EC%99%B8%EB%B2%BD%EB%8F%84%EC%83%89"
"아라동","창틀코킹","https://sinbiroo.co.kr/?k=%EC%95%84%EB%9D%BC%EB%8F%99-%EC%B0%BD%ED%8B%80%EC%BD%94%ED%82%B9"
"아라동","창틀누수","https://sinbiroo.co.kr/?k=%EC%95%84%EB%9D%BC%EB%8F%99-%EC%B0%BD%ED%8B%80%EB%88%84%EC%88%98"
"아라동","빗물누수","https://sinbiroo.co.kr/?k=%EC%95%84%EB%9D%BC%EB%8F%99-%EB%B9%97%EB%AC%BC%EB%88%84%EC%88%98"
"아라동","창틀실리콘","https://sinbiroo.co.kr/?k=%EC%95%84%EB%9D%BC%EB%8F%99-%EC%B0%BD%ED%8B%80%EC%8B%A4%EB%A6%AC%EC%BD%98"
"아라동","샷시실리콘","https://sinbiroo.co.kr/?k=%EC%95%84%EB%9D%BC%EB%8F%99-%EC%83%B7%EC%8B%9C%EC%8B%A4%EB%A6%AC%EC%BD%98"
"아라동","외벽보수","https://sinbiroo.co.kr/?k=%EC%95%84%EB%9D%BC%EB%8F%99-%EC%99%B8%EB%B2%BD%EB%B3%B4%EC%88%98"
"아라동","외벽방수","https://sinbiroo.co.kr/?k=%EC%95%84%EB%9D%BC%EB%8F%99-%EC%99%B8%EB%B2%BD%EB%B0%A9%EC%88%98"
"아라동","옥상방수","https://sinbiroo.co.kr/?k=%EC%95%84%EB%9D%BC%EB%8F%99-%EC%98%A5%EC%83%81%EB%B0%A9%EC%88%98"
"아라동","건물방수","https://sinbiroo.co.kr/?k=%EC%95%84%EB%9D%BC%EB%8F%99-%EA%B1%B4%EB%AC%BC%EB%B0%A9%EC%88%98"
"아라동","외벽도색","https://sinbiroo.co.kr/?k=%EC%95%84%EB%9D%BC%EB%8F%99-%EC%99%B8%EB%B2%BD%EB%8F%84%EC%83%89"
"인천 중구","창틀코킹","https://sinbiroo.co.kr/?k=%EC%9D%B8%EC%B2%9C-%EC%A4%91%EA%B5%AC-%EC%B0%BD%ED%8B%80%EC%BD%94%ED%82%B9"
"인천 중구","창틀누수","https://sinbiroo.co.kr/?k=%EC%9D%B8%EC%B2%9C-%EC%A4%91%EA%B5%AC-%EC%B0%BD%ED%8B%80%EB%88%84%EC%88%98"
"인천 중구","빗물누수","https://sinbiroo.co.kr/?k=%EC%9D%B8%EC%B2%9C-%EC%A4%91%EA%B5%AC-%EB%B9%97%EB%AC%BC%EB%88%84%EC%88%98"
"인천 중구","창틀실리콘","https://sinbiroo.co.kr/?k=%EC%9D%B8%EC%B2%9C-%EC%A4%91%EA%B5%AC-%EC%B0%BD%ED%8B%80%EC%8B%A4%EB%A6%AC%EC%BD%98"
"인천 중구","샷시실리콘","https://sinbiroo.co.kr/?k=%EC%9D%B8%EC%B2%9C-%EC%A4%91%EA%B5%AC-%EC%83%B7%EC%8B%9C%EC%8B%A4%EB%A6%AC%EC%BD%98"
"인천 중구","외벽보수","https://sinbiroo.co.kr/?k=%EC%9D%B8%EC%B2%9C-%EC%A4%91%EA%B5%AC-%EC%99%B8%EB%B2%BD%EB%B3%B4%EC%88%98"
"인천 중구","외벽방수","https://sinbiroo.co.kr/?k=%EC%9D%B8%EC%B2%9C-%EC%A4%91%EA%B5%AC-%EC%99%B8%EB%B2%BD%EB%B0%A9%EC%88%98"
"인천 중구","옥상방수","https://sinbiroo.co.kr/?k=%EC%9D%B8%EC%B2%9C-%EC%A4%91%EA%B5%AC-%EC%98%A5%EC%83%81%EB%B0%A9%EC%88%98"
"인천 중구","건물방수","https://sinbiroo.co.kr/?k=%EC%9D%B8%EC%B2%9C-%EC%A4%91%EA%B5%AC-%EA%B1%B4%EB%AC%BC%EB%B0%A9%EC%88%98"
"인천 중구","외벽도색","https://sinbiroo.co.kr/?k=%EC%9D%B8%EC%B2%9C-%EC%A4%91%EA%B5%AC-%EC%99%B8%EB%B2%BD%EB%8F%84%EC%83%89"
"인천 중구 신포동","창틀코킹","https://sinbiroo.co.kr/?k=%EC%9D%B8%EC%B2%9C-%EC%A4%91%EA%B5%AC-%EC%8B%A0%ED%8F%AC%EB%8F%99-%EC%B0%BD%ED%8B%80%EC%BD%94%ED%82%B9"
"인천 중구 신포동","창틀누수","https://sinbiroo.co.kr/?k=%EC%9D%B8%EC%B2%9C-%EC%A4%91%EA%B5%AC-%EC%8B%A0%ED%8F%AC%EB%8F%99-%EC%B0%BD%ED%8B%80%EB%88%84%EC%88%98"
"인천 중구 신포동","빗물누수","https://sinbiroo.co.kr/?k=%EC%9D%B8%EC%B2%9C-%EC%A4%91%EA%B5%AC-%EC%8B%A0%ED%8F%AC%EB%8F%99-%EB%B9%97%EB%AC%BC%EB%88%84%EC%88%98"
"인천 중구 신포동","창틀실리콘","https://sinbiroo.co.kr/?k=%EC%9D%B8%EC%B2%9C-%EC%A4%91%EA%B5%AC-%EC%8B%A0%ED%8F%AC%EB%8F%99-%EC%B0%BD%ED%8B%80%EC%8B%A4%EB%A6%AC%EC%BD%98"
"인천 중구 신포동","샷시실리콘","https://sinbiroo.co.kr/?k=%EC%9D%B8%EC%B2%9C-%EC%A4%91%EA%B5%AC-%EC%8B%A0%ED%8F%AC%EB%8F%99-%EC%83%B7%EC%8B%9C%EC%8B%A4%EB%A6%AC%EC%BD%98"
"인천 중구 신포동","외벽보수","https://sinbiroo.co.kr/?k=%EC%9D%B8%EC%B2%9C-%EC%A4%91%EA%B5%AC-%EC%8B%A0%ED%8F%AC%EB%8F%99-%EC%99%B8%EB%B2%BD%EB%B3%B4%EC%88%98"
"인천 중구 신포동","외벽방수","https://sinbiroo.co.kr/?k=%EC%9D%B8%EC%B2%9C-%EC%A4%91%EA%B5%AC-%EC%8B%A0%ED%8F%AC%EB%8F%99-%EC%99%B8%EB%B2%BD%EB%B0%A9%EC%88%98"
"인천 중구 신포동","옥상방수","https://sinbiroo.co.kr/?k=%EC%9D%B8%EC%B2%9C-%EC%A4%91%EA%B5%AC-%EC%8B%A0%ED%8F%AC%EB%8F%99-%EC%98%A5%EC%83%81%EB%B0%A9%EC%88%98"
"인천 중구 신포동","건물방수","https://sinbiroo.co.kr/?k=%EC%9D%B8%EC%B2%9C-%EC%A4%91%EA%B5%AC-%EC%8B%A0%ED%8F%AC%EB%8F%99-%EA%B1%B4%EB%AC%BC%EB%B0%A9%EC%88%98"
"인천 중구 신포동","외벽도색","https://sinbiroo.co.kr/?k=%EC%9D%B8%EC%B2%9C-%EC%A4%91%EA%B5%AC-%EC%8B%A0%ED%8F%AC%EB%8F%99-%EC%99%B8%EB%B2%BD%EB%8F%84%EC%83%89"
"인천 중구 연안동","창틀코킹","https://sinbiroo.co.kr/?k=%EC%9D%B8%EC%B2%9C-%EC%A4%91%EA%B5%AC-%EC%97%B0%EC%95%88%EB%8F%99-%EC%B0%BD%ED%8B%80%EC%BD%94%ED%82%B9"
"인천 중구 연안동","창틀누수","https://sinbiroo.co.kr/?k=%EC%9D%B8%EC%B2%9C-%EC%A4%91%EA%B5%AC-%EC%97%B0%EC%95%88%EB%8F%99-%EC%B0%BD%ED%8B%80%EB%88%84%EC%88%98"
"인천 중구 연안동","빗물누수","https://sinbiroo.co.kr/?k=%EC%9D%B8%EC%B2%9C-%EC%A4%91%EA%B5%AC-%EC%97%B0%EC%95%88%EB%8F%99-%EB%B9%97%EB%AC%BC%EB%88%84%EC%88%98"
"인천 중구 연안동","창틀실리콘","https://sinbiroo.co.kr/?k=%EC%9D%B8%EC%B2%9C-%EC%A4%91%EA%B5%AC-%EC%97%B0%EC%95%88%EB%8F%99-%EC%B0%BD%ED%8B%80%EC%8B%A4%EB%A6%AC%EC%BD%98"
"인천 중구 연안동","샷시실리콘","https://sinbiroo.co.kr/?k=%EC%9D%B8%EC%B2%9C-%EC%A4%91%EA%B5%AC-%EC%97%B0%EC%95%88%EB%8F%99-%EC%83%B7%EC%8B%9C%EC%8B%A4%EB%A6%AC%EC%BD%98"
"인천 중구 연안동","외벽보수","https://sinbiroo.co.kr/?k=%EC%9D%B8%EC%B2%9C-%EC%A4%91%EA%B5%AC-%EC%97%B0%EC%95%88%EB%8F%99-%EC%99%B8%EB%B2%BD%EB%B3%B4%EC%88%98"
"인천 중구 연안동","외벽방수","https://sinbiroo.co.kr/?k=%EC%9D%B8%EC%B2%9C-%EC%A4%91%EA%B5%AC-%EC%97%B0%EC%95%88%EB%8F%99-%EC%99%B8%EB%B2%BD%EB%B0%A9%EC%88%98"
"인천 중구 연안동","옥상방수","https://sinbiroo.co.kr/?k=%EC%9D%B8%EC%B2%9C-%EC%A4%91%EA%B5%AC-%EC%97%B0%EC%95%88%EB%8F%99-%EC%98%A5%EC%83%81%EB%B0%A9%EC%88%98"
"인천 중구 연안동","건물방수","https://sinbiroo.co.kr/?k=%EC%9D%B8%EC%B2%9C-%EC%A4%91%EA%B5%AC-%EC%97%B0%EC%95%88%EB%8F%99-%EA%B1%B4%EB%AC%BC%EB%B0%A9%EC%88%98"
"인천 중구 연안동","외벽도색","https://sinbiroo.co.kr/?k=%EC%9D%B8%EC%B2%9C-%EC%A4%91%EA%B5%AC-%EC%97%B0%EC%95%88%EB%8F%99-%EC%99%B8%EB%B2%BD%EB%8F%84%EC%83%89"
"인천 중구 신흥동","창틀코킹","https://sinbiroo.co.kr/?k=%EC%9D%B8%EC%B2%9C-%EC%A4%91%EA%B5%AC-%EC%8B%A0%ED%9D%A5%EB%8F%99-%EC%B0%BD%ED%8B%80%EC%BD%94%ED%82%B9"
"인천 중구 신흥동","창틀누수","https://sinbiroo.co.kr/?k=%EC%9D%B8%EC%B2%9C-%EC%A4%91%EA%B5%AC-%EC%8B%A0%ED%9D%A5%EB%8F%99-%EC%B0%BD%ED%8B%80%EB%88%84%EC%88%98"
"인천 중구 신흥동","빗물누수","https://sinbiroo.co.kr/?k=%EC%9D%B8%EC%B2%9C-%EC%A4%91%EA%B5%AC-%EC%8B%A0%ED%9D%A5%EB%8F%99-%EB%B9%97%EB%AC%BC%EB%88%84%EC%88%98"
"인천 중구 신흥동","창틀실리콘","https://sinbiroo.co.kr/?k=%EC%9D%B8%EC%B2%9C-%EC%A4%91%EA%B5%AC-%EC%8B%A0%ED%9D%A5%EB%8F%99-%EC%B0%BD%ED%8B%80%EC%8B%A4%EB%A6%AC%EC%BD%98"
"인천 중구 신흥동","샷시실리콘","https://sinbiroo.co.kr/?k=%EC%9D%B8%EC%B2%9C-%EC%A4%91%EA%B5%AC-%EC%8B%A0%ED%9D%A5%EB%8F%99-%EC%83%B7%EC%8B%9C%EC%8B%A4%EB%A6%AC%EC%BD%98"
"인천 중구 신흥동","외벽보수","https://sinbiroo.co.kr/?k=%EC%9D%B8%EC%B2%9C-%EC%A4%91%EA%B5%AC-%EC%8B%A0%ED%9D%A5%EB%8F%99-%EC%99%B8%EB%B2%BD%EB%B3%B4%EC%88%98"
"인천 중구 신흥동","외벽방수","https://sinbiroo.co.kr/?k=%EC%9D%B8%EC%B2%9C-%EC%A4%91%EA%B5%AC-%EC%8B%A0%ED%9D%A5%EB%8F%99-%EC%99%B8%EB%B2%BD%EB%B0%A9%EC%88%98"
"인천 중구 신흥동","옥상방수","https://sinbiroo.co.kr/?k=%EC%9D%B8%EC%B2%9C-%EC%A4%91%EA%B5%AC-%EC%8B%A0%ED%9D%A5%EB%8F%99-%EC%98%A5%EC%83%81%EB%B0%A9%EC%88%98"
"인천 중구 신흥동","건물방수","https://sinbiroo.co.kr/?k=%EC%9D%B8%EC%B2%9C-%EC%A4%91%EA%B5%AC-%EC%8B%A0%ED%9D%A5%EB%8F%99-%EA%B1%B4%EB%AC%BC%EB%B0%A9%EC%88%98"
"인천 중구 신흥동","외벽도색","https://sinbiroo.co.kr/?k=%EC%9D%B8%EC%B2%9C-%EC%A4%91%EA%B5%AC-%EC%8B%A0%ED%9D%A5%EB%8F%99-%EC%99%B8%EB%B2%BD%EB%8F%84%EC%83%89"
"인천 중구 도원동","창틀코킹","https://sinbiroo.co.kr/?k=%EC%9D%B8%EC%B2%9C-%EC%A4%91%EA%B5%AC-%EB%8F%84%EC%9B%90%EB%8F%99-%EC%B0%BD%ED%8B%80%EC%BD%94%ED%82%B9"
"인천 중구 도원동","창틀누수","https://sinbiroo.co.kr/?k=%EC%9D%B8%EC%B2%9C-%EC%A4%91%EA%B5%AC-%EB%8F%84%EC%9B%90%EB%8F%99-%EC%B0%BD%ED%8B%80%EB%88%84%EC%88%98"
"인천 중구 도원동","빗물누수","https://sinbiroo.co.kr/?k=%EC%9D%B8%EC%B2%9C-%EC%A4%91%EA%B5%AC-%EB%8F%84%EC%9B%90%EB%8F%99-%EB%B9%97%EB%AC%BC%EB%88%84%EC%88%98"
"인천 중구 도원동","창틀실리콘","https://sinbiroo.co.kr/?k=%EC%9D%B8%EC%B2%9C-%EC%A4%91%EA%B5%AC-%EB%8F%84%EC%9B%90%EB%8F%99-%EC%B0%BD%ED%8B%80%EC%8B%A4%EB%A6%AC%EC%BD%98"
"인천 중구 도원동","샷시실리콘","https://sinbiroo.co.kr/?k=%EC%9D%B8%EC%B2%9C-%EC%A4%91%EA%B5%AC-%EB%8F%84%EC%9B%90%EB%8F%99-%EC%83%B7%EC%8B%9C%EC%8B%A4%EB%A6%AC%EC%BD%98"
"인천 중구 도원동","외벽보수","https://sinbiroo.co.kr/?k=%EC%9D%B8%EC%B2%9C-%EC%A4%91%EA%B5%AC-%EB%8F%84%EC%9B%90%EB%8F%99-%EC%99%B8%EB%B2%BD%EB%B3%B4%EC%88%98"
"인천 중구 도원동","외벽방수","https://sinbiroo.co.kr/?k=%EC%9D%B8%EC%B2%9C-%EC%A4%91%EA%B5%AC-%EB%8F%84%EC%9B%90%EB%8F%99-%EC%99%B8%EB%B2%BD%EB%B0%A9%EC%88%98"
"인천 중구 도원동","옥상방수","https://sinbiroo.co.kr/?k=%EC%9D%B8%EC%B2%9C-%EC%A4%91%EA%B5%AC-%EB%8F%84%EC%9B%90%EB%8F%99-%EC%98%A5%EC%83%81%EB%B0%A9%EC%88%98"
"인천 중구 도원동","건물방수","https://sinbiroo.co.kr/?k=%EC%9D%B8%EC%B2%9C-%EC%A4%91%EA%B5%AC-%EB%8F%84%EC%9B%90%EB%8F%99-%EA%B1%B4%EB%AC%BC%EB%B0%A9%EC%88%98"
"인천 중구 도원동","외벽도색","https://sinbiroo.co.kr/?k=%EC%9D%B8%EC%B2%9C-%EC%A4%91%EA%B5%AC-%EB%8F%84%EC%9B%90%EB%8F%99-%EC%99%B8%EB%B2%BD%EB%8F%84%EC%83%89"
"인천 중구 율목동","창틀코킹","https://sinbiroo.co.kr/?k=%EC%9D%B8%EC%B2%9C-%EC%A4%91%EA%B5%AC-%EC%9C%A8%EB%AA%A9%EB%8F%99-%EC%B0%BD%ED%8B%80%EC%BD%94%ED%82%B9"
"인천 중구 율목동","창틀누수","https://sinbiroo.co.kr/?k=%EC%9D%B8%EC%B2%9C-%EC%A4%91%EA%B5%AC-%EC%9C%A8%EB%AA%A9%EB%8F%99-%EC%B0%BD%ED%8B%80%EB%88%84%EC%88%98"
"인천 중구 율목동","빗물누수","https://sinbiroo.co.kr/?k=%EC%9D%B8%EC%B2%9C-%EC%A4%91%EA%B5%AC-%EC%9C%A8%EB%AA%A9%EB%8F%99-%EB%B9%97%EB%AC%BC%EB%88%84%EC%88%98"
"인천 중구 율목동","창틀실리콘","https://sinbiroo.co.kr/?k=%EC%9D%B8%EC%B2%9C-%EC%A4%91%EA%B5%AC-%EC%9C%A8%EB%AA%A9%EB%8F%99-%EC%B0%BD%ED%8B%80%EC%8B%A4%EB%A6%AC%EC%BD%98"
"인천 중구 율목동","샷시실리콘","https://sinbiroo.co.kr/?k=%EC%9D%B8%EC%B2%9C-%EC%A4%91%EA%B5%AC-%EC%9C%A8%EB%AA%A9%EB%8F%99-%EC%83%B7%EC%8B%9C%EC%8B%A4%EB%A6%AC%EC%BD%98"
"인천 중구 율목동","외벽보수","https://sinbiroo.co.kr/?k=%EC%9D%B8%EC%B2%9C-%EC%A4%91%EA%B5%AC-%EC%9C%A8%EB%AA%A9%EB%8F%99-%EC%99%B8%EB%B2%BD%EB%B3%B4%EC%88%98"
"인천 중구 율목동","외벽방수","https://sinbiroo.co.kr/?k=%EC%9D%B8%EC%B2%9C-%EC%A4%91%EA%B5%AC-%EC%9C%A8%EB%AA%A9%EB%8F%99-%EC%99%B8%EB%B2%BD%EB%B0%A9%EC%88%98"
"인천 중구 율목동","옥상방수","https://sinbiroo.co.kr/?k=%EC%9D%B8%EC%B2%9C-%EC%A4%91%EA%B5%AC-%EC%9C%A8%EB%AA%A9%EB%8F%99-%EC%98%A5%EC%83%81%EB%B0%A9%EC%88%98"
"인천 중구 율목동","건물방수","https://sinbiroo.co.kr/?k=%EC%9D%B8%EC%B2%9C-%EC%A4%91%EA%B5%AC-%EC%9C%A8%EB%AA%A9%EB%8F%99-%EA%B1%B4%EB%AC%BC%EB%B0%A9%EC%88%98"
"인천 중구 율목동","외벽도색","https://sinbiroo.co.kr/?k=%EC%9D%B8%EC%B2%9C-%EC%A4%91%EA%B5%AC-%EC%9C%A8%EB%AA%A9%EB%8F%99-%EC%99%B8%EB%B2%BD%EB%8F%84%EC%83%89"
"인천 중구 동인천동","창틀코킹","https://sinbiroo.co.kr/?k=%EC%9D%B8%EC%B2%9C-%EC%A4%91%EA%B5%AC-%EB%8F%99%EC%9D%B8%EC%B2%9C%EB%8F%99-%EC%B0%BD%ED%8B%80%EC%BD%94%ED%82%B9"
"인천 중구 동인천동","창틀누수","https://sinbiroo.co.kr/?k=%EC%9D%B8%EC%B2%9C-%EC%A4%91%EA%B5%AC-%EB%8F%99%EC%9D%B8%EC%B2%9C%EB%8F%99-%EC%B0%BD%ED%8B%80%EB%88%84%EC%88%98"
"인천 중구 동인천동","빗물누수","https://sinbiroo.co.kr/?k=%EC%9D%B8%EC%B2%9C-%EC%A4%91%EA%B5%AC-%EB%8F%99%EC%9D%B8%EC%B2%9C%EB%8F%99-%EB%B9%97%EB%AC%BC%EB%88%84%EC%88%98"
"인천 중구 동인천동","창틀실리콘","https://sinbiroo.co.kr/?k=%EC%9D%B8%EC%B2%9C-%EC%A4%91%EA%B5%AC-%EB%8F%99%EC%9D%B8%EC%B2%9C%EB%8F%99-%EC%B0%BD%ED%8B%80%EC%8B%A4%EB%A6%AC%EC%BD%98"
"인천 중구 동인천동","샷시실리콘","https://sinbiroo.co.kr/?k=%EC%9D%B8%EC%B2%9C-%EC%A4%91%EA%B5%AC-%EB%8F%99%EC%9D%B8%EC%B2%9C%EB%8F%99-%EC%83%B7%EC%8B%9C%EC%8B%A4%EB%A6%AC%EC%BD%98"
"인천 중구 동인천동","외벽보수","https://sinbiroo.co.kr/?k=%EC%9D%B8%EC%B2%9C-%EC%A4%91%EA%B5%AC-%EB%8F%99%EC%9D%B8%EC%B2%9C%EB%8F%99-%EC%99%B8%EB%B2%BD%EB%B3%B4%EC%88%98"
"인천 중구 동인천동","외벽방수","https://sinbiroo.co.kr/?k=%EC%9D%B8%EC%B2%9C-%EC%A4%91%EA%B5%AC-%EB%8F%99%EC%9D%B8%EC%B2%9C%EB%8F%99-%EC%99%B8%EB%B2%BD%EB%B0%A9%EC%88%98"
"인천 중구 동인천동","옥상방수","https://sinbiroo.co.kr/?k=%EC%9D%B8%EC%B2%9C-%EC%A4%91%EA%B5%AC-%EB%8F%99%EC%9D%B8%EC%B2%9C%EB%8F%99-%EC%98%A5%EC%83%81%EB%B0%A9%EC%88%98"
"인천 중구 동인천동","건물방수","https://sinbiroo.co.kr/?k=%EC%9D%B8%EC%B2%9C-%EC%A4%91%EA%B5%AC-%EB%8F%99%EC%9D%B8%EC%B2%9C%EB%8F%99-%EA%B1%B4%EB%AC%BC%EB%B0%A9%EC%88%98"
"인천 중구 동인천동","외벽도색","https://sinbiroo.co.kr/?k=%EC%9D%B8%EC%B2%9C-%EC%A4%91%EA%B5%AC-%EB%8F%99%EC%9D%B8%EC%B2%9C%EB%8F%99-%EC%99%B8%EB%B2%BD%EB%8F%84%EC%83%89"
"인천 중구 개항동","창틀코킹","https://sinbiroo.co.kr/?k=%EC%9D%B8%EC%B2%9C-%EC%A4%91%EA%B5%AC-%EA%B0%9C%ED%95%AD%EB%8F%99-%EC%B0%BD%ED%8B%80%EC%BD%94%ED%82%B9"
"인천 중구 개항동","창틀누수","https://sinbiroo.co.kr/?k=%EC%9D%B8%EC%B2%9C-%EC%A4%91%EA%B5%AC-%EA%B0%9C%ED%95%AD%EB%8F%99-%EC%B0%BD%ED%8B%80%EB%88%84%EC%88%98"
"인천 중구 개항동","빗물누수","https://sinbiroo.co.kr/?k=%EC%9D%B8%EC%B2%9C-%EC%A4%91%EA%B5%AC-%EA%B0%9C%ED%95%AD%EB%8F%99-%EB%B9%97%EB%AC%BC%EB%88%84%EC%88%98"
"인천 중구 개항동","창틀실리콘","https://sinbiroo.co.kr/?k=%EC%9D%B8%EC%B2%9C-%EC%A4%91%EA%B5%AC-%EA%B0%9C%ED%95%AD%EB%8F%99-%EC%B0%BD%ED%8B%80%EC%8B%A4%EB%A6%AC%EC%BD%98"
"인천 중구 개항동","샷시실리콘","https://sinbiroo.co.kr/?k=%EC%9D%B8%EC%B2%9C-%EC%A4%91%EA%B5%AC-%EA%B0%9C%ED%95%AD%EB%8F%99-%EC%83%B7%EC%8B%9C%EC%8B%A4%EB%A6%AC%EC%BD%98"
"인천 중구 개항동","외벽보수","https://sinbiroo.co.kr/?k=%EC%9D%B8%EC%B2%9C-%EC%A4%91%EA%B5%AC-%EA%B0%9C%ED%95%AD%EB%8F%99-%EC%99%B8%EB%B2%BD%EB%B3%B4%EC%88%98"
"인천 중구 개항동","외벽방수","https://sinbiroo.co.kr/?k=%EC%9D%B8%EC%B2%9C-%EC%A4%91%EA%B5%AC-%EA%B0%9C%ED%95%AD%EB%8F%99-%EC%99%B8%EB%B2%BD%EB%B0%A9%EC%88%98"
"인천 중구 개항동","옥상방수","https://sinbiroo.co.kr/?k=%EC%9D%B8%EC%B2%9C-%EC%A4%91%EA%B5%AC-%EA%B0%9C%ED%95%AD%EB%8F%99-%EC%98%A5%EC%83%81%EB%B0%A9%EC%88%98"
"인천 중구 개항동","건물방수","https://sinbiroo.co.kr/?k=%EC%9D%B8%EC%B2%9C-%EC%A4%91%EA%B5%AC-%EA%B0%9C%ED%95%AD%EB%8F%99-%EA%B1%B4%EB%AC%BC%EB%B0%A9%EC%88%98"
"인천 중구 개항동","외벽도색","https://sinbiroo.co.kr/?k=%EC%9D%B8%EC%B2%9C-%EC%A4%91%EA%B5%AC-%EA%B0%9C%ED%95%AD%EB%8F%99-%EC%99%B8%EB%B2%BD%EB%8F%84%EC%83%89"
"인천 중구 영종동","창틀코킹","https://sinbiroo.co.kr/?k=%EC%9D%B8%EC%B2%9C-%EC%A4%91%EA%B5%AC-%EC%98%81%EC%A2%85%EB%8F%99-%EC%B0%BD%ED%8B%80%EC%BD%94%ED%82%B9"
"인천 중구 영종동","창틀누수","https://sinbiroo.co.kr/?k=%EC%9D%B8%EC%B2%9C-%EC%A4%91%EA%B5%AC-%EC%98%81%EC%A2%85%EB%8F%99-%EC%B0%BD%ED%8B%80%EB%88%84%EC%88%98"
"인천 중구 영종동","빗물누수","https://sinbiroo.co.kr/?k=%EC%9D%B8%EC%B2%9C-%EC%A4%91%EA%B5%AC-%EC%98%81%EC%A2%85%EB%8F%99-%EB%B9%97%EB%AC%BC%EB%88%84%EC%88%98"
"인천 중구 영종동","창틀실리콘","https://sinbiroo.co.kr/?k=%EC%9D%B8%EC%B2%9C-%EC%A4%91%EA%B5%AC-%EC%98%81%EC%A2%85%EB%8F%99-%EC%B0%BD%ED%8B%80%EC%8B%A4%EB%A6%AC%EC%BD%98"
"인천 중구 영종동","샷시실리콘","https://sinbiroo.co.kr/?k=%EC%9D%B8%EC%B2%9C-%EC%A4%91%EA%B5%AC-%EC%98%81%EC%A2%85%EB%8F%99-%EC%83%B7%EC%8B%9C%EC%8B%A4%EB%A6%AC%EC%BD%98"
"인천 중구 영종동","외벽보수","https://sinbiroo.co.kr/?k=%EC%9D%B8%EC%B2%9C-%EC%A4%91%EA%B5%AC-%EC%98%81%EC%A2%85%EB%8F%99-%EC%99%B8%EB%B2%BD%EB%B3%B4%EC%88%98"
"인천 중구 영종동","외벽방수","https://sinbiroo.co.kr/?k=%EC%9D%B8%EC%B2%9C-%EC%A4%91%EA%B5%AC-%EC%98%81%EC%A2%85%EB%8F%99-%EC%99%B8%EB%B2%BD%EB%B0%A9%EC%88%98"
"인천 중구 영종동","옥상방수","https://sinbiroo.co.kr/?k=%EC%9D%B8%EC%B2%9C-%EC%A4%91%EA%B5%AC-%EC%98%81%EC%A2%85%EB%8F%99-%EC%98%A5%EC%83%81%EB%B0%A9%EC%88%98"
"인천 중구 영종동","건물방수","https://sinbiroo.co.kr/?k=%EC%9D%B8%EC%B2%9C-%EC%A4%91%EA%B5%AC-%EC%98%81%EC%A2%85%EB%8F%99-%EA%B1%B4%EB%AC%BC%EB%B0%A9%EC%88%98"
"인천 중구 영종동","외벽도색","https://sinbiroo.co.kr/?k=%EC%9D%B8%EC%B2%9C-%EC%A4%91%EA%B5%AC-%EC%98%81%EC%A2%85%EB%8F%99-%EC%99%B8%EB%B2%BD%EB%8F%84%EC%83%89"
"인천 중구 운서동","창틀코킹","https://sinbiroo.co.kr/?k=%EC%9D%B8%EC%B2%9C-%EC%A4%91%EA%B5%AC-%EC%9A%B4%EC%84%9C%EB%8F%99-%EC%B0%BD%ED%8B%80%EC%BD%94%ED%82%B9"
"인천 중구 운서동","창틀누수","https://sinbiroo.co.kr/?k=%EC%9D%B8%EC%B2%9C-%EC%A4%91%EA%B5%AC-%EC%9A%B4%EC%84%9C%EB%8F%99-%EC%B0%BD%ED%8B%80%EB%88%84%EC%88%98"
"인천 중구 운서동","빗물누수","https://sinbiroo.co.kr/?k=%EC%9D%B8%EC%B2%9C-%EC%A4%91%EA%B5%AC-%EC%9A%B4%EC%84%9C%EB%8F%99-%EB%B9%97%EB%AC%BC%EB%88%84%EC%88%98"
"인천 중구 운서동","창틀실리콘","https://sinbiroo.co.kr/?k=%EC%9D%B8%EC%B2%9C-%EC%A4%91%EA%B5%AC-%EC%9A%B4%EC%84%9C%EB%8F%99-%EC%B0%BD%ED%8B%80%EC%8B%A4%EB%A6%AC%EC%BD%98"
"인천 중구 운서동","샷시실리콘","https://sinbiroo.co.kr/?k=%EC%9D%B8%EC%B2%9C-%EC%A4%91%EA%B5%AC-%EC%9A%B4%EC%84%9C%EB%8F%99-%EC%83%B7%EC%8B%9C%EC%8B%A4%EB%A6%AC%EC%BD%98"
"인천 중구 운서동","외벽보수","https://sinbiroo.co.kr/?k=%EC%9D%B8%EC%B2%9C-%EC%A4%91%EA%B5%AC-%EC%9A%B4%EC%84%9C%EB%8F%99-%EC%99%B8%EB%B2%BD%EB%B3%B4%EC%88%98"
"인천 중구 운서동","외벽방수","https://sinbiroo.co.kr/?k=%EC%9D%B8%EC%B2%9C-%EC%A4%91%EA%B5%AC-%EC%9A%B4%EC%84%9C%EB%8F%99-%EC%99%B8%EB%B2%BD%EB%B0%A9%EC%88%98"
"인천 중구 운서동","옥상방수","https://sinbiroo.co.kr/?k=%EC%9D%B8%EC%B2%9C-%EC%A4%91%EA%B5%AC-%EC%9A%B4%EC%84%9C%EB%8F%99-%EC%98%A5%EC%83%81%EB%B0%A9%EC%88%98"
"인천 중구 운서동","건물방수","https://sinbiroo.co.kr/?k=%EC%9D%B8%EC%B2%9C-%EC%A4%91%EA%B5%AC-%EC%9A%B4%EC%84%9C%EB%8F%99-%EA%B1%B4%EB%AC%BC%EB%B0%A9%EC%88%98"
"인천 중구 운서동","외벽도색","https://sinbiroo.co.kr/?k=%EC%9D%B8%EC%B2%9C-%EC%A4%91%EA%B5%AC-%EC%9A%B4%EC%84%9C%EB%8F%99-%EC%99%B8%EB%B2%BD%EB%8F%84%EC%83%89"
"인천 중구 용유동","창틀코킹","https://sinbiroo.co.kr/?k=%EC%9D%B8%EC%B2%9C-%EC%A4%91%EA%B5%AC-%EC%9A%A9%EC%9C%A0%EB%8F%99-%EC%B0%BD%ED%8B%80%EC%BD%94%ED%82%B9"
"인천 중구 용유동","창틀누수","https://sinbiroo.co.kr/?k=%EC%9D%B8%EC%B2%9C-%EC%A4%91%EA%B5%AC-%EC%9A%A9%EC%9C%A0%EB%8F%99-%EC%B0%BD%ED%8B%80%EB%88%84%EC%88%98"
"인천 중구 용유동","빗물누수","https://sinbiroo.co.kr/?k=%EC%9D%B8%EC%B2%9C-%EC%A4%91%EA%B5%AC-%EC%9A%A9%EC%9C%A0%EB%8F%99-%EB%B9%97%EB%AC%BC%EB%88%84%EC%88%98"
"인천 중구 용유동","창틀실리콘","https://sinbiroo.co.kr/?k=%EC%9D%B8%EC%B2%9C-%EC%A4%91%EA%B5%AC-%EC%9A%A9%EC%9C%A0%EB%8F%99-%EC%B0%BD%ED%8B%80%EC%8B%A4%EB%A6%AC%EC%BD%98"
"인천 중구 용유동","샷시실리콘","https://sinbiroo.co.kr/?k=%EC%9D%B8%EC%B2%9C-%EC%A4%91%EA%B5%AC-%EC%9A%A9%EC%9C%A0%EB%8F%99-%EC%83%B7%EC%8B%9C%EC%8B%A4%EB%A6%AC%EC%BD%98"
"인천 중구 용유동","외벽보수","https://sinbiroo.co.kr/?k=%EC%9D%B8%EC%B2%9C-%EC%A4%91%EA%B5%AC-%EC%9A%A9%EC%9C%A0%EB%8F%99-%EC%99%B8%EB%B2%BD%EB%B3%B4%EC%88%98"
"인천 중구 용유동","외벽방수","https://sinbiroo.co.kr/?k=%EC%9D%B8%EC%B2%9C-%EC%A4%91%EA%B5%AC-%EC%9A%A9%EC%9C%A0%EB%8F%99-%EC%99%B8%EB%B2%BD%EB%B0%A9%EC%88%98"
"인천 중구 용유동","옥상방수","https://sinbiroo.co.kr/?k=%EC%9D%B8%EC%B2%9C-%EC%A4%91%EA%B5%AC-%EC%9A%A9%EC%9C%A0%EB%8F%99-%EC%98%A5%EC%83%81%EB%B0%A9%EC%88%98"
"인천 중구 용유동","건물방수","https://sinbiroo.co.kr/?k=%EC%9D%B8%EC%B2%9C-%EC%A4%91%EA%B5%AC-%EC%9A%A9%EC%9C%A0%EB%8F%99-%EA%B1%B4%EB%AC%BC%EB%B0%A9%EC%88%98"
"인천 중구 용유동","외벽도색","https://sinbiroo.co.kr/?k=%EC%9D%B8%EC%B2%9C-%EC%A4%91%EA%B5%AC-%EC%9A%A9%EC%9C%A0%EB%8F%99-%EC%99%B8%EB%B2%BD%EB%8F%84%EC%83%89"
"인천 동구","창틀코킹","https://sinbiroo.co.kr/?k=%EC%9D%B8%EC%B2%9C-%EB%8F%99%EA%B5%AC-%EC%B0%BD%ED%8B%80%EC%BD%94%ED%82%B9"
"인천 동구","창틀누수","https://sinbiroo.co.kr/?k=%EC%9D%B8%EC%B2%9C-%EB%8F%99%EA%B5%AC-%EC%B0%BD%ED%8B%80%EB%88%84%EC%88%98"
"인천 동구","빗물누수","https://sinbiroo.co.kr/?k=%EC%9D%B8%EC%B2%9C-%EB%8F%99%EA%B5%AC-%EB%B9%97%EB%AC%BC%EB%88%84%EC%88%98"
"인천 동구","창틀실리콘","https://sinbiroo.co.kr/?k=%EC%9D%B8%EC%B2%9C-%EB%8F%99%EA%B5%AC-%EC%B0%BD%ED%8B%80%EC%8B%A4%EB%A6%AC%EC%BD%98"
"인천 동구","샷시실리콘","https://sinbiroo.co.kr/?k=%EC%9D%B8%EC%B2%9C-%EB%8F%99%EA%B5%AC-%EC%83%B7%EC%8B%9C%EC%8B%A4%EB%A6%AC%EC%BD%98"
"인천 동구","외벽보수","https://sinbiroo.co.kr/?k=%EC%9D%B8%EC%B2%9C-%EB%8F%99%EA%B5%AC-%EC%99%B8%EB%B2%BD%EB%B3%B4%EC%88%98"
"인천 동구","외벽방수","https://sinbiroo.co.kr/?k=%EC%9D%B8%EC%B2%9C-%EB%8F%99%EA%B5%AC-%EC%99%B8%EB%B2%BD%EB%B0%A9%EC%88%98"
"인천 동구","옥상방수","https://sinbiroo.co.kr/?k=%EC%9D%B8%EC%B2%9C-%EB%8F%99%EA%B5%AC-%EC%98%A5%EC%83%81%EB%B0%A9%EC%88%98"
"인천 동구","건물방수","https://sinbiroo.co.kr/?k=%EC%9D%B8%EC%B2%9C-%EB%8F%99%EA%B5%AC-%EA%B1%B4%EB%AC%BC%EB%B0%A9%EC%88%98"
"인천 동구","외벽도색","https://sinbiroo.co.kr/?k=%EC%9D%B8%EC%B2%9C-%EB%8F%99%EA%B5%AC-%EC%99%B8%EB%B2%BD%EB%8F%84%EC%83%89"
"인천 동구 만석동","창틀코킹","https://sinbiroo.co.kr/?k=%EC%9D%B8%EC%B2%9C-%EB%8F%99%EA%B5%AC-%EB%A7%8C%EC%84%9D%EB%8F%99-%EC%B0%BD%ED%8B%80%EC%BD%94%ED%82%B9"
"인천 동구 만석동","창틀누수","https://sinbiroo.co.kr/?k=%EC%9D%B8%EC%B2%9C-%EB%8F%99%EA%B5%AC-%EB%A7%8C%EC%84%9D%EB%8F%99-%EC%B0%BD%ED%8B%80%EB%88%84%EC%88%98"
"인천 동구 만석동","빗물누수","https://sinbiroo.co.kr/?k=%EC%9D%B8%EC%B2%9C-%EB%8F%99%EA%B5%AC-%EB%A7%8C%EC%84%9D%EB%8F%99-%EB%B9%97%EB%AC%BC%EB%88%84%EC%88%98"
"인천 동구 만석동","창틀실리콘","https://sinbiroo.co.kr/?k=%EC%9D%B8%EC%B2%9C-%EB%8F%99%EA%B5%AC-%EB%A7%8C%EC%84%9D%EB%8F%99-%EC%B0%BD%ED%8B%80%EC%8B%A4%EB%A6%AC%EC%BD%98"
"인천 동구 만석동","샷시실리콘","https://sinbiroo.co.kr/?k=%EC%9D%B8%EC%B2%9C-%EB%8F%99%EA%B5%AC-%EB%A7%8C%EC%84%9D%EB%8F%99-%EC%83%B7%EC%8B%9C%EC%8B%A4%EB%A6%AC%EC%BD%98"
"인천 동구 만석동","외벽보수","https://sinbiroo.co.kr/?k=%EC%9D%B8%EC%B2%9C-%EB%8F%99%EA%B5%AC-%EB%A7%8C%EC%84%9D%EB%8F%99-%EC%99%B8%EB%B2%BD%EB%B3%B4%EC%88%98"
"인천 동구 만석동","외벽방수","https://sinbiroo.co.kr/?k=%EC%9D%B8%EC%B2%9C-%EB%8F%99%EA%B5%AC-%EB%A7%8C%EC%84%9D%EB%8F%99-%EC%99%B8%EB%B2%BD%EB%B0%A9%EC%88%98"
"인천 동구 만석동","옥상방수","https://sinbiroo.co.kr/?k=%EC%9D%B8%EC%B2%9C-%EB%8F%99%EA%B5%AC-%EB%A7%8C%EC%84%9D%EB%8F%99-%EC%98%A5%EC%83%81%EB%B0%A9%EC%88%98"
"인천 동구 만석동","건물방수","https://sinbiroo.co.kr/?k=%EC%9D%B8%EC%B2%9C-%EB%8F%99%EA%B5%AC-%EB%A7%8C%EC%84%9D%EB%8F%99-%EA%B1%B4%EB%AC%BC%EB%B0%A9%EC%88%98"
"인천 동구 만석동","외벽도색","https://sinbiroo.co.kr/?k=%EC%9D%B8%EC%B2%9C-%EB%8F%99%EA%B5%AC-%EB%A7%8C%EC%84%9D%EB%8F%99-%EC%99%B8%EB%B2%BD%EB%8F%84%EC%83%89"
"인천 동구 화수동","창틀코킹","https://sinbiroo.co.kr/?k=%EC%9D%B8%EC%B2%9C-%EB%8F%99%EA%B5%AC-%ED%99%94%EC%88%98%EB%8F%99-%EC%B0%BD%ED%8B%80%EC%BD%94%ED%82%B9"
"인천 동구 화수동","창틀누수","https://sinbiroo.co.kr/?k=%EC%9D%B8%EC%B2%9C-%EB%8F%99%EA%B5%AC-%ED%99%94%EC%88%98%EB%8F%99-%EC%B0%BD%ED%8B%80%EB%88%84%EC%88%98"
"인천 동구 화수동","빗물누수","https://sinbiroo.co.kr/?k=%EC%9D%B8%EC%B2%9C-%EB%8F%99%EA%B5%AC-%ED%99%94%EC%88%98%EB%8F%99-%EB%B9%97%EB%AC%BC%EB%88%84%EC%88%98"
"인천 동구 화수동","창틀실리콘","https://sinbiroo.co.kr/?k=%EC%9D%B8%EC%B2%9C-%EB%8F%99%EA%B5%AC-%ED%99%94%EC%88%98%EB%8F%99-%EC%B0%BD%ED%8B%80%EC%8B%A4%EB%A6%AC%EC%BD%98"
"인천 동구 화수동","샷시실리콘","https://sinbiroo.co.kr/?k=%EC%9D%B8%EC%B2%9C-%EB%8F%99%EA%B5%AC-%ED%99%94%EC%88%98%EB%8F%99-%EC%83%B7%EC%8B%9C%EC%8B%A4%EB%A6%AC%EC%BD%98"
"인천 동구 화수동","외벽보수","https://sinbiroo.co.kr/?k=%EC%9D%B8%EC%B2%9C-%EB%8F%99%EA%B5%AC-%ED%99%94%EC%88%98%EB%8F%99-%EC%99%B8%EB%B2%BD%EB%B3%B4%EC%88%98"
"인천 동구 화수동","외벽방수","https://sinbiroo.co.kr/?k=%EC%9D%B8%EC%B2%9C-%EB%8F%99%EA%B5%AC-%ED%99%94%EC%88%98%EB%8F%99-%EC%99%B8%EB%B2%BD%EB%B0%A9%EC%88%98"
"인천 동구 화수동","옥상방수","https://sinbiroo.co.kr/?k=%EC%9D%B8%EC%B2%9C-%EB%8F%99%EA%B5%AC-%ED%99%94%EC%88%98%EB%8F%99-%EC%98%A5%EC%83%81%EB%B0%A9%EC%88%98"
"인천 동구 화수동","건물방수","https://sinbiroo.co.kr/?k=%EC%9D%B8%EC%B2%9C-%EB%8F%99%EA%B5%AC-%ED%99%94%EC%88%98%EB%8F%99-%EA%B1%B4%EB%AC%BC%EB%B0%A9%EC%88%98"
"인천 동구 화수동","외벽도색","https://sinbiroo.co.kr/?k=%EC%9D%B8%EC%B2%9C-%EB%8F%99%EA%B5%AC-%ED%99%94%EC%88%98%EB%8F%99-%EC%99%B8%EB%B2%BD%EB%8F%84%EC%83%89"
"인천 동구 화평동","창틀코킹","https://sinbiroo.co.kr/?k=%EC%9D%B8%EC%B2%9C-%EB%8F%99%EA%B5%AC-%ED%99%94%ED%8F%89%EB%8F%99-%EC%B0%BD%ED%8B%80%EC%BD%94%ED%82%B9"
"인천 동구 화평동","창틀누수","https://sinbiroo.co.kr/?k=%EC%9D%B8%EC%B2%9C-%EB%8F%99%EA%B5%AC-%ED%99%94%ED%8F%89%EB%8F%99-%EC%B0%BD%ED%8B%80%EB%88%84%EC%88%98"
"인천 동구 화평동","빗물누수","https://sinbiroo.co.kr/?k=%EC%9D%B8%EC%B2%9C-%EB%8F%99%EA%B5%AC-%ED%99%94%ED%8F%89%EB%8F%99-%EB%B9%97%EB%AC%BC%EB%88%84%EC%88%98"
"인천 동구 화평동","창틀실리콘","https://sinbiroo.co.kr/?k=%EC%9D%B8%EC%B2%9C-%EB%8F%99%EA%B5%AC-%ED%99%94%ED%8F%89%EB%8F%99-%EC%B0%BD%ED%8B%80%EC%8B%A4%EB%A6%AC%EC%BD%98"
"인천 동구 화평동","샷시실리콘","https://sinbiroo.co.kr/?k=%EC%9D%B8%EC%B2%9C-%EB%8F%99%EA%B5%AC-%ED%99%94%ED%8F%89%EB%8F%99-%EC%83%B7%EC%8B%9C%EC%8B%A4%EB%A6%AC%EC%BD%98"
"인천 동구 화평동","외벽보수","https://sinbiroo.co.kr/?k=%EC%9D%B8%EC%B2%9C-%EB%8F%99%EA%B5%AC-%ED%99%94%ED%8F%89%EB%8F%99-%EC%99%B8%EB%B2%BD%EB%B3%B4%EC%88%98"
"인천 동구 화평동","외벽방수","https://sinbiroo.co.kr/?k=%EC%9D%B8%EC%B2%9C-%EB%8F%99%EA%B5%AC-%ED%99%94%ED%8F%89%EB%8F%99-%EC%99%B8%EB%B2%BD%EB%B0%A9%EC%88%98"
"인천 동구 화평동","옥상방수","https://sinbiroo.co.kr/?k=%EC%9D%B8%EC%B2%9C-%EB%8F%99%EA%B5%AC-%ED%99%94%ED%8F%89%EB%8F%99-%EC%98%A5%EC%83%81%EB%B0%A9%EC%88%98"
"인천 동구 화평동","건물방수","https://sinbiroo.co.kr/?k=%EC%9D%B8%EC%B2%9C-%EB%8F%99%EA%B5%AC-%ED%99%94%ED%8F%89%EB%8F%99-%EA%B1%B4%EB%AC%BC%EB%B0%A9%EC%88%98"
"인천 동구 화평동","외벽도색","https://sinbiroo.co.kr/?k=%EC%9D%B8%EC%B2%9C-%EB%8F%99%EA%B5%AC-%ED%99%94%ED%8F%89%EB%8F%99-%EC%99%B8%EB%B2%BD%EB%8F%84%EC%83%89"
"인천 동구 송현동","창틀코킹","https://sinbiroo.co.kr/?k=%EC%9D%B8%EC%B2%9C-%EB%8F%99%EA%B5%AC-%EC%86%A1%ED%98%84%EB%8F%99-%EC%B0%BD%ED%8B%80%EC%BD%94%ED%82%B9"
"인천 동구 송현동","창틀누수","https://sinbiroo.co.kr/?k=%EC%9D%B8%EC%B2%9C-%EB%8F%99%EA%B5%AC-%EC%86%A1%ED%98%84%EB%8F%99-%EC%B0%BD%ED%8B%80%EB%88%84%EC%88%98"
"인천 동구 송현동","빗물누수","https://sinbiroo.co.kr/?k=%EC%9D%B8%EC%B2%9C-%EB%8F%99%EA%B5%AC-%EC%86%A1%ED%98%84%EB%8F%99-%EB%B9%97%EB%AC%BC%EB%88%84%EC%88%98"
"인천 동구 송현동","창틀실리콘","https://sinbiroo.co.kr/?k=%EC%9D%B8%EC%B2%9C-%EB%8F%99%EA%B5%AC-%EC%86%A1%ED%98%84%EB%8F%99-%EC%B0%BD%ED%8B%80%EC%8B%A4%EB%A6%AC%EC%BD%98"
"인천 동구 송현동","샷시실리콘","https://sinbiroo.co.kr/?k=%EC%9D%B8%EC%B2%9C-%EB%8F%99%EA%B5%AC-%EC%86%A1%ED%98%84%EB%8F%99-%EC%83%B7%EC%8B%9C%EC%8B%A4%EB%A6%AC%EC%BD%98"
"인천 동구 송현동","외벽보수","https://sinbiroo.co.kr/?k=%EC%9D%B8%EC%B2%9C-%EB%8F%99%EA%B5%AC-%EC%86%A1%ED%98%84%EB%8F%99-%EC%99%B8%EB%B2%BD%EB%B3%B4%EC%88%98"
"인천 동구 송현동","외벽방수","https://sinbiroo.co.kr/?k=%EC%9D%B8%EC%B2%9C-%EB%8F%99%EA%B5%AC-%EC%86%A1%ED%98%84%EB%8F%99-%EC%99%B8%EB%B2%BD%EB%B0%A9%EC%88%98"
"인천 동구 송현동","옥상방수","https://sinbiroo.co.kr/?k=%EC%9D%B8%EC%B2%9C-%EB%8F%99%EA%B5%AC-%EC%86%A1%ED%98%84%EB%8F%99-%EC%98%A5%EC%83%81%EB%B0%A9%EC%88%98"
"인천 동구 송현동","건물방수","https://sinbiroo.co.kr/?k=%EC%9D%B8%EC%B2%9C-%EB%8F%99%EA%B5%AC-%EC%86%A1%ED%98%84%EB%8F%99-%EA%B1%B4%EB%AC%BC%EB%B0%A9%EC%88%98"
"인천 동구 송현동","외벽도색","https://sinbiroo.co.kr/?k=%EC%9D%B8%EC%B2%9C-%EB%8F%99%EA%B5%AC-%EC%86%A1%ED%98%84%EB%8F%99-%EC%99%B8%EB%B2%BD%EB%8F%84%EC%83%89"
"인천 동구 송림동","창틀코킹","https://sinbiroo.co.kr/?k=%EC%9D%B8%EC%B2%9C-%EB%8F%99%EA%B5%AC-%EC%86%A1%EB%A6%BC%EB%8F%99-%EC%B0%BD%ED%8B%80%EC%BD%94%ED%82%B9"
"인천 동구 송림동","창틀누수","https://sinbiroo.co.kr/?k=%EC%9D%B8%EC%B2%9C-%EB%8F%99%EA%B5%AC-%EC%86%A1%EB%A6%BC%EB%8F%99-%EC%B0%BD%ED%8B%80%EB%88%84%EC%88%98"
"인천 동구 송림동","빗물누수","https://sinbiroo.co.kr/?k=%EC%9D%B8%EC%B2%9C-%EB%8F%99%EA%B5%AC-%EC%86%A1%EB%A6%BC%EB%8F%99-%EB%B9%97%EB%AC%BC%EB%88%84%EC%88%98"
"인천 동구 송림동","창틀실리콘","https://sinbiroo.co.kr/?k=%EC%9D%B8%EC%B2%9C-%EB%8F%99%EA%B5%AC-%EC%86%A1%EB%A6%BC%EB%8F%99-%EC%B0%BD%ED%8B%80%EC%8B%A4%EB%A6%AC%EC%BD%98"
"인천 동구 송림동","샷시실리콘","https://sinbiroo.co.kr/?k=%EC%9D%B8%EC%B2%9C-%EB%8F%99%EA%B5%AC-%EC%86%A1%EB%A6%BC%EB%8F%99-%EC%83%B7%EC%8B%9C%EC%8B%A4%EB%A6%AC%EC%BD%98"
"인천 동구 송림동","외벽보수","https://sinbiroo.co.kr/?k=%EC%9D%B8%EC%B2%9C-%EB%8F%99%EA%B5%AC-%EC%86%A1%EB%A6%BC%EB%8F%99-%EC%99%B8%EB%B2%BD%EB%B3%B4%EC%88%98"
"인천 동구 송림동","외벽방수","https://sinbiroo.co.kr/?k=%EC%9D%B8%EC%B2%9C-%EB%8F%99%EA%B5%AC-%EC%86%A1%EB%A6%BC%EB%8F%99-%EC%99%B8%EB%B2%BD%EB%B0%A9%EC%88%98"
"인천 동구 송림동","옥상방수","https://sinbiroo.co.kr/?k=%EC%9D%B8%EC%B2%9C-%EB%8F%99%EA%B5%AC-%EC%86%A1%EB%A6%BC%EB%8F%99-%EC%98%A5%EC%83%81%EB%B0%A9%EC%88%98"
"인천 동구 송림동","건물방수","https://sinbiroo.co.kr/?k=%EC%9D%B8%EC%B2%9C-%EB%8F%99%EA%B5%AC-%EC%86%A1%EB%A6%BC%EB%8F%99-%EA%B1%B4%EB%AC%BC%EB%B0%A9%EC%88%98"
"인천 동구 송림동","외벽도색","https://sinbiroo.co.kr/?k=%EC%9D%B8%EC%B2%9C-%EB%8F%99%EA%B5%AC-%EC%86%A1%EB%A6%BC%EB%8F%99-%EC%99%B8%EB%B2%BD%EB%8F%84%EC%83%89"
"인천 동구 금창동","창틀코킹","https://sinbiroo.co.kr/?k=%EC%9D%B8%EC%B2%9C-%EB%8F%99%EA%B5%AC-%EA%B8%88%EC%B0%BD%EB%8F%99-%EC%B0%BD%ED%8B%80%EC%BD%94%ED%82%B9"
"인천 동구 금창동","창틀누수","https://sinbiroo.co.kr/?k=%EC%9D%B8%EC%B2%9C-%EB%8F%99%EA%B5%AC-%EA%B8%88%EC%B0%BD%EB%8F%99-%EC%B0%BD%ED%8B%80%EB%88%84%EC%88%98"
"인천 동구 금창동","빗물누수","https://sinbiroo.co.kr/?k=%EC%9D%B8%EC%B2%9C-%EB%8F%99%EA%B5%AC-%EA%B8%88%EC%B0%BD%EB%8F%99-%EB%B9%97%EB%AC%BC%EB%88%84%EC%88%98"
"인천 동구 금창동","창틀실리콘","https://sinbiroo.co.kr/?k=%EC%9D%B8%EC%B2%9C-%EB%8F%99%EA%B5%AC-%EA%B8%88%EC%B0%BD%EB%8F%99-%EC%B0%BD%ED%8B%80%EC%8B%A4%EB%A6%AC%EC%BD%98"
"인천 동구 금창동","샷시실리콘","https://sinbiroo.co.kr/?k=%EC%9D%B8%EC%B2%9C-%EB%8F%99%EA%B5%AC-%EA%B8%88%EC%B0%BD%EB%8F%99-%EC%83%B7%EC%8B%9C%EC%8B%A4%EB%A6%AC%EC%BD%98"
"인천 동구 금창동","외벽보수","https://sinbiroo.co.kr/?k=%EC%9D%B8%EC%B2%9C-%EB%8F%99%EA%B5%AC-%EA%B8%88%EC%B0%BD%EB%8F%99-%EC%99%B8%EB%B2%BD%EB%B3%B4%EC%88%98"
"인천 동구 금창동","외벽방수","https://sinbiroo.co.kr/?k=%EC%9D%B8%EC%B2%9C-%EB%8F%99%EA%B5%AC-%EA%B8%88%EC%B0%BD%EB%8F%99-%EC%99%B8%EB%B2%BD%EB%B0%A9%EC%88%98"
"인천 동구 금창동","옥상방수","https://sinbiroo.co.kr/?k=%EC%9D%B8%EC%B2%9C-%EB%8F%99%EA%B5%AC-%EA%B8%88%EC%B0%BD%EB%8F%99-%EC%98%A5%EC%83%81%EB%B0%A9%EC%88%98"
"인천 동구 금창동","건물방수","https://sinbiroo.co.kr/?k=%EC%9D%B8%EC%B2%9C-%EB%8F%99%EA%B5%AC-%EA%B8%88%EC%B0%BD%EB%8F%99-%EA%B1%B4%EB%AC%BC%EB%B0%A9%EC%88%98"
"인천 동구 금창동","외벽도색","https://sinbiroo.co.kr/?k=%EC%9D%B8%EC%B2%9C-%EB%8F%99%EA%B5%AC-%EA%B8%88%EC%B0%BD%EB%8F%99-%EC%99%B8%EB%B2%BD%EB%8F%84%EC%83%89"
"인천 서구","창틀코킹","https://sinbiroo.co.kr/?k=%EC%9D%B8%EC%B2%9C-%EC%84%9C%EA%B5%AC-%EC%B0%BD%ED%8B%80%EC%BD%94%ED%82%B9"
"인천 서구","창틀누수","https://sinbiroo.co.kr/?k=%EC%9D%B8%EC%B2%9C-%EC%84%9C%EA%B5%AC-%EC%B0%BD%ED%8B%80%EB%88%84%EC%88%98"
"인천 서구","빗물누수","https://sinbiroo.co.kr/?k=%EC%9D%B8%EC%B2%9C-%EC%84%9C%EA%B5%AC-%EB%B9%97%EB%AC%BC%EB%88%84%EC%88%98"
"인천 서구","창틀실리콘","https://sinbiroo.co.kr/?k=%EC%9D%B8%EC%B2%9C-%EC%84%9C%EA%B5%AC-%EC%B0%BD%ED%8B%80%EC%8B%A4%EB%A6%AC%EC%BD%98"
"인천 서구","샷시실리콘","https://sinbiroo.co.kr/?k=%EC%9D%B8%EC%B2%9C-%EC%84%9C%EA%B5%AC-%EC%83%B7%EC%8B%9C%EC%8B%A4%EB%A6%AC%EC%BD%98"
"인천 서구","외벽보수","https://sinbiroo.co.kr/?k=%EC%9D%B8%EC%B2%9C-%EC%84%9C%EA%B5%AC-%EC%99%B8%EB%B2%BD%EB%B3%B4%EC%88%98"
"인천 서구","외벽방수","https://sinbiroo.co.kr/?k=%EC%9D%B8%EC%B2%9C-%EC%84%9C%EA%B5%AC-%EC%99%B8%EB%B2%BD%EB%B0%A9%EC%88%98"
"인천 서구","옥상방수","https://sinbiroo.co.kr/?k=%EC%9D%B8%EC%B2%9C-%EC%84%9C%EA%B5%AC-%EC%98%A5%EC%83%81%EB%B0%A9%EC%88%98"
"인천 서구","건물방수","https://sinbiroo.co.kr/?k=%EC%9D%B8%EC%B2%9C-%EC%84%9C%EA%B5%AC-%EA%B1%B4%EB%AC%BC%EB%B0%A9%EC%88%98"
"인천 서구","외벽도색","https://sinbiroo.co.kr/?k=%EC%9D%B8%EC%B2%9C-%EC%84%9C%EA%B5%AC-%EC%99%B8%EB%B2%BD%EB%8F%84%EC%83%89"
"인천 서구 검암동","창틀코킹","https://sinbiroo.co.kr/?k=%EC%9D%B8%EC%B2%9C-%EC%84%9C%EA%B5%AC-%EA%B2%80%EC%95%94%EB%8F%99-%EC%B0%BD%ED%8B%80%EC%BD%94%ED%82%B9"
"인천 서구 검암동","창틀누수","https://sinbiroo.co.kr/?k=%EC%9D%B8%EC%B2%9C-%EC%84%9C%EA%B5%AC-%EA%B2%80%EC%95%94%EB%8F%99-%EC%B0%BD%ED%8B%80%EB%88%84%EC%88%98"
"인천 서구 검암동","빗물누수","https://sinbiroo.co.kr/?k=%EC%9D%B8%EC%B2%9C-%EC%84%9C%EA%B5%AC-%EA%B2%80%EC%95%94%EB%8F%99-%EB%B9%97%EB%AC%BC%EB%88%84%EC%88%98"
"인천 서구 검암동","창틀실리콘","https://sinbiroo.co.kr/?k=%EC%9D%B8%EC%B2%9C-%EC%84%9C%EA%B5%AC-%EA%B2%80%EC%95%94%EB%8F%99-%EC%B0%BD%ED%8B%80%EC%8B%A4%EB%A6%AC%EC%BD%98"
"인천 서구 검암동","샷시실리콘","https://sinbiroo.co.kr/?k=%EC%9D%B8%EC%B2%9C-%EC%84%9C%EA%B5%AC-%EA%B2%80%EC%95%94%EB%8F%99-%EC%83%B7%EC%8B%9C%EC%8B%A4%EB%A6%AC%EC%BD%98"
"인천 서구 검암동","외벽보수","https://sinbiroo.co.kr/?k=%EC%9D%B8%EC%B2%9C-%EC%84%9C%EA%B5%AC-%EA%B2%80%EC%95%94%EB%8F%99-%EC%99%B8%EB%B2%BD%EB%B3%B4%EC%88%98"
"인천 서구 검암동","외벽방수","https://sinbiroo.co.kr/?k=%EC%9D%B8%EC%B2%9C-%EC%84%9C%EA%B5%AC-%EA%B2%80%EC%95%94%EB%8F%99-%EC%99%B8%EB%B2%BD%EB%B0%A9%EC%88%98"
"인천 서구 검암동","옥상방수","https://sinbiroo.co.kr/?k=%EC%9D%B8%EC%B2%9C-%EC%84%9C%EA%B5%AC-%EA%B2%80%EC%95%94%EB%8F%99-%EC%98%A5%EC%83%81%EB%B0%A9%EC%88%98"
"인천 서구 검암동","건물방수","https://sinbiroo.co.kr/?k=%EC%9D%B8%EC%B2%9C-%EC%84%9C%EA%B5%AC-%EA%B2%80%EC%95%94%EB%8F%99-%EA%B1%B4%EB%AC%BC%EB%B0%A9%EC%88%98"
"인천 서구 검암동","외벽도색","https://sinbiroo.co.kr/?k=%EC%9D%B8%EC%B2%9C-%EC%84%9C%EA%B5%AC-%EA%B2%80%EC%95%94%EB%8F%99-%EC%99%B8%EB%B2%BD%EB%8F%84%EC%83%89"
"인천 서구 경서동","창틀코킹","https://sinbiroo.co.kr/?k=%EC%9D%B8%EC%B2%9C-%EC%84%9C%EA%B5%AC-%EA%B2%BD%EC%84%9C%EB%8F%99-%EC%B0%BD%ED%8B%80%EC%BD%94%ED%82%B9"
"인천 서구 경서동","창틀누수","https://sinbiroo.co.kr/?k=%EC%9D%B8%EC%B2%9C-%EC%84%9C%EA%B5%AC-%EA%B2%BD%EC%84%9C%EB%8F%99-%EC%B0%BD%ED%8B%80%EB%88%84%EC%88%98"
"인천 서구 경서동","빗물누수","https://sinbiroo.co.kr/?k=%EC%9D%B8%EC%B2%9C-%EC%84%9C%EA%B5%AC-%EA%B2%BD%EC%84%9C%EB%8F%99-%EB%B9%97%EB%AC%BC%EB%88%84%EC%88%98"
"인천 서구 경서동","창틀실리콘","https://sinbiroo.co.kr/?k=%EC%9D%B8%EC%B2%9C-%EC%84%9C%EA%B5%AC-%EA%B2%BD%EC%84%9C%EB%8F%99-%EC%B0%BD%ED%8B%80%EC%8B%A4%EB%A6%AC%EC%BD%98"
"인천 서구 경서동","샷시실리콘","https://sinbiroo.co.kr/?k=%EC%9D%B8%EC%B2%9C-%EC%84%9C%EA%B5%AC-%EA%B2%BD%EC%84%9C%EB%8F%99-%EC%83%B7%EC%8B%9C%EC%8B%A4%EB%A6%AC%EC%BD%98"
"인천 서구 경서동","외벽보수","https://sinbiroo.co.kr/?k=%EC%9D%B8%EC%B2%9C-%EC%84%9C%EA%B5%AC-%EA%B2%BD%EC%84%9C%EB%8F%99-%EC%99%B8%EB%B2%BD%EB%B3%B4%EC%88%98"
"인천 서구 경서동","외벽방수","https://sinbiroo.co.kr/?k=%EC%9D%B8%EC%B2%9C-%EC%84%9C%EA%B5%AC-%EA%B2%BD%EC%84%9C%EB%8F%99-%EC%99%B8%EB%B2%BD%EB%B0%A9%EC%88%98"
"인천 서구 경서동","옥상방수","https://sinbiroo.co.kr/?k=%EC%9D%B8%EC%B2%9C-%EC%84%9C%EA%B5%AC-%EA%B2%BD%EC%84%9C%EB%8F%99-%EC%98%A5%EC%83%81%EB%B0%A9%EC%88%98"
"인천 서구 경서동","건물방수","https://sinbiroo.co.kr/?k=%EC%9D%B8%EC%B2%9C-%EC%84%9C%EA%B5%AC-%EA%B2%BD%EC%84%9C%EB%8F%99-%EA%B1%B4%EB%AC%BC%EB%B0%A9%EC%88%98"
"인천 서구 경서동","외벽도색","https://sinbiroo.co.kr/?k=%EC%9D%B8%EC%B2%9C-%EC%84%9C%EA%B5%AC-%EA%B2%BD%EC%84%9C%EB%8F%99-%EC%99%B8%EB%B2%BD%EB%8F%84%EC%83%89"
"인천 서구 연희동","창틀코킹","https://sinbiroo.co.kr/?k=%EC%9D%B8%EC%B2%9C-%EC%84%9C%EA%B5%AC-%EC%97%B0%ED%9D%AC%EB%8F%99-%EC%B0%BD%ED%8B%80%EC%BD%94%ED%82%B9"
"인천 서구 연희동","창틀누수","https://sinbiroo.co.kr/?k=%EC%9D%B8%EC%B2%9C-%EC%84%9C%EA%B5%AC-%EC%97%B0%ED%9D%AC%EB%8F%99-%EC%B0%BD%ED%8B%80%EB%88%84%EC%88%98"
"인천 서구 연희동","빗물누수","https://sinbiroo.co.kr/?k=%EC%9D%B8%EC%B2%9C-%EC%84%9C%EA%B5%AC-%EC%97%B0%ED%9D%AC%EB%8F%99-%EB%B9%97%EB%AC%BC%EB%88%84%EC%88%98"
"인천 서구 연희동","창틀실리콘","https://sinbiroo.co.kr/?k=%EC%9D%B8%EC%B2%9C-%EC%84%9C%EA%B5%AC-%EC%97%B0%ED%9D%AC%EB%8F%99-%EC%B0%BD%ED%8B%80%EC%8B%A4%EB%A6%AC%EC%BD%98"
"인천 서구 연희동","샷시실리콘","https://sinbiroo.co.kr/?k=%EC%9D%B8%EC%B2%9C-%EC%84%9C%EA%B5%AC-%EC%97%B0%ED%9D%AC%EB%8F%99-%EC%83%B7%EC%8B%9C%EC%8B%A4%EB%A6%AC%EC%BD%98"
"인천 서구 연희동","외벽보수","https://sinbiroo.co.kr/?k=%EC%9D%B8%EC%B2%9C-%EC%84%9C%EA%B5%AC-%EC%97%B0%ED%9D%AC%EB%8F%99-%EC%99%B8%EB%B2%BD%EB%B3%B4%EC%88%98"
"인천 서구 연희동","외벽방수","https://sinbiroo.co.kr/?k=%EC%9D%B8%EC%B2%9C-%EC%84%9C%EA%B5%AC-%EC%97%B0%ED%9D%AC%EB%8F%99-%EC%99%B8%EB%B2%BD%EB%B0%A9%EC%88%98"
"인천 서구 연희동","옥상방수","https://sinbiroo.co.kr/?k=%EC%9D%B8%EC%B2%9C-%EC%84%9C%EA%B5%AC-%EC%97%B0%ED%9D%AC%EB%8F%99-%EC%98%A5%EC%83%81%EB%B0%A9%EC%88%98"
"인천 서구 연희동","건물방수","https://sinbiroo.co.kr/?k=%EC%9D%B8%EC%B2%9C-%EC%84%9C%EA%B5%AC-%EC%97%B0%ED%9D%AC%EB%8F%99-%EA%B1%B4%EB%AC%BC%EB%B0%A9%EC%88%98"
"인천 서구 연희동","외벽도색","https://sinbiroo.co.kr/?k=%EC%9D%B8%EC%B2%9C-%EC%84%9C%EA%B5%AC-%EC%97%B0%ED%9D%AC%EB%8F%99-%EC%99%B8%EB%B2%BD%EB%8F%84%EC%83%89"
"인천 서구 청라동","창틀코킹","https://sinbiroo.co.kr/?k=%EC%9D%B8%EC%B2%9C-%EC%84%9C%EA%B5%AC-%EC%B2%AD%EB%9D%BC%EB%8F%99-%EC%B0%BD%ED%8B%80%EC%BD%94%ED%82%B9"
"인천 서구 청라동","창틀누수","https://sinbiroo.co.kr/?k=%EC%9D%B8%EC%B2%9C-%EC%84%9C%EA%B5%AC-%EC%B2%AD%EB%9D%BC%EB%8F%99-%EC%B0%BD%ED%8B%80%EB%88%84%EC%88%98"
"인천 서구 청라동","빗물누수","https://sinbiroo.co.kr/?k=%EC%9D%B8%EC%B2%9C-%EC%84%9C%EA%B5%AC-%EC%B2%AD%EB%9D%BC%EB%8F%99-%EB%B9%97%EB%AC%BC%EB%88%84%EC%88%98"
"인천 서구 청라동","창틀실리콘","https://sinbiroo.co.kr/?k=%EC%9D%B8%EC%B2%9C-%EC%84%9C%EA%B5%AC-%EC%B2%AD%EB%9D%BC%EB%8F%99-%EC%B0%BD%ED%8B%80%EC%8B%A4%EB%A6%AC%EC%BD%98"
"인천 서구 청라동","샷시실리콘","https://sinbiroo.co.kr/?k=%EC%9D%B8%EC%B2%9C-%EC%84%9C%EA%B5%AC-%EC%B2%AD%EB%9D%BC%EB%8F%99-%EC%83%B7%EC%8B%9C%EC%8B%A4%EB%A6%AC%EC%BD%98"
"인천 서구 청라동","외벽보수","https://sinbiroo.co.kr/?k=%EC%9D%B8%EC%B2%9C-%EC%84%9C%EA%B5%AC-%EC%B2%AD%EB%9D%BC%EB%8F%99-%EC%99%B8%EB%B2%BD%EB%B3%B4%EC%88%98"
"인천 서구 청라동","외벽방수","https://sinbiroo.co.kr/?k=%EC%9D%B8%EC%B2%9C-%EC%84%9C%EA%B5%AC-%EC%B2%AD%EB%9D%BC%EB%8F%99-%EC%99%B8%EB%B2%BD%EB%B0%A9%EC%88%98"
"인천 서구 청라동","옥상방수","https://sinbiroo.co.kr/?k=%EC%9D%B8%EC%B2%9C-%EC%84%9C%EA%B5%AC-%EC%B2%AD%EB%9D%BC%EB%8F%99-%EC%98%A5%EC%83%81%EB%B0%A9%EC%88%98"
"인천 서구 청라동","건물방수","https://sinbiroo.co.kr/?k=%EC%9D%B8%EC%B2%9C-%EC%84%9C%EA%B5%AC-%EC%B2%AD%EB%9D%BC%EB%8F%99-%EA%B1%B4%EB%AC%BC%EB%B0%A9%EC%88%98"
"인천 서구 청라동","외벽도색","https://sinbiroo.co.kr/?k=%EC%9D%B8%EC%B2%9C-%EC%84%9C%EA%B5%AC-%EC%B2%AD%EB%9D%BC%EB%8F%99-%EC%99%B8%EB%B2%BD%EB%8F%84%EC%83%89"
"인천 서구 가정동","창틀코킹","https://sinbiroo.co.kr/?k=%EC%9D%B8%EC%B2%9C-%EC%84%9C%EA%B5%AC-%EA%B0%80%EC%A0%95%EB%8F%99-%EC%B0%BD%ED%8B%80%EC%BD%94%ED%82%B9"
"인천 서구 가정동","창틀누수","https://sinbiroo.co.kr/?k=%EC%9D%B8%EC%B2%9C-%EC%84%9C%EA%B5%AC-%EA%B0%80%EC%A0%95%EB%8F%99-%EC%B0%BD%ED%8B%80%EB%88%84%EC%88%98"
"인천 서구 가정동","빗물누수","https://sinbiroo.co.kr/?k=%EC%9D%B8%EC%B2%9C-%EC%84%9C%EA%B5%AC-%EA%B0%80%EC%A0%95%EB%8F%99-%EB%B9%97%EB%AC%BC%EB%88%84%EC%88%98"
"인천 서구 가정동","창틀실리콘","https://sinbiroo.co.kr/?k=%EC%9D%B8%EC%B2%9C-%EC%84%9C%EA%B5%AC-%EA%B0%80%EC%A0%95%EB%8F%99-%EC%B0%BD%ED%8B%80%EC%8B%A4%EB%A6%AC%EC%BD%98"
"인천 서구 가정동","샷시실리콘","https://sinbiroo.co.kr/?k=%EC%9D%B8%EC%B2%9C-%EC%84%9C%EA%B5%AC-%EA%B0%80%EC%A0%95%EB%8F%99-%EC%83%B7%EC%8B%9C%EC%8B%A4%EB%A6%AC%EC%BD%98"
"인천 서구 가정동","외벽보수","https://sinbiroo.co.kr/?k=%EC%9D%B8%EC%B2%9C-%EC%84%9C%EA%B5%AC-%EA%B0%80%EC%A0%95%EB%8F%99-%EC%99%B8%EB%B2%BD%EB%B3%B4%EC%88%98"
"인천 서구 가정동","외벽방수","https://sinbiroo.co.kr/?k=%EC%9D%B8%EC%B2%9C-%EC%84%9C%EA%B5%AC-%EA%B0%80%EC%A0%95%EB%8F%99-%EC%99%B8%EB%B2%BD%EB%B0%A9%EC%88%98"
"인천 서구 가정동","옥상방수","https://sinbiroo.co.kr/?k=%EC%9D%B8%EC%B2%9C-%EC%84%9C%EA%B5%AC-%EA%B0%80%EC%A0%95%EB%8F%99-%EC%98%A5%EC%83%81%EB%B0%A9%EC%88%98"
"인천 서구 가정동","건물방수","https://sinbiroo.co.kr/?k=%EC%9D%B8%EC%B2%9C-%EC%84%9C%EA%B5%AC-%EA%B0%80%EC%A0%95%EB%8F%99-%EA%B1%B4%EB%AC%BC%EB%B0%A9%EC%88%98"
"인천 서구 가정동","외벽도색","https://sinbiroo.co.kr/?k=%EC%9D%B8%EC%B2%9C-%EC%84%9C%EA%B5%AC-%EA%B0%80%EC%A0%95%EB%8F%99-%EC%99%B8%EB%B2%BD%EB%8F%84%EC%83%89"
"인천 서구 신현동","창틀코킹","https://sinbiroo.co.kr/?k=%EC%9D%B8%EC%B2%9C-%EC%84%9C%EA%B5%AC-%EC%8B%A0%ED%98%84%EB%8F%99-%EC%B0%BD%ED%8B%80%EC%BD%94%ED%82%B9"
"인천 서구 신현동","창틀누수","https://sinbiroo.co.kr/?k=%EC%9D%B8%EC%B2%9C-%EC%84%9C%EA%B5%AC-%EC%8B%A0%ED%98%84%EB%8F%99-%EC%B0%BD%ED%8B%80%EB%88%84%EC%88%98"
"인천 서구 신현동","빗물누수","https://sinbiroo.co.kr/?k=%EC%9D%B8%EC%B2%9C-%EC%84%9C%EA%B5%AC-%EC%8B%A0%ED%98%84%EB%8F%99-%EB%B9%97%EB%AC%BC%EB%88%84%EC%88%98"
"인천 서구 신현동","창틀실리콘","https://sinbiroo.co.kr/?k=%EC%9D%B8%EC%B2%9C-%EC%84%9C%EA%B5%AC-%EC%8B%A0%ED%98%84%EB%8F%99-%EC%B0%BD%ED%8B%80%EC%8B%A4%EB%A6%AC%EC%BD%98"
"인천 서구 신현동","샷시실리콘","https://sinbiroo.co.kr/?k=%EC%9D%B8%EC%B2%9C-%EC%84%9C%EA%B5%AC-%EC%8B%A0%ED%98%84%EB%8F%99-%EC%83%B7%EC%8B%9C%EC%8B%A4%EB%A6%AC%EC%BD%98"
"인천 서구 신현동","외벽보수","https://sinbiroo.co.kr/?k=%EC%9D%B8%EC%B2%9C-%EC%84%9C%EA%B5%AC-%EC%8B%A0%ED%98%84%EB%8F%99-%EC%99%B8%EB%B2%BD%EB%B3%B4%EC%88%98"
"인천 서구 신현동","외벽방수","https://sinbiroo.co.kr/?k=%EC%9D%B8%EC%B2%9C-%EC%84%9C%EA%B5%AC-%EC%8B%A0%ED%98%84%EB%8F%99-%EC%99%B8%EB%B2%BD%EB%B0%A9%EC%88%98"
"인천 서구 신현동","옥상방수","https://sinbiroo.co.kr/?k=%EC%9D%B8%EC%B2%9C-%EC%84%9C%EA%B5%AC-%EC%8B%A0%ED%98%84%EB%8F%99-%EC%98%A5%EC%83%81%EB%B0%A9%EC%88%98"
"인천 서구 신현동","건물방수","https://sinbiroo.co.kr/?k=%EC%9D%B8%EC%B2%9C-%EC%84%9C%EA%B5%AC-%EC%8B%A0%ED%98%84%EB%8F%99-%EA%B1%B4%EB%AC%BC%EB%B0%A9%EC%88%98"
"인천 서구 신현동","외벽도색","https://sinbiroo.co.kr/?k=%EC%9D%B8%EC%B2%9C-%EC%84%9C%EA%B5%AC-%EC%8B%A0%ED%98%84%EB%8F%99-%EC%99%B8%EB%B2%BD%EB%8F%84%EC%83%89"
"인천 서구 원창동","창틀코킹","https://sinbiroo.co.kr/?k=%EC%9D%B8%EC%B2%9C-%EC%84%9C%EA%B5%AC-%EC%9B%90%EC%B0%BD%EB%8F%99-%EC%B0%BD%ED%8B%80%EC%BD%94%ED%82%B9"
"인천 서구 원창동","창틀누수","https://sinbiroo.co.kr/?k=%EC%9D%B8%EC%B2%9C-%EC%84%9C%EA%B5%AC-%EC%9B%90%EC%B0%BD%EB%8F%99-%EC%B0%BD%ED%8B%80%EB%88%84%EC%88%98"
"인천 서구 원창동","빗물누수","https://sinbiroo.co.kr/?k=%EC%9D%B8%EC%B2%9C-%EC%84%9C%EA%B5%AC-%EC%9B%90%EC%B0%BD%EB%8F%99-%EB%B9%97%EB%AC%BC%EB%88%84%EC%88%98"
"인천 서구 원창동","창틀실리콘","https://sinbiroo.co.kr/?k=%EC%9D%B8%EC%B2%9C-%EC%84%9C%EA%B5%AC-%EC%9B%90%EC%B0%BD%EB%8F%99-%EC%B0%BD%ED%8B%80%EC%8B%A4%EB%A6%AC%EC%BD%98"
"인천 서구 원창동","샷시실리콘","https://sinbiroo.co.kr/?k=%EC%9D%B8%EC%B2%9C-%EC%84%9C%EA%B5%AC-%EC%9B%90%EC%B0%BD%EB%8F%99-%EC%83%B7%EC%8B%9C%EC%8B%A4%EB%A6%AC%EC%BD%98"
"인천 서구 원창동","외벽보수","https://sinbiroo.co.kr/?k=%EC%9D%B8%EC%B2%9C-%EC%84%9C%EA%B5%AC-%EC%9B%90%EC%B0%BD%EB%8F%99-%EC%99%B8%EB%B2%BD%EB%B3%B4%EC%88%98"
"인천 서구 원창동","외벽방수","https://sinbiroo.co.kr/?k=%EC%9D%B8%EC%B2%9C-%EC%84%9C%EA%B5%AC-%EC%9B%90%EC%B0%BD%EB%8F%99-%EC%99%B8%EB%B2%BD%EB%B0%A9%EC%88%98"
"인천 서구 원창동","옥상방수","https://sinbiroo.co.kr/?k=%EC%9D%B8%EC%B2%9C-%EC%84%9C%EA%B5%AC-%EC%9B%90%EC%B0%BD%EB%8F%99-%EC%98%A5%EC%83%81%EB%B0%A9%EC%88%98"
"인천 서구 원창동","건물방수","https://sinbiroo.co.kr/?k=%EC%9D%B8%EC%B2%9C-%EC%84%9C%EA%B5%AC-%EC%9B%90%EC%B0%BD%EB%8F%99-%EA%B1%B4%EB%AC%BC%EB%B0%A9%EC%88%98"
"인천 서구 원창동","외벽도색","https://sinbiroo.co.kr/?k=%EC%9D%B8%EC%B2%9C-%EC%84%9C%EA%B5%AC-%EC%9B%90%EC%B0%BD%EB%8F%99-%EC%99%B8%EB%B2%BD%EB%8F%84%EC%83%89"
"인천 서구 석남동","창틀코킹","https://sinbiroo.co.kr/?k=%EC%9D%B8%EC%B2%9C-%EC%84%9C%EA%B5%AC-%EC%84%9D%EB%82%A8%EB%8F%99-%EC%B0%BD%ED%8B%80%EC%BD%94%ED%82%B9"
"인천 서구 석남동","창틀누수","https://sinbiroo.co.kr/?k=%EC%9D%B8%EC%B2%9C-%EC%84%9C%EA%B5%AC-%EC%84%9D%EB%82%A8%EB%8F%99-%EC%B0%BD%ED%8B%80%EB%88%84%EC%88%98"
"인천 서구 석남동","빗물누수","https://sinbiroo.co.kr/?k=%EC%9D%B8%EC%B2%9C-%EC%84%9C%EA%B5%AC-%EC%84%9D%EB%82%A8%EB%8F%99-%EB%B9%97%EB%AC%BC%EB%88%84%EC%88%98"
"인천 서구 석남동","창틀실리콘","https://sinbiroo.co.kr/?k=%EC%9D%B8%EC%B2%9C-%EC%84%9C%EA%B5%AC-%EC%84%9D%EB%82%A8%EB%8F%99-%EC%B0%BD%ED%8B%80%EC%8B%A4%EB%A6%AC%EC%BD%98"
"인천 서구 석남동","샷시실리콘","https://sinbiroo.co.kr/?k=%EC%9D%B8%EC%B2%9C-%EC%84%9C%EA%B5%AC-%EC%84%9D%EB%82%A8%EB%8F%99-%EC%83%B7%EC%8B%9C%EC%8B%A4%EB%A6%AC%EC%BD%98"
"인천 서구 석남동","외벽보수","https://sinbiroo.co.kr/?k=%EC%9D%B8%EC%B2%9C-%EC%84%9C%EA%B5%AC-%EC%84%9D%EB%82%A8%EB%8F%99-%EC%99%B8%EB%B2%BD%EB%B3%B4%EC%88%98"
"인천 서구 석남동","외벽방수","https://sinbiroo.co.kr/?k=%EC%9D%B8%EC%B2%9C-%EC%84%9C%EA%B5%AC-%EC%84%9D%EB%82%A8%EB%8F%99-%EC%99%B8%EB%B2%BD%EB%B0%A9%EC%88%98"
"인천 서구 석남동","옥상방수","https://sinbiroo.co.kr/?k=%EC%9D%B8%EC%B2%9C-%EC%84%9C%EA%B5%AC-%EC%84%9D%EB%82%A8%EB%8F%99-%EC%98%A5%EC%83%81%EB%B0%A9%EC%88%98"
"인천 서구 석남동","건물방수","https://sinbiroo.co.kr/?k=%EC%9D%B8%EC%B2%9C-%EC%84%9C%EA%B5%AC-%EC%84%9D%EB%82%A8%EB%8F%99-%EA%B1%B4%EB%AC%BC%EB%B0%A9%EC%88%98"
"인천 서구 석남동","외벽도색","https://sinbiroo.co.kr/?k=%EC%9D%B8%EC%B2%9C-%EC%84%9C%EA%B5%AC-%EC%84%9D%EB%82%A8%EB%8F%99-%EC%99%B8%EB%B2%BD%EB%8F%84%EC%83%89"
"인천 서구 가좌동","창틀코킹","https://sinbiroo.co.kr/?k=%EC%9D%B8%EC%B2%9C-%EC%84%9C%EA%B5%AC-%EA%B0%80%EC%A2%8C%EB%8F%99-%EC%B0%BD%ED%8B%80%EC%BD%94%ED%82%B9"
"인천 서구 가좌동","창틀누수","https://sinbiroo.co.kr/?k=%EC%9D%B8%EC%B2%9C-%EC%84%9C%EA%B5%AC-%EA%B0%80%EC%A2%8C%EB%8F%99-%EC%B0%BD%ED%8B%80%EB%88%84%EC%88%98"
"인천 서구 가좌동","빗물누수","https://sinbiroo.co.kr/?k=%EC%9D%B8%EC%B2%9C-%EC%84%9C%EA%B5%AC-%EA%B0%80%EC%A2%8C%EB%8F%99-%EB%B9%97%EB%AC%BC%EB%88%84%EC%88%98"
"인천 서구 가좌동","창틀실리콘","https://sinbiroo.co.kr/?k=%EC%9D%B8%EC%B2%9C-%EC%84%9C%EA%B5%AC-%EA%B0%80%EC%A2%8C%EB%8F%99-%EC%B0%BD%ED%8B%80%EC%8B%A4%EB%A6%AC%EC%BD%98"
"인천 서구 가좌동","샷시실리콘","https://sinbiroo.co.kr/?k=%EC%9D%B8%EC%B2%9C-%EC%84%9C%EA%B5%AC-%EA%B0%80%EC%A2%8C%EB%8F%99-%EC%83%B7%EC%8B%9C%EC%8B%A4%EB%A6%AC%EC%BD%98"
"인천 서구 가좌동","외벽보수","https://sinbiroo.co.kr/?k=%EC%9D%B8%EC%B2%9C-%EC%84%9C%EA%B5%AC-%EA%B0%80%EC%A2%8C%EB%8F%99-%EC%99%B8%EB%B2%BD%EB%B3%B4%EC%88%98"
"인천 서구 가좌동","외벽방수","https://sinbiroo.co.kr/?k=%EC%9D%B8%EC%B2%9C-%EC%84%9C%EA%B5%AC-%EA%B0%80%EC%A2%8C%EB%8F%99-%EC%99%B8%EB%B2%BD%EB%B0%A9%EC%88%98"
"인천 서구 가좌동","옥상방수","https://sinbiroo.co.kr/?k=%EC%9D%B8%EC%B2%9C-%EC%84%9C%EA%B5%AC-%EA%B0%80%EC%A2%8C%EB%8F%99-%EC%98%A5%EC%83%81%EB%B0%A9%EC%88%98"
"인천 서구 가좌동","건물방수","https://sinbiroo.co.kr/?k=%EC%9D%B8%EC%B2%9C-%EC%84%9C%EA%B5%AC-%EA%B0%80%EC%A2%8C%EB%8F%99-%EA%B1%B4%EB%AC%BC%EB%B0%A9%EC%88%98"
"인천 서구 가좌동","외벽도색","https://sinbiroo.co.kr/?k=%EC%9D%B8%EC%B2%9C-%EC%84%9C%EA%B5%AC-%EA%B0%80%EC%A2%8C%EB%8F%99-%EC%99%B8%EB%B2%BD%EB%8F%84%EC%83%89"
"인천 서구 검단동","창틀코킹","https://sinbiroo.co.kr/?k=%EC%9D%B8%EC%B2%9C-%EC%84%9C%EA%B5%AC-%EA%B2%80%EB%8B%A8%EB%8F%99-%EC%B0%BD%ED%8B%80%EC%BD%94%ED%82%B9"
"인천 서구 검단동","창틀누수","https://sinbiroo.co.kr/?k=%EC%9D%B8%EC%B2%9C-%EC%84%9C%EA%B5%AC-%EA%B2%80%EB%8B%A8%EB%8F%99-%EC%B0%BD%ED%8B%80%EB%88%84%EC%88%98"
"인천 서구 검단동","빗물누수","https://sinbiroo.co.kr/?k=%EC%9D%B8%EC%B2%9C-%EC%84%9C%EA%B5%AC-%EA%B2%80%EB%8B%A8%EB%8F%99-%EB%B9%97%EB%AC%BC%EB%88%84%EC%88%98"
"인천 서구 검단동","창틀실리콘","https://sinbiroo.co.kr/?k=%EC%9D%B8%EC%B2%9C-%EC%84%9C%EA%B5%AC-%EA%B2%80%EB%8B%A8%EB%8F%99-%EC%B0%BD%ED%8B%80%EC%8B%A4%EB%A6%AC%EC%BD%98"
"인천 서구 검단동","샷시실리콘","https://sinbiroo.co.kr/?k=%EC%9D%B8%EC%B2%9C-%EC%84%9C%EA%B5%AC-%EA%B2%80%EB%8B%A8%EB%8F%99-%EC%83%B7%EC%8B%9C%EC%8B%A4%EB%A6%AC%EC%BD%98"
"인천 서구 검단동","외벽보수","https://sinbiroo.co.kr/?k=%EC%9D%B8%EC%B2%9C-%EC%84%9C%EA%B5%AC-%EA%B2%80%EB%8B%A8%EB%8F%99-%EC%99%B8%EB%B2%BD%EB%B3%B4%EC%88%98"
"인천 서구 검단동","외벽방수","https://sinbiroo.co.kr/?k=%EC%9D%B8%EC%B2%9C-%EC%84%9C%EA%B5%AC-%EA%B2%80%EB%8B%A8%EB%8F%99-%EC%99%B8%EB%B2%BD%EB%B0%A9%EC%88%98"
"인천 서구 검단동","옥상방수","https://sinbiroo.co.kr/?k=%EC%9D%B8%EC%B2%9C-%EC%84%9C%EA%B5%AC-%EA%B2%80%EB%8B%A8%EB%8F%99-%EC%98%A5%EC%83%81%EB%B0%A9%EC%88%98"
"인천 서구 검단동","건물방수","https://sinbiroo.co.kr/?k=%EC%9D%B8%EC%B2%9C-%EC%84%9C%EA%B5%AC-%EA%B2%80%EB%8B%A8%EB%8F%99-%EA%B1%B4%EB%AC%BC%EB%B0%A9%EC%88%98"
"인천 서구 검단동","외벽도색","https://sinbiroo.co.kr/?k=%EC%9D%B8%EC%B2%9C-%EC%84%9C%EA%B5%AC-%EA%B2%80%EB%8B%A8%EB%8F%99-%EC%99%B8%EB%B2%BD%EB%8F%84%EC%83%89"
"인천 서구 불로동","창틀코킹","https://sinbiroo.co.kr/?k=%EC%9D%B8%EC%B2%9C-%EC%84%9C%EA%B5%AC-%EB%B6%88%EB%A1%9C%EB%8F%99-%EC%B0%BD%ED%8B%80%EC%BD%94%ED%82%B9"
"인천 서구 불로동","창틀누수","https://sinbiroo.co.kr/?k=%EC%9D%B8%EC%B2%9C-%EC%84%9C%EA%B5%AC-%EB%B6%88%EB%A1%9C%EB%8F%99-%EC%B0%BD%ED%8B%80%EB%88%84%EC%88%98"
"인천 서구 불로동","빗물누수","https://sinbiroo.co.kr/?k=%EC%9D%B8%EC%B2%9C-%EC%84%9C%EA%B5%AC-%EB%B6%88%EB%A1%9C%EB%8F%99-%EB%B9%97%EB%AC%BC%EB%88%84%EC%88%98"
"인천 서구 불로동","창틀실리콘","https://sinbiroo.co.kr/?k=%EC%9D%B8%EC%B2%9C-%EC%84%9C%EA%B5%AC-%EB%B6%88%EB%A1%9C%EB%8F%99-%EC%B0%BD%ED%8B%80%EC%8B%A4%EB%A6%AC%EC%BD%98"
"인천 서구 불로동","샷시실리콘","https://sinbiroo.co.kr/?k=%EC%9D%B8%EC%B2%9C-%EC%84%9C%EA%B5%AC-%EB%B6%88%EB%A1%9C%EB%8F%99-%EC%83%B7%EC%8B%9C%EC%8B%A4%EB%A6%AC%EC%BD%98"
"인천 서구 불로동","외벽보수","https://sinbiroo.co.kr/?k=%EC%9D%B8%EC%B2%9C-%EC%84%9C%EA%B5%AC-%EB%B6%88%EB%A1%9C%EB%8F%99-%EC%99%B8%EB%B2%BD%EB%B3%B4%EC%88%98"
"인천 서구 불로동","외벽방수","https://sinbiroo.co.kr/?k=%EC%9D%B8%EC%B2%9C-%EC%84%9C%EA%B5%AC-%EB%B6%88%EB%A1%9C%EB%8F%99-%EC%99%B8%EB%B2%BD%EB%B0%A9%EC%88%98"
"인천 서구 불로동","옥상방수","https://sinbiroo.co.kr/?k=%EC%9D%B8%EC%B2%9C-%EC%84%9C%EA%B5%AC-%EB%B6%88%EB%A1%9C%EB%8F%99-%EC%98%A5%EC%83%81%EB%B0%A9%EC%88%98"
"인천 서구 불로동","건물방수","https://sinbiroo.co.kr/?k=%EC%9D%B8%EC%B2%9C-%EC%84%9C%EA%B5%AC-%EB%B6%88%EB%A1%9C%EB%8F%99-%EA%B1%B4%EB%AC%BC%EB%B0%A9%EC%88%98"
"인천 서구 불로동","외벽도색","https://sinbiroo.co.kr/?k=%EC%9D%B8%EC%B2%9C-%EC%84%9C%EA%B5%AC-%EB%B6%88%EB%A1%9C%EB%8F%99-%EC%99%B8%EB%B2%BD%EB%8F%84%EC%83%89"
"인천 서구 대곡동","창틀코킹","https://sinbiroo.co.kr/?k=%EC%9D%B8%EC%B2%9C-%EC%84%9C%EA%B5%AC-%EB%8C%80%EA%B3%A1%EB%8F%99-%EC%B0%BD%ED%8B%80%EC%BD%94%ED%82%B9"
"인천 서구 대곡동","창틀누수","https://sinbiroo.co.kr/?k=%EC%9D%B8%EC%B2%9C-%EC%84%9C%EA%B5%AC-%EB%8C%80%EA%B3%A1%EB%8F%99-%EC%B0%BD%ED%8B%80%EB%88%84%EC%88%98"
"인천 서구 대곡동","빗물누수","https://sinbiroo.co.kr/?k=%EC%9D%B8%EC%B2%9C-%EC%84%9C%EA%B5%AC-%EB%8C%80%EA%B3%A1%EB%8F%99-%EB%B9%97%EB%AC%BC%EB%88%84%EC%88%98"
"인천 서구 대곡동","창틀실리콘","https://sinbiroo.co.kr/?k=%EC%9D%B8%EC%B2%9C-%EC%84%9C%EA%B5%AC-%EB%8C%80%EA%B3%A1%EB%8F%99-%EC%B0%BD%ED%8B%80%EC%8B%A4%EB%A6%AC%EC%BD%98"
"인천 서구 대곡동","샷시실리콘","https://sinbiroo.co.kr/?k=%EC%9D%B8%EC%B2%9C-%EC%84%9C%EA%B5%AC-%EB%8C%80%EA%B3%A1%EB%8F%99-%EC%83%B7%EC%8B%9C%EC%8B%A4%EB%A6%AC%EC%BD%98"
"인천 서구 대곡동","외벽보수","https://sinbiroo.co.kr/?k=%EC%9D%B8%EC%B2%9C-%EC%84%9C%EA%B5%AC-%EB%8C%80%EA%B3%A1%EB%8F%99-%EC%99%B8%EB%B2%BD%EB%B3%B4%EC%88%98"
"인천 서구 대곡동","외벽방수","https://sinbiroo.co.kr/?k=%EC%9D%B8%EC%B2%9C-%EC%84%9C%EA%B5%AC-%EB%8C%80%EA%B3%A1%EB%8F%99-%EC%99%B8%EB%B2%BD%EB%B0%A9%EC%88%98"
"인천 서구 대곡동","옥상방수","https://sinbiroo.co.kr/?k=%EC%9D%B8%EC%B2%9C-%EC%84%9C%EA%B5%AC-%EB%8C%80%EA%B3%A1%EB%8F%99-%EC%98%A5%EC%83%81%EB%B0%A9%EC%88%98"
"인천 서구 대곡동","건물방수","https://sinbiroo.co.kr/?k=%EC%9D%B8%EC%B2%9C-%EC%84%9C%EA%B5%AC-%EB%8C%80%EA%B3%A1%EB%8F%99-%EA%B1%B4%EB%AC%BC%EB%B0%A9%EC%88%98"
"인천 서구 대곡동","외벽도색","https://sinbiroo.co.kr/?k=%EC%9D%B8%EC%B2%9C-%EC%84%9C%EA%B5%AC-%EB%8C%80%EA%B3%A1%EB%8F%99-%EC%99%B8%EB%B2%BD%EB%8F%84%EC%83%89"
"인천 서구 원당동","창틀코킹","https://sinbiroo.co.kr/?k=%EC%9D%B8%EC%B2%9C-%EC%84%9C%EA%B5%AC-%EC%9B%90%EB%8B%B9%EB%8F%99-%EC%B0%BD%ED%8B%80%EC%BD%94%ED%82%B9"
"인천 서구 원당동","창틀누수","https://sinbiroo.co.kr/?k=%EC%9D%B8%EC%B2%9C-%EC%84%9C%EA%B5%AC-%EC%9B%90%EB%8B%B9%EB%8F%99-%EC%B0%BD%ED%8B%80%EB%88%84%EC%88%98"
"인천 서구 원당동","빗물누수","https://sinbiroo.co.kr/?k=%EC%9D%B8%EC%B2%9C-%EC%84%9C%EA%B5%AC-%EC%9B%90%EB%8B%B9%EB%8F%99-%EB%B9%97%EB%AC%BC%EB%88%84%EC%88%98"
"인천 서구 원당동","창틀실리콘","https://sinbiroo.co.kr/?k=%EC%9D%B8%EC%B2%9C-%EC%84%9C%EA%B5%AC-%EC%9B%90%EB%8B%B9%EB%8F%99-%EC%B0%BD%ED%8B%80%EC%8B%A4%EB%A6%AC%EC%BD%98"
"인천 서구 원당동","샷시실리콘","https://sinbiroo.co.kr/?k=%EC%9D%B8%EC%B2%9C-%EC%84%9C%EA%B5%AC-%EC%9B%90%EB%8B%B9%EB%8F%99-%EC%83%B7%EC%8B%9C%EC%8B%A4%EB%A6%AC%EC%BD%98"
"인천 서구 원당동","외벽보수","https://sinbiroo.co.kr/?k=%EC%9D%B8%EC%B2%9C-%EC%84%9C%EA%B5%AC-%EC%9B%90%EB%8B%B9%EB%8F%99-%EC%99%B8%EB%B2%BD%EB%B3%B4%EC%88%98"
"인천 서구 원당동","외벽방수","https://sinbiroo.co.kr/?k=%EC%9D%B8%EC%B2%9C-%EC%84%9C%EA%B5%AC-%EC%9B%90%EB%8B%B9%EB%8F%99-%EC%99%B8%EB%B2%BD%EB%B0%A9%EC%88%98"
"인천 서구 원당동","옥상방수","https://sinbiroo.co.kr/?k=%EC%9D%B8%EC%B2%9C-%EC%84%9C%EA%B5%AC-%EC%9B%90%EB%8B%B9%EB%8F%99-%EC%98%A5%EC%83%81%EB%B0%A9%EC%88%98"
"인천 서구 원당동","건물방수","https://sinbiroo.co.kr/?k=%EC%9D%B8%EC%B2%9C-%EC%84%9C%EA%B5%AC-%EC%9B%90%EB%8B%B9%EB%8F%99-%EA%B1%B4%EB%AC%BC%EB%B0%A9%EC%88%98"
"인천 서구 원당동","외벽도색","https://sinbiroo.co.kr/?k=%EC%9D%B8%EC%B2%9C-%EC%84%9C%EA%B5%AC-%EC%9B%90%EB%8B%B9%EB%8F%99-%EC%99%B8%EB%B2%BD%EB%8F%84%EC%83%89"
"인천 서구 당하동","창틀코킹","https://sinbiroo.co.kr/?k=%EC%9D%B8%EC%B2%9C-%EC%84%9C%EA%B5%AC-%EB%8B%B9%ED%95%98%EB%8F%99-%EC%B0%BD%ED%8B%80%EC%BD%94%ED%82%B9"
"인천 서구 당하동","창틀누수","https://sinbiroo.co.kr/?k=%EC%9D%B8%EC%B2%9C-%EC%84%9C%EA%B5%AC-%EB%8B%B9%ED%95%98%EB%8F%99-%EC%B0%BD%ED%8B%80%EB%88%84%EC%88%98"
"인천 서구 당하동","빗물누수","https://sinbiroo.co.kr/?k=%EC%9D%B8%EC%B2%9C-%EC%84%9C%EA%B5%AC-%EB%8B%B9%ED%95%98%EB%8F%99-%EB%B9%97%EB%AC%BC%EB%88%84%EC%88%98"
"인천 서구 당하동","창틀실리콘","https://sinbiroo.co.kr/?k=%EC%9D%B8%EC%B2%9C-%EC%84%9C%EA%B5%AC-%EB%8B%B9%ED%95%98%EB%8F%99-%EC%B0%BD%ED%8B%80%EC%8B%A4%EB%A6%AC%EC%BD%98"
"인천 서구 당하동","샷시실리콘","https://sinbiroo.co.kr/?k=%EC%9D%B8%EC%B2%9C-%EC%84%9C%EA%B5%AC-%EB%8B%B9%ED%95%98%EB%8F%99-%EC%83%B7%EC%8B%9C%EC%8B%A4%EB%A6%AC%EC%BD%98"
"인천 서구 당하동","외벽보수","https://sinbiroo.co.kr/?k=%EC%9D%B8%EC%B2%9C-%EC%84%9C%EA%B5%AC-%EB%8B%B9%ED%95%98%EB%8F%99-%EC%99%B8%EB%B2%BD%EB%B3%B4%EC%88%98"
"인천 서구 당하동","외벽방수","https://sinbiroo.co.kr/?k=%EC%9D%B8%EC%B2%9C-%EC%84%9C%EA%B5%AC-%EB%8B%B9%ED%95%98%EB%8F%99-%EC%99%B8%EB%B2%BD%EB%B0%A9%EC%88%98"
"인천 서구 당하동","옥상방수","https://sinbiroo.co.kr/?k=%EC%9D%B8%EC%B2%9C-%EC%84%9C%EA%B5%AC-%EB%8B%B9%ED%95%98%EB%8F%99-%EC%98%A5%EC%83%81%EB%B0%A9%EC%88%98"
"인천 서구 당하동","건물방수","https://sinbiroo.co.kr/?k=%EC%9D%B8%EC%B2%9C-%EC%84%9C%EA%B5%AC-%EB%8B%B9%ED%95%98%EB%8F%99-%EA%B1%B4%EB%AC%BC%EB%B0%A9%EC%88%98"
"인천 서구 당하동","외벽도색","https://sinbiroo.co.kr/?k=%EC%9D%B8%EC%B2%9C-%EC%84%9C%EA%B5%AC-%EB%8B%B9%ED%95%98%EB%8F%99-%EC%99%B8%EB%B2%BD%EB%8F%84%EC%83%89"
"인천 서구 오류동","창틀코킹","https://sinbiroo.co.kr/?k=%EC%9D%B8%EC%B2%9C-%EC%84%9C%EA%B5%AC-%EC%98%A4%EB%A5%98%EB%8F%99-%EC%B0%BD%ED%8B%80%EC%BD%94%ED%82%B9"
"인천 서구 오류동","창틀누수","https://sinbiroo.co.kr/?k=%EC%9D%B8%EC%B2%9C-%EC%84%9C%EA%B5%AC-%EC%98%A4%EB%A5%98%EB%8F%99-%EC%B0%BD%ED%8B%80%EB%88%84%EC%88%98"
"인천 서구 오류동","빗물누수","https://sinbiroo.co.kr/?k=%EC%9D%B8%EC%B2%9C-%EC%84%9C%EA%B5%AC-%EC%98%A4%EB%A5%98%EB%8F%99-%EB%B9%97%EB%AC%BC%EB%88%84%EC%88%98"
"인천 서구 오류동","창틀실리콘","https://sinbiroo.co.kr/?k=%EC%9D%B8%EC%B2%9C-%EC%84%9C%EA%B5%AC-%EC%98%A4%EB%A5%98%EB%8F%99-%EC%B0%BD%ED%8B%80%EC%8B%A4%EB%A6%AC%EC%BD%98"
"인천 서구 오류동","샷시실리콘","https://sinbiroo.co.kr/?k=%EC%9D%B8%EC%B2%9C-%EC%84%9C%EA%B5%AC-%EC%98%A4%EB%A5%98%EB%8F%99-%EC%83%B7%EC%8B%9C%EC%8B%A4%EB%A6%AC%EC%BD%98"
"인천 서구 오류동","외벽보수","https://sinbiroo.co.kr/?k=%EC%9D%B8%EC%B2%9C-%EC%84%9C%EA%B5%AC-%EC%98%A4%EB%A5%98%EB%8F%99-%EC%99%B8%EB%B2%BD%EB%B3%B4%EC%88%98"
"인천 서구 오류동","외벽방수","https://sinbiroo.co.kr/?k=%EC%9D%B8%EC%B2%9C-%EC%84%9C%EA%B5%AC-%EC%98%A4%EB%A5%98%EB%8F%99-%EC%99%B8%EB%B2%BD%EB%B0%A9%EC%88%98"
"인천 서구 오류동","옥상방수","https://sinbiroo.co.kr/?k=%EC%9D%B8%EC%B2%9C-%EC%84%9C%EA%B5%AC-%EC%98%A4%EB%A5%98%EB%8F%99-%EC%98%A5%EC%83%81%EB%B0%A9%EC%88%98"
"인천 서구 오류동","건물방수","https://sinbiroo.co.kr/?k=%EC%9D%B8%EC%B2%9C-%EC%84%9C%EA%B5%AC-%EC%98%A4%EB%A5%98%EB%8F%99-%EA%B1%B4%EB%AC%BC%EB%B0%A9%EC%88%98"
"인천 서구 오류동","외벽도색","https://sinbiroo.co.kr/?k=%EC%9D%B8%EC%B2%9C-%EC%84%9C%EA%B5%AC-%EC%98%A4%EB%A5%98%EB%8F%99-%EC%99%B8%EB%B2%BD%EB%8F%84%EC%83%89"
"인천 서구 왕길동","창틀코킹","https://sinbiroo.co.kr/?k=%EC%9D%B8%EC%B2%9C-%EC%84%9C%EA%B5%AC-%EC%99%95%EA%B8%B8%EB%8F%99-%EC%B0%BD%ED%8B%80%EC%BD%94%ED%82%B9"
"인천 서구 왕길동","창틀누수","https://sinbiroo.co.kr/?k=%EC%9D%B8%EC%B2%9C-%EC%84%9C%EA%B5%AC-%EC%99%95%EA%B8%B8%EB%8F%99-%EC%B0%BD%ED%8B%80%EB%88%84%EC%88%98"
"인천 서구 왕길동","빗물누수","https://sinbiroo.co.kr/?k=%EC%9D%B8%EC%B2%9C-%EC%84%9C%EA%B5%AC-%EC%99%95%EA%B8%B8%EB%8F%99-%EB%B9%97%EB%AC%BC%EB%88%84%EC%88%98"
"인천 서구 왕길동","창틀실리콘","https://sinbiroo.co.kr/?k=%EC%9D%B8%EC%B2%9C-%EC%84%9C%EA%B5%AC-%EC%99%95%EA%B8%B8%EB%8F%99-%EC%B0%BD%ED%8B%80%EC%8B%A4%EB%A6%AC%EC%BD%98"
"인천 서구 왕길동","샷시실리콘","https://sinbiroo.co.kr/?k=%EC%9D%B8%EC%B2%9C-%EC%84%9C%EA%B5%AC-%EC%99%95%EA%B8%B8%EB%8F%99-%EC%83%B7%EC%8B%9C%EC%8B%A4%EB%A6%AC%EC%BD%98"
"인천 서구 왕길동","외벽보수","https://sinbiroo.co.kr/?k=%EC%9D%B8%EC%B2%9C-%EC%84%9C%EA%B5%AC-%EC%99%95%EA%B8%B8%EB%8F%99-%EC%99%B8%EB%B2%BD%EB%B3%B4%EC%88%98"
"인천 서구 왕길동","외벽방수","https://sinbiroo.co.kr/?k=%EC%9D%B8%EC%B2%9C-%EC%84%9C%EA%B5%AC-%EC%99%95%EA%B8%B8%EB%8F%99-%EC%99%B8%EB%B2%BD%EB%B0%A9%EC%88%98"
"인천 서구 왕길동","옥상방수","https://sinbiroo.co.kr/?k=%EC%9D%B8%EC%B2%9C-%EC%84%9C%EA%B5%AC-%EC%99%95%EA%B8%B8%EB%8F%99-%EC%98%A5%EC%83%81%EB%B0%A9%EC%88%98"
"인천 서구 왕길동","건물방수","https://sinbiroo.co.kr/?k=%EC%9D%B8%EC%B2%9C-%EC%84%9C%EA%B5%AC-%EC%99%95%EA%B8%B8%EB%8F%99-%EA%B1%B4%EB%AC%BC%EB%B0%A9%EC%88%98"
"인천 서구 왕길동","외벽도색","https://sinbiroo.co.kr/?k=%EC%9D%B8%EC%B2%9C-%EC%84%9C%EA%B5%AC-%EC%99%95%EA%B8%B8%EB%8F%99-%EC%99%B8%EB%B2%BD%EB%8F%84%EC%83%89"
"인천 서구 마전동","창틀코킹","https://sinbiroo.co.kr/?k=%EC%9D%B8%EC%B2%9C-%EC%84%9C%EA%B5%AC-%EB%A7%88%EC%A0%84%EB%8F%99-%EC%B0%BD%ED%8B%80%EC%BD%94%ED%82%B9"
"인천 서구 마전동","창틀누수","https://sinbiroo.co.kr/?k=%EC%9D%B8%EC%B2%9C-%EC%84%9C%EA%B5%AC-%EB%A7%88%EC%A0%84%EB%8F%99-%EC%B0%BD%ED%8B%80%EB%88%84%EC%88%98"
"인천 서구 마전동","빗물누수","https://sinbiroo.co.kr/?k=%EC%9D%B8%EC%B2%9C-%EC%84%9C%EA%B5%AC-%EB%A7%88%EC%A0%84%EB%8F%99-%EB%B9%97%EB%AC%BC%EB%88%84%EC%88%98"
"인천 서구 마전동","창틀실리콘","https://sinbiroo.co.kr/?k=%EC%9D%B8%EC%B2%9C-%EC%84%9C%EA%B5%AC-%EB%A7%88%EC%A0%84%EB%8F%99-%EC%B0%BD%ED%8B%80%EC%8B%A4%EB%A6%AC%EC%BD%98"
"인천 서구 마전동","샷시실리콘","https://sinbiroo.co.kr/?k=%EC%9D%B8%EC%B2%9C-%EC%84%9C%EA%B5%AC-%EB%A7%88%EC%A0%84%EB%8F%99-%EC%83%B7%EC%8B%9C%EC%8B%A4%EB%A6%AC%EC%BD%98"
"인천 서구 마전동","외벽보수","https://sinbiroo.co.kr/?k=%EC%9D%B8%EC%B2%9C-%EC%84%9C%EA%B5%AC-%EB%A7%88%EC%A0%84%EB%8F%99-%EC%99%B8%EB%B2%BD%EB%B3%B4%EC%88%98"
"인천 서구 마전동","외벽방수","https://sinbiroo.co.kr/?k=%EC%9D%B8%EC%B2%9C-%EC%84%9C%EA%B5%AC-%EB%A7%88%EC%A0%84%EB%8F%99-%EC%99%B8%EB%B2%BD%EB%B0%A9%EC%88%98"
"인천 서구 마전동","옥상방수","https://sinbiroo.co.kr/?k=%EC%9D%B8%EC%B2%9C-%EC%84%9C%EA%B5%AC-%EB%A7%88%EC%A0%84%EB%8F%99-%EC%98%A5%EC%83%81%EB%B0%A9%EC%88%98"
"인천 서구 마전동","건물방수","https://sinbiroo.co.kr/?k=%EC%9D%B8%EC%B2%9C-%EC%84%9C%EA%B5%AC-%EB%A7%88%EC%A0%84%EB%8F%99-%EA%B1%B4%EB%AC%BC%EB%B0%A9%EC%88%98"
"인천 서구 마전동","외벽도색","https://sinbiroo.co.kr/?k=%EC%9D%B8%EC%B2%9C-%EC%84%9C%EA%B5%AC-%EB%A7%88%EC%A0%84%EB%8F%99-%EC%99%B8%EB%B2%BD%EB%8F%84%EC%83%89"
"인천 서구 아라동","창틀코킹","https://sinbiroo.co.kr/?k=%EC%9D%B8%EC%B2%9C-%EC%84%9C%EA%B5%AC-%EC%95%84%EB%9D%BC%EB%8F%99-%EC%B0%BD%ED%8B%80%EC%BD%94%ED%82%B9"
"인천 서구 아라동","창틀누수","https://sinbiroo.co.kr/?k=%EC%9D%B8%EC%B2%9C-%EC%84%9C%EA%B5%AC-%EC%95%84%EB%9D%BC%EB%8F%99-%EC%B0%BD%ED%8B%80%EB%88%84%EC%88%98"
"인천 서구 아라동","빗물누수","https://sinbiroo.co.kr/?k=%EC%9D%B8%EC%B2%9C-%EC%84%9C%EA%B5%AC-%EC%95%84%EB%9D%BC%EB%8F%99-%EB%B9%97%EB%AC%BC%EB%88%84%EC%88%98"
"인천 서구 아라동","창틀실리콘","https://sinbiroo.co.kr/?k=%EC%9D%B8%EC%B2%9C-%EC%84%9C%EA%B5%AC-%EC%95%84%EB%9D%BC%EB%8F%99-%EC%B0%BD%ED%8B%80%EC%8B%A4%EB%A6%AC%EC%BD%98"
"인천 서구 아라동","샷시실리콘","https://sinbiroo.co.kr/?k=%EC%9D%B8%EC%B2%9C-%EC%84%9C%EA%B5%AC-%EC%95%84%EB%9D%BC%EB%8F%99-%EC%83%B7%EC%8B%9C%EC%8B%A4%EB%A6%AC%EC%BD%98"
"인천 서구 아라동","외벽보수","https://sinbiroo.co.kr/?k=%EC%9D%B8%EC%B2%9C-%EC%84%9C%EA%B5%AC-%EC%95%84%EB%9D%BC%EB%8F%99-%EC%99%B8%EB%B2%BD%EB%B3%B4%EC%88%98"
"인천 서구 아라동","외벽방수","https://sinbiroo.co.kr/?k=%EC%9D%B8%EC%B2%9C-%EC%84%9C%EA%B5%AC-%EC%95%84%EB%9D%BC%EB%8F%99-%EC%99%B8%EB%B2%BD%EB%B0%A9%EC%88%98"
"인천 서구 아라동","옥상방수","https://sinbiroo.co.kr/?k=%EC%9D%B8%EC%B2%9C-%EC%84%9C%EA%B5%AC-%EC%95%84%EB%9D%BC%EB%8F%99-%EC%98%A5%EC%83%81%EB%B0%A9%EC%88%98"
"인천 서구 아라동","건물방수","https://sinbiroo.co.kr/?k=%EC%9D%B8%EC%B2%9C-%EC%84%9C%EA%B5%AC-%EC%95%84%EB%9D%BC%EB%8F%99-%EA%B1%B4%EB%AC%BC%EB%B0%A9%EC%88%98"
"인천 서구 아라동","외벽도색","https://sinbiroo.co.kr/?k=%EC%9D%B8%EC%B2%9C-%EC%84%9C%EA%B5%AC-%EC%95%84%EB%9D%BC%EB%8F%99-%EC%99%B8%EB%B2%BD%EB%8F%84%EC%83%89"
"인천 남동구","창틀코킹","https://sinbiroo.co.kr/?k=%EC%9D%B8%EC%B2%9C-%EB%82%A8%EB%8F%99%EA%B5%AC-%EC%B0%BD%ED%8B%80%EC%BD%94%ED%82%B9"
"인천 남동구","창틀누수","https://sinbiroo.co.kr/?k=%EC%9D%B8%EC%B2%9C-%EB%82%A8%EB%8F%99%EA%B5%AC-%EC%B0%BD%ED%8B%80%EB%88%84%EC%88%98"
"인천 남동구","빗물누수","https://sinbiroo.co.kr/?k=%EC%9D%B8%EC%B2%9C-%EB%82%A8%EB%8F%99%EA%B5%AC-%EB%B9%97%EB%AC%BC%EB%88%84%EC%88%98"
"인천 남동구","창틀실리콘","https://sinbiroo.co.kr/?k=%EC%9D%B8%EC%B2%9C-%EB%82%A8%EB%8F%99%EA%B5%AC-%EC%B0%BD%ED%8B%80%EC%8B%A4%EB%A6%AC%EC%BD%98"
"인천 남동구","샷시실리콘","https://sinbiroo.co.kr/?k=%EC%9D%B8%EC%B2%9C-%EB%82%A8%EB%8F%99%EA%B5%AC-%EC%83%B7%EC%8B%9C%EC%8B%A4%EB%A6%AC%EC%BD%98"
"인천 남동구","외벽보수","https://sinbiroo.co.kr/?k=%EC%9D%B8%EC%B2%9C-%EB%82%A8%EB%8F%99%EA%B5%AC-%EC%99%B8%EB%B2%BD%EB%B3%B4%EC%88%98"
"인천 남동구","외벽방수","https://sinbiroo.co.kr/?k=%EC%9D%B8%EC%B2%9C-%EB%82%A8%EB%8F%99%EA%B5%AC-%EC%99%B8%EB%B2%BD%EB%B0%A9%EC%88%98"
"인천 남동구","옥상방수","https://sinbiroo.co.kr/?k=%EC%9D%B8%EC%B2%9C-%EB%82%A8%EB%8F%99%EA%B5%AC-%EC%98%A5%EC%83%81%EB%B0%A9%EC%88%98"
"인천 남동구","건물방수","https://sinbiroo.co.kr/?k=%EC%9D%B8%EC%B2%9C-%EB%82%A8%EB%8F%99%EA%B5%AC-%EA%B1%B4%EB%AC%BC%EB%B0%A9%EC%88%98"
"인천 남동구","외벽도색","https://sinbiroo.co.kr/?k=%EC%9D%B8%EC%B2%9C-%EB%82%A8%EB%8F%99%EA%B5%AC-%EC%99%B8%EB%B2%BD%EB%8F%84%EC%83%89"
"인천 연수구","창틀코킹","https://sinbiroo.co.kr/?k=%EC%9D%B8%EC%B2%9C-%EC%97%B0%EC%88%98%EA%B5%AC-%EC%B0%BD%ED%8B%80%EC%BD%94%ED%82%B9"
"인천 연수구","창틀누수","https://sinbiroo.co.kr/?k=%EC%9D%B8%EC%B2%9C-%EC%97%B0%EC%88%98%EA%B5%AC-%EC%B0%BD%ED%8B%80%EB%88%84%EC%88%98"
"인천 연수구","빗물누수","https://sinbiroo.co.kr/?k=%EC%9D%B8%EC%B2%9C-%EC%97%B0%EC%88%98%EA%B5%AC-%EB%B9%97%EB%AC%BC%EB%88%84%EC%88%98"
"인천 연수구","창틀실리콘","https://sinbiroo.co.kr/?k=%EC%9D%B8%EC%B2%9C-%EC%97%B0%EC%88%98%EA%B5%AC-%EC%B0%BD%ED%8B%80%EC%8B%A4%EB%A6%AC%EC%BD%98"
"인천 연수구","샷시실리콘","https://sinbiroo.co.kr/?k=%EC%9D%B8%EC%B2%9C-%EC%97%B0%EC%88%98%EA%B5%AC-%EC%83%B7%EC%8B%9C%EC%8B%A4%EB%A6%AC%EC%BD%98"
"인천 연수구","외벽보수","https://sinbiroo.co.kr/?k=%EC%9D%B8%EC%B2%9C-%EC%97%B0%EC%88%98%EA%B5%AC-%EC%99%B8%EB%B2%BD%EB%B3%B4%EC%88%98"
"인천 연수구","외벽방수","https://sinbiroo.co.kr/?k=%EC%9D%B8%EC%B2%9C-%EC%97%B0%EC%88%98%EA%B5%AC-%EC%99%B8%EB%B2%BD%EB%B0%A9%EC%88%98"
"인천 연수구","옥상방수","https://sinbiroo.co.kr/?k=%EC%9D%B8%EC%B2%9C-%EC%97%B0%EC%88%98%EA%B5%AC-%EC%98%A5%EC%83%81%EB%B0%A9%EC%88%98"
"인천 연수구","건물방수","https://sinbiroo.co.kr/?k=%EC%9D%B8%EC%B2%9C-%EC%97%B0%EC%88%98%EA%B5%AC-%EA%B1%B4%EB%AC%BC%EB%B0%A9%EC%88%98"
"인천 연수구","외벽도색","https://sinbiroo.co.kr/?k=%EC%9D%B8%EC%B2%9C-%EC%97%B0%EC%88%98%EA%B5%AC-%EC%99%B8%EB%B2%BD%EB%8F%84%EC%83%89"
"인천 계양구","창틀코킹","https://sinbiroo.co.kr/?k=%EC%9D%B8%EC%B2%9C-%EA%B3%84%EC%96%91%EA%B5%AC-%EC%B0%BD%ED%8B%80%EC%BD%94%ED%82%B9"
"인천 계양구","창틀누수","https://sinbiroo.co.kr/?k=%EC%9D%B8%EC%B2%9C-%EA%B3%84%EC%96%91%EA%B5%AC-%EC%B0%BD%ED%8B%80%EB%88%84%EC%88%98"
"인천 계양구","빗물누수","https://sinbiroo.co.kr/?k=%EC%9D%B8%EC%B2%9C-%EA%B3%84%EC%96%91%EA%B5%AC-%EB%B9%97%EB%AC%BC%EB%88%84%EC%88%98"
"인천 계양구","창틀실리콘","https://sinbiroo.co.kr/?k=%EC%9D%B8%EC%B2%9C-%EA%B3%84%EC%96%91%EA%B5%AC-%EC%B0%BD%ED%8B%80%EC%8B%A4%EB%A6%AC%EC%BD%98"
"인천 계양구","샷시실리콘","https://sinbiroo.co.kr/?k=%EC%9D%B8%EC%B2%9C-%EA%B3%84%EC%96%91%EA%B5%AC-%EC%83%B7%EC%8B%9C%EC%8B%A4%EB%A6%AC%EC%BD%98"
"인천 계양구","외벽보수","https://sinbiroo.co.kr/?k=%EC%9D%B8%EC%B2%9C-%EA%B3%84%EC%96%91%EA%B5%AC-%EC%99%B8%EB%B2%BD%EB%B3%B4%EC%88%98"
"인천 계양구","외벽방수","https://sinbiroo.co.kr/?k=%EC%9D%B8%EC%B2%9C-%EA%B3%84%EC%96%91%EA%B5%AC-%EC%99%B8%EB%B2%BD%EB%B0%A9%EC%88%98"
"인천 계양구","옥상방수","https://sinbiroo.co.kr/?k=%EC%9D%B8%EC%B2%9C-%EA%B3%84%EC%96%91%EA%B5%AC-%EC%98%A5%EC%83%81%EB%B0%A9%EC%88%98"
"인천 계양구","건물방수","https://sinbiroo.co.kr/?k=%EC%9D%B8%EC%B2%9C-%EA%B3%84%EC%96%91%EA%B5%AC-%EA%B1%B4%EB%AC%BC%EB%B0%A9%EC%88%98"
"인천 계양구","외벽도색","https://sinbiroo.co.kr/?k=%EC%9D%B8%EC%B2%9C-%EA%B3%84%EC%96%91%EA%B5%AC-%EC%99%B8%EB%B2%BD%EB%8F%84%EC%83%89"
"인천 미추홀구","창틀코킹","https://sinbiroo.co.kr/?k=%EC%9D%B8%EC%B2%9C-%EB%AF%B8%EC%B6%94%ED%99%80%EA%B5%AC-%EC%B0%BD%ED%8B%80%EC%BD%94%ED%82%B9"
"인천 미추홀구","창틀누수","https://sinbiroo.co.kr/?k=%EC%9D%B8%EC%B2%9C-%EB%AF%B8%EC%B6%94%ED%99%80%EA%B5%AC-%EC%B0%BD%ED%8B%80%EB%88%84%EC%88%98"
"인천 미추홀구","빗물누수","https://sinbiroo.co.kr/?k=%EC%9D%B8%EC%B2%9C-%EB%AF%B8%EC%B6%94%ED%99%80%EA%B5%AC-%EB%B9%97%EB%AC%BC%EB%88%84%EC%88%98"
"인천 미추홀구","창틀실리콘","https://sinbiroo.co.kr/?k=%EC%9D%B8%EC%B2%9C-%EB%AF%B8%EC%B6%94%ED%99%80%EA%B5%AC-%EC%B0%BD%ED%8B%80%EC%8B%A4%EB%A6%AC%EC%BD%98"
"인천 미추홀구","샷시실리콘","https://sinbiroo.co.kr/?k=%EC%9D%B8%EC%B2%9C-%EB%AF%B8%EC%B6%94%ED%99%80%EA%B5%AC-%EC%83%B7%EC%8B%9C%EC%8B%A4%EB%A6%AC%EC%BD%98"
"인천 미추홀구","외벽보수","https://sinbiroo.co.kr/?k=%EC%9D%B8%EC%B2%9C-%EB%AF%B8%EC%B6%94%ED%99%80%EA%B5%AC-%EC%99%B8%EB%B2%BD%EB%B3%B4%EC%88%98"
"인천 미추홀구","외벽방수","https://sinbiroo.co.kr/?k=%EC%9D%B8%EC%B2%9C-%EB%AF%B8%EC%B6%94%ED%99%80%EA%B5%AC-%EC%99%B8%EB%B2%BD%EB%B0%A9%EC%88%98"
"인천 미추홀구","옥상방수","https://sinbiroo.co.kr/?k=%EC%9D%B8%EC%B2%9C-%EB%AF%B8%EC%B6%94%ED%99%80%EA%B5%AC-%EC%98%A5%EC%83%81%EB%B0%A9%EC%88%98"
"인천 미추홀구","건물방수","https://sinbiroo.co.kr/?k=%EC%9D%B8%EC%B2%9C-%EB%AF%B8%EC%B6%94%ED%99%80%EA%B5%AC-%EA%B1%B4%EB%AC%BC%EB%B0%A9%EC%88%98"
"인천 미추홀구","외벽도색","https://sinbiroo.co.kr/?k=%EC%9D%B8%EC%B2%9C-%EB%AF%B8%EC%B6%94%ED%99%80%EA%B5%AC-%EC%99%B8%EB%B2%BD%EB%8F%84%EC%83%89"
"수원","창틀코킹","https://sinbiroo.co.kr/?k=%EC%88%98%EC%9B%90-%EC%B0%BD%ED%8B%80%EC%BD%94%ED%82%B9"
"수원","창틀누수","https://sinbiroo.co.kr/?k=%EC%88%98%EC%9B%90-%EC%B0%BD%ED%8B%80%EB%88%84%EC%88%98"
"수원","빗물누수","https://sinbiroo.co.kr/?k=%EC%88%98%EC%9B%90-%EB%B9%97%EB%AC%BC%EB%88%84%EC%88%98"
"수원","창틀실리콘","https://sinbiroo.co.kr/?k=%EC%88%98%EC%9B%90-%EC%B0%BD%ED%8B%80%EC%8B%A4%EB%A6%AC%EC%BD%98"
"수원","샷시실리콘","https://sinbiroo.co.kr/?k=%EC%88%98%EC%9B%90-%EC%83%B7%EC%8B%9C%EC%8B%A4%EB%A6%AC%EC%BD%98"
"수원","외벽보수","https://sinbiroo.co.kr/?k=%EC%88%98%EC%9B%90-%EC%99%B8%EB%B2%BD%EB%B3%B4%EC%88%98"
"수원","외벽방수","https://sinbiroo.co.kr/?k=%EC%88%98%EC%9B%90-%EC%99%B8%EB%B2%BD%EB%B0%A9%EC%88%98"
"수원","옥상방수","https://sinbiroo.co.kr/?k=%EC%88%98%EC%9B%90-%EC%98%A5%EC%83%81%EB%B0%A9%EC%88%98"
"수원","건물방수","https://sinbiroo.co.kr/?k=%EC%88%98%EC%9B%90-%EA%B1%B4%EB%AC%BC%EB%B0%A9%EC%88%98"
"수원","외벽도색","https://sinbiroo.co.kr/?k=%EC%88%98%EC%9B%90-%EC%99%B8%EB%B2%BD%EB%8F%84%EC%83%89"
"수원시","창틀코킹","https://sinbiroo.co.kr/?k=%EC%88%98%EC%9B%90%EC%8B%9C-%EC%B0%BD%ED%8B%80%EC%BD%94%ED%82%B9"
"수원시","창틀누수","https://sinbiroo.co.kr/?k=%EC%88%98%EC%9B%90%EC%8B%9C-%EC%B0%BD%ED%8B%80%EB%88%84%EC%88%98"
"수원시","빗물누수","https://sinbiroo.co.kr/?k=%EC%88%98%EC%9B%90%EC%8B%9C-%EB%B9%97%EB%AC%BC%EB%88%84%EC%88%98"
"수원시","창틀실리콘","https://sinbiroo.co.kr/?k=%EC%88%98%EC%9B%90%EC%8B%9C-%EC%B0%BD%ED%8B%80%EC%8B%A4%EB%A6%AC%EC%BD%98"
"수원시","샷시실리콘","https://sinbiroo.co.kr/?k=%EC%88%98%EC%9B%90%EC%8B%9C-%EC%83%B7%EC%8B%9C%EC%8B%A4%EB%A6%AC%EC%BD%98"
"수원시","외벽보수","https://sinbiroo.co.kr/?k=%EC%88%98%EC%9B%90%EC%8B%9C-%EC%99%B8%EB%B2%BD%EB%B3%B4%EC%88%98"
"수원시","외벽방수","https://sinbiroo.co.kr/?k=%EC%88%98%EC%9B%90%EC%8B%9C-%EC%99%B8%EB%B2%BD%EB%B0%A9%EC%88%98"
"수원시","옥상방수","https://sinbiroo.co.kr/?k=%EC%88%98%EC%9B%90%EC%8B%9C-%EC%98%A5%EC%83%81%EB%B0%A9%EC%88%98"
"수원시","건물방수","https://sinbiroo.co.kr/?k=%EC%88%98%EC%9B%90%EC%8B%9C-%EA%B1%B4%EB%AC%BC%EB%B0%A9%EC%88%98"
"수원시","외벽도색","https://sinbiroo.co.kr/?k=%EC%88%98%EC%9B%90%EC%8B%9C-%EC%99%B8%EB%B2%BD%EB%8F%84%EC%83%89"
"장안구","창틀코킹","https://sinbiroo.co.kr/?k=%EC%9E%A5%EC%95%88%EA%B5%AC-%EC%B0%BD%ED%8B%80%EC%BD%94%ED%82%B9"
"장안구","창틀누수","https://sinbiroo.co.kr/?k=%EC%9E%A5%EC%95%88%EA%B5%AC-%EC%B0%BD%ED%8B%80%EB%88%84%EC%88%98"
"장안구","빗물누수","https://sinbiroo.co.kr/?k=%EC%9E%A5%EC%95%88%EA%B5%AC-%EB%B9%97%EB%AC%BC%EB%88%84%EC%88%98"
"장안구","창틀실리콘","https://sinbiroo.co.kr/?k=%EC%9E%A5%EC%95%88%EA%B5%AC-%EC%B0%BD%ED%8B%80%EC%8B%A4%EB%A6%AC%EC%BD%98"
"장안구","샷시실리콘","https://sinbiroo.co.kr/?k=%EC%9E%A5%EC%95%88%EA%B5%AC-%EC%83%B7%EC%8B%9C%EC%8B%A4%EB%A6%AC%EC%BD%98"
"장안구","외벽보수","https://sinbiroo.co.kr/?k=%EC%9E%A5%EC%95%88%EA%B5%AC-%EC%99%B8%EB%B2%BD%EB%B3%B4%EC%88%98"
"장안구","외벽방수","https://sinbiroo.co.kr/?k=%EC%9E%A5%EC%95%88%EA%B5%AC-%EC%99%B8%EB%B2%BD%EB%B0%A9%EC%88%98"
"장안구","옥상방수","https://sinbiroo.co.kr/?k=%EC%9E%A5%EC%95%88%EA%B5%AC-%EC%98%A5%EC%83%81%EB%B0%A9%EC%88%98"
"장안구","건물방수","https://sinbiroo.co.kr/?k=%EC%9E%A5%EC%95%88%EA%B5%AC-%EA%B1%B4%EB%AC%BC%EB%B0%A9%EC%88%98"
"장안구","외벽도색","https://sinbiroo.co.kr/?k=%EC%9E%A5%EC%95%88%EA%B5%AC-%EC%99%B8%EB%B2%BD%EB%8F%84%EC%83%89"
"파장동","창틀코킹","https://sinbiroo.co.kr/?k=%ED%8C%8C%EC%9E%A5%EB%8F%99-%EC%B0%BD%ED%8B%80%EC%BD%94%ED%82%B9"
"파장동","창틀누수","https://sinbiroo.co.kr/?k=%ED%8C%8C%EC%9E%A5%EB%8F%99-%EC%B0%BD%ED%8B%80%EB%88%84%EC%88%98"
"파장동","빗물누수","https://sinbiroo.co.kr/?k=%ED%8C%8C%EC%9E%A5%EB%8F%99-%EB%B9%97%EB%AC%BC%EB%88%84%EC%88%98"
"파장동","창틀실리콘","https://sinbiroo.co.kr/?k=%ED%8C%8C%EC%9E%A5%EB%8F%99-%EC%B0%BD%ED%8B%80%EC%8B%A4%EB%A6%AC%EC%BD%98"
"파장동","샷시실리콘","https://sinbiroo.co.kr/?k=%ED%8C%8C%EC%9E%A5%EB%8F%99-%EC%83%B7%EC%8B%9C%EC%8B%A4%EB%A6%AC%EC%BD%98"
"파장동","외벽보수","https://sinbiroo.co.kr/?k=%ED%8C%8C%EC%9E%A5%EB%8F%99-%EC%99%B8%EB%B2%BD%EB%B3%B4%EC%88%98"
"파장동","외벽방수","https://sinbiroo.co.kr/?k=%ED%8C%8C%EC%9E%A5%EB%8F%99-%EC%99%B8%EB%B2%BD%EB%B0%A9%EC%88%98"
"파장동","옥상방수","https://sinbiroo.co.kr/?k=%ED%8C%8C%EC%9E%A5%EB%8F%99-%EC%98%A5%EC%83%81%EB%B0%A9%EC%88%98"
"파장동","건물방수","https://sinbiroo.co.kr/?k=%ED%8C%8C%EC%9E%A5%EB%8F%99-%EA%B1%B4%EB%AC%BC%EB%B0%A9%EC%88%98"
"파장동","외벽도색","https://sinbiroo.co.kr/?k=%ED%8C%8C%EC%9E%A5%EB%8F%99-%EC%99%B8%EB%B2%BD%EB%8F%84%EC%83%89"
"이목동","창틀코킹","https://sinbiroo.co.kr/?k=%EC%9D%B4%EB%AA%A9%EB%8F%99-%EC%B0%BD%ED%8B%80%EC%BD%94%ED%82%B9"
"이목동","창틀누수","https://sinbiroo.co.kr/?k=%EC%9D%B4%EB%AA%A9%EB%8F%99-%EC%B0%BD%ED%8B%80%EB%88%84%EC%88%98"
"이목동","빗물누수","https://sinbiroo.co.kr/?k=%EC%9D%B4%EB%AA%A9%EB%8F%99-%EB%B9%97%EB%AC%BC%EB%88%84%EC%88%98"
"이목동","창틀실리콘","https://sinbiroo.co.kr/?k=%EC%9D%B4%EB%AA%A9%EB%8F%99-%EC%B0%BD%ED%8B%80%EC%8B%A4%EB%A6%AC%EC%BD%98"
"이목동","샷시실리콘","https://sinbiroo.co.kr/?k=%EC%9D%B4%EB%AA%A9%EB%8F%99-%EC%83%B7%EC%8B%9C%EC%8B%A4%EB%A6%AC%EC%BD%98"
"이목동","외벽보수","https://sinbiroo.co.kr/?k=%EC%9D%B4%EB%AA%A9%EB%8F%99-%EC%99%B8%EB%B2%BD%EB%B3%B4%EC%88%98"
"이목동","외벽방수","https://sinbiroo.co.kr/?k=%EC%9D%B4%EB%AA%A9%EB%8F%99-%EC%99%B8%EB%B2%BD%EB%B0%A9%EC%88%98"
"이목동","옥상방수","https://sinbiroo.co.kr/?k=%EC%9D%B4%EB%AA%A9%EB%8F%99-%EC%98%A5%EC%83%81%EB%B0%A9%EC%88%98"
"이목동","건물방수","https://sinbiroo.co.kr/?k=%EC%9D%B4%EB%AA%A9%EB%8F%99-%EA%B1%B4%EB%AC%BC%EB%B0%A9%EC%88%98"
"이목동","외벽도색","https://sinbiroo.co.kr/?k=%EC%9D%B4%EB%AA%A9%EB%8F%99-%EC%99%B8%EB%B2%BD%EB%8F%84%EC%83%89"
"율전동","창틀코킹","https://sinbiroo.co.kr/?k=%EC%9C%A8%EC%A0%84%EB%8F%99-%EC%B0%BD%ED%8B%80%EC%BD%94%ED%82%B9"
"율전동","창틀누수","https://sinbiroo.co.kr/?k=%EC%9C%A8%EC%A0%84%EB%8F%99-%EC%B0%BD%ED%8B%80%EB%88%84%EC%88%98"
"율전동","빗물누수","https://sinbiroo.co.kr/?k=%EC%9C%A8%EC%A0%84%EB%8F%99-%EB%B9%97%EB%AC%BC%EB%88%84%EC%88%98"
"율전동","창틀실리콘","https://sinbiroo.co.kr/?k=%EC%9C%A8%EC%A0%84%EB%8F%99-%EC%B0%BD%ED%8B%80%EC%8B%A4%EB%A6%AC%EC%BD%98"
"율전동","샷시실리콘","https://sinbiroo.co.kr/?k=%EC%9C%A8%EC%A0%84%EB%8F%99-%EC%83%B7%EC%8B%9C%EC%8B%A4%EB%A6%AC%EC%BD%98"
"율전동","외벽보수","https://sinbiroo.co.kr/?k=%EC%9C%A8%EC%A0%84%EB%8F%99-%EC%99%B8%EB%B2%BD%EB%B3%B4%EC%88%98"
"율전동","외벽방수","https://sinbiroo.co.kr/?k=%EC%9C%A8%EC%A0%84%EB%8F%99-%EC%99%B8%EB%B2%BD%EB%B0%A9%EC%88%98"
"율전동","옥상방수","https://sinbiroo.co.kr/?k=%EC%9C%A8%EC%A0%84%EB%8F%99-%EC%98%A5%EC%83%81%EB%B0%A9%EC%88%98"
"율전동","건물방수","https://sinbiroo.co.kr/?k=%EC%9C%A8%EC%A0%84%EB%8F%99-%EA%B1%B4%EB%AC%BC%EB%B0%A9%EC%88%98"
"율전동","외벽도색","https://sinbiroo.co.kr/?k=%EC%9C%A8%EC%A0%84%EB%8F%99-%EC%99%B8%EB%B2%BD%EB%8F%84%EC%83%89"
"천천동","창틀코킹","https://sinbiroo.co.kr/?k=%EC%B2%9C%EC%B2%9C%EB%8F%99-%EC%B0%BD%ED%8B%80%EC%BD%94%ED%82%B9"
"천천동","창틀누수","https://sinbiroo.co.kr/?k=%EC%B2%9C%EC%B2%9C%EB%8F%99-%EC%B0%BD%ED%8B%80%EB%88%84%EC%88%98"
"천천동","빗물누수","https://sinbiroo.co.kr/?k=%EC%B2%9C%EC%B2%9C%EB%8F%99-%EB%B9%97%EB%AC%BC%EB%88%84%EC%88%98"
"천천동","창틀실리콘","https://sinbiroo.co.kr/?k=%EC%B2%9C%EC%B2%9C%EB%8F%99-%EC%B0%BD%ED%8B%80%EC%8B%A4%EB%A6%AC%EC%BD%98"
"천천동","샷시실리콘","https://sinbiroo.co.kr/?k=%EC%B2%9C%EC%B2%9C%EB%8F%99-%EC%83%B7%EC%8B%9C%EC%8B%A4%EB%A6%AC%EC%BD%98"
"천천동","외벽보수","https://sinbiroo.co.kr/?k=%EC%B2%9C%EC%B2%9C%EB%8F%99-%EC%99%B8%EB%B2%BD%EB%B3%B4%EC%88%98"
"천천동","외벽방수","https://sinbiroo.co.kr/?k=%EC%B2%9C%EC%B2%9C%EB%8F%99-%EC%99%B8%EB%B2%BD%EB%B0%A9%EC%88%98"
"천천동","옥상방수","https://sinbiroo.co.kr/?k=%EC%B2%9C%EC%B2%9C%EB%8F%99-%EC%98%A5%EC%83%81%EB%B0%A9%EC%88%98"
"천천동","건물방수","https://sinbiroo.co.kr/?k=%EC%B2%9C%EC%B2%9C%EB%8F%99-%EA%B1%B4%EB%AC%BC%EB%B0%A9%EC%88%98"
"천천동","외벽도색","https://sinbiroo.co.kr/?k=%EC%B2%9C%EC%B2%9C%EB%8F%99-%EC%99%B8%EB%B2%BD%EB%8F%84%EC%83%89"
"정자동","창틀코킹","https://sinbiroo.co.kr/?k=%EC%A0%95%EC%9E%90%EB%8F%99-%EC%B0%BD%ED%8B%80%EC%BD%94%ED%82%B9"
"정자동","창틀누수","https://sinbiroo.co.kr/?k=%EC%A0%95%EC%9E%90%EB%8F%99-%EC%B0%BD%ED%8B%80%EB%88%84%EC%88%98"
"정자동","빗물누수","https://sinbiroo.co.kr/?k=%EC%A0%95%EC%9E%90%EB%8F%99-%EB%B9%97%EB%AC%BC%EB%88%84%EC%88%98"
"정자동","창틀실리콘","https://sinbiroo.co.kr/?k=%EC%A0%95%EC%9E%90%EB%8F%99-%EC%B0%BD%ED%8B%80%EC%8B%A4%EB%A6%AC%EC%BD%98"
"정자동","샷시실리콘","https://sinbiroo.co.kr/?k=%EC%A0%95%EC%9E%90%EB%8F%99-%EC%83%B7%EC%8B%9C%EC%8B%A4%EB%A6%AC%EC%BD%98"
"정자동","외벽보수","https://sinbiroo.co.kr/?k=%EC%A0%95%EC%9E%90%EB%8F%99-%EC%99%B8%EB%B2%BD%EB%B3%B4%EC%88%98"
"정자동","외벽방수","https://sinbiroo.co.kr/?k=%EC%A0%95%EC%9E%90%EB%8F%99-%EC%99%B8%EB%B2%BD%EB%B0%A9%EC%88%98"
"정자동","옥상방수","https://sinbiroo.co.kr/?k=%EC%A0%95%EC%9E%90%EB%8F%99-%EC%98%A5%EC%83%81%EB%B0%A9%EC%88%98"
"정자동","건물방수","https://sinbiroo.co.kr/?k=%EC%A0%95%EC%9E%90%EB%8F%99-%EA%B1%B4%EB%AC%BC%EB%B0%A9%EC%88%98"
"정자동","외벽도색","https://sinbiroo.co.kr/?k=%EC%A0%95%EC%9E%90%EB%8F%99-%EC%99%B8%EB%B2%BD%EB%8F%84%EC%83%89"
"영화동","창틀코킹","https://sinbiroo.co.kr/?k=%EC%98%81%ED%99%94%EB%8F%99-%EC%B0%BD%ED%8B%80%EC%BD%94%ED%82%B9"
"영화동","창틀누수","https://sinbiroo.co.kr/?k=%EC%98%81%ED%99%94%EB%8F%99-%EC%B0%BD%ED%8B%80%EB%88%84%EC%88%98"
"영화동","빗물누수","https://sinbiroo.co.kr/?k=%EC%98%81%ED%99%94%EB%8F%99-%EB%B9%97%EB%AC%BC%EB%88%84%EC%88%98"
"영화동","창틀실리콘","https://sinbiroo.co.kr/?k=%EC%98%81%ED%99%94%EB%8F%99-%EC%B0%BD%ED%8B%80%EC%8B%A4%EB%A6%AC%EC%BD%98"
"영화동","샷시실리콘","https://sinbiroo.co.kr/?k=%EC%98%81%ED%99%94%EB%8F%99-%EC%83%B7%EC%8B%9C%EC%8B%A4%EB%A6%AC%EC%BD%98"
"영화동","외벽보수","https://sinbiroo.co.kr/?k=%EC%98%81%ED%99%94%EB%8F%99-%EC%99%B8%EB%B2%BD%EB%B3%B4%EC%88%98"
"영화동","외벽방수","https://sinbiroo.co.kr/?k=%EC%98%81%ED%99%94%EB%8F%99-%EC%99%B8%EB%B2%BD%EB%B0%A9%EC%88%98"
"영화동","옥상방수","https://sinbiroo.co.kr/?k=%EC%98%81%ED%99%94%EB%8F%99-%EC%98%A5%EC%83%81%EB%B0%A9%EC%88%98"
"영화동","건물방수","https://sinbiroo.co.kr/?k=%EC%98%81%ED%99%94%EB%8F%99-%EA%B1%B4%EB%AC%BC%EB%B0%A9%EC%88%98"
"영화동","외벽도색","https://sinbiroo.co.kr/?k=%EC%98%81%ED%99%94%EB%8F%99-%EC%99%B8%EB%B2%BD%EB%8F%84%EC%83%89"
"송죽동","창틀코킹","https://sinbiroo.co.kr/?k=%EC%86%A1%EC%A3%BD%EB%8F%99-%EC%B0%BD%ED%8B%80%EC%BD%94%ED%82%B9"
"송죽동","창틀누수","https://sinbiroo.co.kr/?k=%EC%86%A1%EC%A3%BD%EB%8F%99-%EC%B0%BD%ED%8B%80%EB%88%84%EC%88%98"
"송죽동","빗물누수","https://sinbiroo.co.kr/?k=%EC%86%A1%EC%A3%BD%EB%8F%99-%EB%B9%97%EB%AC%BC%EB%88%84%EC%88%98"
"송죽동","창틀실리콘","https://sinbiroo.co.kr/?k=%EC%86%A1%EC%A3%BD%EB%8F%99-%EC%B0%BD%ED%8B%80%EC%8B%A4%EB%A6%AC%EC%BD%98"
"송죽동","샷시실리콘","https://sinbiroo.co.kr/?k=%EC%86%A1%EC%A3%BD%EB%8F%99-%EC%83%B7%EC%8B%9C%EC%8B%A4%EB%A6%AC%EC%BD%98"
"송죽동","외벽보수","https://sinbiroo.co.kr/?k=%EC%86%A1%EC%A3%BD%EB%8F%99-%EC%99%B8%EB%B2%BD%EB%B3%B4%EC%88%98"
"송죽동","외벽방수","https://sinbiroo.co.kr/?k=%EC%86%A1%EC%A3%BD%EB%8F%99-%EC%99%B8%EB%B2%BD%EB%B0%A9%EC%88%98"
"송죽동","옥상방수","https://sinbiroo.co.kr/?k=%EC%86%A1%EC%A3%BD%EB%8F%99-%EC%98%A5%EC%83%81%EB%B0%A9%EC%88%98"
"송죽동","건물방수","https://sinbiroo.co.kr/?k=%EC%86%A1%EC%A3%BD%EB%8F%99-%EA%B1%B4%EB%AC%BC%EB%B0%A9%EC%88%98"
"송죽동","외벽도색","https://sinbiroo.co.kr/?k=%EC%86%A1%EC%A3%BD%EB%8F%99-%EC%99%B8%EB%B2%BD%EB%8F%84%EC%83%89"
"조원동","창틀코킹","https://sinbiroo.co.kr/?k=%EC%A1%B0%EC%9B%90%EB%8F%99-%EC%B0%BD%ED%8B%80%EC%BD%94%ED%82%B9"
"조원동","창틀누수","https://sinbiroo.co.kr/?k=%EC%A1%B0%EC%9B%90%EB%8F%99-%EC%B0%BD%ED%8B%80%EB%88%84%EC%88%98"
"조원동","빗물누수","https://sinbiroo.co.kr/?k=%EC%A1%B0%EC%9B%90%EB%8F%99-%EB%B9%97%EB%AC%BC%EB%88%84%EC%88%98"
"조원동","창틀실리콘","https://sinbiroo.co.kr/?k=%EC%A1%B0%EC%9B%90%EB%8F%99-%EC%B0%BD%ED%8B%80%EC%8B%A4%EB%A6%AC%EC%BD%98"
"조원동","샷시실리콘","https://sinbiroo.co.kr/?k=%EC%A1%B0%EC%9B%90%EB%8F%99-%EC%83%B7%EC%8B%9C%EC%8B%A4%EB%A6%AC%EC%BD%98"
"조원동","외벽보수","https://sinbiroo.co.kr/?k=%EC%A1%B0%EC%9B%90%EB%8F%99-%EC%99%B8%EB%B2%BD%EB%B3%B4%EC%88%98"
"조원동","외벽방수","https://sinbiroo.co.kr/?k=%EC%A1%B0%EC%9B%90%EB%8F%99-%EC%99%B8%EB%B2%BD%EB%B0%A9%EC%88%98"
"조원동","옥상방수","https://sinbiroo.co.kr/?k=%EC%A1%B0%EC%9B%90%EB%8F%99-%EC%98%A5%EC%83%81%EB%B0%A9%EC%88%98"
"조원동","건물방수","https://sinbiroo.co.kr/?k=%EC%A1%B0%EC%9B%90%EB%8F%99-%EA%B1%B4%EB%AC%BC%EB%B0%A9%EC%88%98"
"조원동","외벽도색","https://sinbiroo.co.kr/?k=%EC%A1%B0%EC%9B%90%EB%8F%99-%EC%99%B8%EB%B2%BD%EB%8F%84%EC%83%89"
"연무동","창틀코킹","https://sinbiroo.co.kr/?k=%EC%97%B0%EB%AC%B4%EB%8F%99-%EC%B0%BD%ED%8B%80%EC%BD%94%ED%82%B9"
"연무동","창틀누수","https://sinbiroo.co.kr/?k=%EC%97%B0%EB%AC%B4%EB%8F%99-%EC%B0%BD%ED%8B%80%EB%88%84%EC%88%98"
"연무동","빗물누수","https://sinbiroo.co.kr/?k=%EC%97%B0%EB%AC%B4%EB%8F%99-%EB%B9%97%EB%AC%BC%EB%88%84%EC%88%98"
"연무동","창틀실리콘","https://sinbiroo.co.kr/?k=%EC%97%B0%EB%AC%B4%EB%8F%99-%EC%B0%BD%ED%8B%80%EC%8B%A4%EB%A6%AC%EC%BD%98"
"연무동","샷시실리콘","https://sinbiroo.co.kr/?k=%EC%97%B0%EB%AC%B4%EB%8F%99-%EC%83%B7%EC%8B%9C%EC%8B%A4%EB%A6%AC%EC%BD%98"
"연무동","외벽보수","https://sinbiroo.co.kr/?k=%EC%97%B0%EB%AC%B4%EB%8F%99-%EC%99%B8%EB%B2%BD%EB%B3%B4%EC%88%98"
"연무동","외벽방수","https://sinbiroo.co.kr/?k=%EC%97%B0%EB%AC%B4%EB%8F%99-%EC%99%B8%EB%B2%BD%EB%B0%A9%EC%88%98"
"연무동","옥상방수","https://sinbiroo.co.kr/?k=%EC%97%B0%EB%AC%B4%EB%8F%99-%EC%98%A5%EC%83%81%EB%B0%A9%EC%88%98"
"연무동","건물방수","https://sinbiroo.co.kr/?k=%EC%97%B0%EB%AC%B4%EB%8F%99-%EA%B1%B4%EB%AC%BC%EB%B0%A9%EC%88%98"
"연무동","외벽도색","https://sinbiroo.co.kr/?k=%EC%97%B0%EB%AC%B4%EB%8F%99-%EC%99%B8%EB%B2%BD%EB%8F%84%EC%83%89"
"상광교동","창틀코킹","https://sinbiroo.co.kr/?k=%EC%83%81%EA%B4%91%EA%B5%90%EB%8F%99-%EC%B0%BD%ED%8B%80%EC%BD%94%ED%82%B9"
"상광교동","창틀누수","https://sinbiroo.co.kr/?k=%EC%83%81%EA%B4%91%EA%B5%90%EB%8F%99-%EC%B0%BD%ED%8B%80%EB%88%84%EC%88%98"
"상광교동","빗물누수","https://sinbiroo.co.kr/?k=%EC%83%81%EA%B4%91%EA%B5%90%EB%8F%99-%EB%B9%97%EB%AC%BC%EB%88%84%EC%88%98"
"상광교동","창틀실리콘","https://sinbiroo.co.kr/?k=%EC%83%81%EA%B4%91%EA%B5%90%EB%8F%99-%EC%B0%BD%ED%8B%80%EC%8B%A4%EB%A6%AC%EC%BD%98"
"상광교동","샷시실리콘","https://sinbiroo.co.kr/?k=%EC%83%81%EA%B4%91%EA%B5%90%EB%8F%99-%EC%83%B7%EC%8B%9C%EC%8B%A4%EB%A6%AC%EC%BD%98"
"상광교동","외벽보수","https://sinbiroo.co.kr/?k=%EC%83%81%EA%B4%91%EA%B5%90%EB%8F%99-%EC%99%B8%EB%B2%BD%EB%B3%B4%EC%88%98"
"상광교동","외벽방수","https://sinbiroo.co.kr/?k=%EC%83%81%EA%B4%91%EA%B5%90%EB%8F%99-%EC%99%B8%EB%B2%BD%EB%B0%A9%EC%88%98"
"상광교동","옥상방수","https://sinbiroo.co.kr/?k=%EC%83%81%EA%B4%91%EA%B5%90%EB%8F%99-%EC%98%A5%EC%83%81%EB%B0%A9%EC%88%98"
"상광교동","건물방수","https://sinbiroo.co.kr/?k=%EC%83%81%EA%B4%91%EA%B5%90%EB%8F%99-%EA%B1%B4%EB%AC%BC%EB%B0%A9%EC%88%98"
"상광교동","외벽도색","https://sinbiroo.co.kr/?k=%EC%83%81%EA%B4%91%EA%B5%90%EB%8F%99-%EC%99%B8%EB%B2%BD%EB%8F%84%EC%83%89"
"하광교동","창틀코킹","https://sinbiroo.co.kr/?k=%ED%95%98%EA%B4%91%EA%B5%90%EB%8F%99-%EC%B0%BD%ED%8B%80%EC%BD%94%ED%82%B9"
"하광교동","창틀누수","https://sinbiroo.co.kr/?k=%ED%95%98%EA%B4%91%EA%B5%90%EB%8F%99-%EC%B0%BD%ED%8B%80%EB%88%84%EC%88%98"
"하광교동","빗물누수","https://sinbiroo.co.kr/?k=%ED%95%98%EA%B4%91%EA%B5%90%EB%8F%99-%EB%B9%97%EB%AC%BC%EB%88%84%EC%88%98"
"하광교동","창틀실리콘","https://sinbiroo.co.kr/?k=%ED%95%98%EA%B4%91%EA%B5%90%EB%8F%99-%EC%B0%BD%ED%8B%80%EC%8B%A4%EB%A6%AC%EC%BD%98"
"하광교동","샷시실리콘","https://sinbiroo.co.kr/?k=%ED%95%98%EA%B4%91%EA%B5%90%EB%8F%99-%EC%83%B7%EC%8B%9C%EC%8B%A4%EB%A6%AC%EC%BD%98"
"하광교동","외벽보수","https://sinbiroo.co.kr/?k=%ED%95%98%EA%B4%91%EA%B5%90%EB%8F%99-%EC%99%B8%EB%B2%BD%EB%B3%B4%EC%88%98"
"하광교동","외벽방수","https://sinbiroo.co.kr/?k=%ED%95%98%EA%B4%91%EA%B5%90%EB%8F%99-%EC%99%B8%EB%B2%BD%EB%B0%A9%EC%88%98"
"하광교동","옥상방수","https://sinbiroo.co.kr/?k=%ED%95%98%EA%B4%91%EA%B5%90%EB%8F%99-%EC%98%A5%EC%83%81%EB%B0%A9%EC%88%98"
"하광교동","건물방수","https://sinbiroo.co.kr/?k=%ED%95%98%EA%B4%91%EA%B5%90%EB%8F%99-%EA%B1%B4%EB%AC%BC%EB%B0%A9%EC%88%98"
"하광교동","외벽도색","https://sinbiroo.co.kr/?k=%ED%95%98%EA%B4%91%EA%B5%90%EB%8F%99-%EC%99%B8%EB%B2%BD%EB%8F%84%EC%83%89"
"권선구","창틀코킹","https://sinbiroo.co.kr/?k=%EA%B6%8C%EC%84%A0%EA%B5%AC-%EC%B0%BD%ED%8B%80%EC%BD%94%ED%82%B9"
"권선구","창틀누수","https://sinbiroo.co.kr/?k=%EA%B6%8C%EC%84%A0%EA%B5%AC-%EC%B0%BD%ED%8B%80%EB%88%84%EC%88%98"
"권선구","빗물누수","https://sinbiroo.co.kr/?k=%EA%B6%8C%EC%84%A0%EA%B5%AC-%EB%B9%97%EB%AC%BC%EB%88%84%EC%88%98"
"권선구","창틀실리콘","https://sinbiroo.co.kr/?k=%EA%B6%8C%EC%84%A0%EA%B5%AC-%EC%B0%BD%ED%8B%80%EC%8B%A4%EB%A6%AC%EC%BD%98"
"권선구","샷시실리콘","https://sinbiroo.co.kr/?k=%EA%B6%8C%EC%84%A0%EA%B5%AC-%EC%83%B7%EC%8B%9C%EC%8B%A4%EB%A6%AC%EC%BD%98"
"권선구","외벽보수","https://sinbiroo.co.kr/?k=%EA%B6%8C%EC%84%A0%EA%B5%AC-%EC%99%B8%EB%B2%BD%EB%B3%B4%EC%88%98"
"권선구","외벽방수","https://sinbiroo.co.kr/?k=%EA%B6%8C%EC%84%A0%EA%B5%AC-%EC%99%B8%EB%B2%BD%EB%B0%A9%EC%88%98"
"권선구","옥상방수","https://sinbiroo.co.kr/?k=%EA%B6%8C%EC%84%A0%EA%B5%AC-%EC%98%A5%EC%83%81%EB%B0%A9%EC%88%98"
"권선구","건물방수","https://sinbiroo.co.kr/?k=%EA%B6%8C%EC%84%A0%EA%B5%AC-%EA%B1%B4%EB%AC%BC%EB%B0%A9%EC%88%98"
"권선구","외벽도색","https://sinbiroo.co.kr/?k=%EA%B6%8C%EC%84%A0%EA%B5%AC-%EC%99%B8%EB%B2%BD%EB%8F%84%EC%83%89"
"세류동","창틀코킹","https://sinbiroo.co.kr/?k=%EC%84%B8%EB%A5%98%EB%8F%99-%EC%B0%BD%ED%8B%80%EC%BD%94%ED%82%B9"
"세류동","창틀누수","https://sinbiroo.co.kr/?k=%EC%84%B8%EB%A5%98%EB%8F%99-%EC%B0%BD%ED%8B%80%EB%88%84%EC%88%98"
"세류동","빗물누수","https://sinbiroo.co.kr/?k=%EC%84%B8%EB%A5%98%EB%8F%99-%EB%B9%97%EB%AC%BC%EB%88%84%EC%88%98"
"세류동","창틀실리콘","https://sinbiroo.co.kr/?k=%EC%84%B8%EB%A5%98%EB%8F%99-%EC%B0%BD%ED%8B%80%EC%8B%A4%EB%A6%AC%EC%BD%98"
"세류동","샷시실리콘","https://sinbiroo.co.kr/?k=%EC%84%B8%EB%A5%98%EB%8F%99-%EC%83%B7%EC%8B%9C%EC%8B%A4%EB%A6%AC%EC%BD%98"
"세류동","외벽보수","https://sinbiroo.co.kr/?k=%EC%84%B8%EB%A5%98%EB%8F%99-%EC%99%B8%EB%B2%BD%EB%B3%B4%EC%88%98"
"세류동","외벽방수","https://sinbiroo.co.kr/?k=%EC%84%B8%EB%A5%98%EB%8F%99-%EC%99%B8%EB%B2%BD%EB%B0%A9%EC%88%98"
"세류동","옥상방수","https://sinbiroo.co.kr/?k=%EC%84%B8%EB%A5%98%EB%8F%99-%EC%98%A5%EC%83%81%EB%B0%A9%EC%88%98"
"세류동","건물방수","https://sinbiroo.co.kr/?k=%EC%84%B8%EB%A5%98%EB%8F%99-%EA%B1%B4%EB%AC%BC%EB%B0%A9%EC%88%98"
"세류동","외벽도색","https://sinbiroo.co.kr/?k=%EC%84%B8%EB%A5%98%EB%8F%99-%EC%99%B8%EB%B2%BD%EB%8F%84%EC%83%89"
"장지동","창틀코킹","https://sinbiroo.co.kr/?k=%EC%9E%A5%EC%A7%80%EB%8F%99-%EC%B0%BD%ED%8B%80%EC%BD%94%ED%82%B9"
"장지동","창틀누수","https://sinbiroo.co.kr/?k=%EC%9E%A5%EC%A7%80%EB%8F%99-%EC%B0%BD%ED%8B%80%EB%88%84%EC%88%98"
"장지동","빗물누수","https://sinbiroo.co.kr/?k=%EC%9E%A5%EC%A7%80%EB%8F%99-%EB%B9%97%EB%AC%BC%EB%88%84%EC%88%98"
"장지동","창틀실리콘","https://sinbiroo.co.kr/?k=%EC%9E%A5%EC%A7%80%EB%8F%99-%EC%B0%BD%ED%8B%80%EC%8B%A4%EB%A6%AC%EC%BD%98"
"장지동","샷시실리콘","https://sinbiroo.co.kr/?k=%EC%9E%A5%EC%A7%80%EB%8F%99-%EC%83%B7%EC%8B%9C%EC%8B%A4%EB%A6%AC%EC%BD%98"
"장지동","외벽보수","https://sinbiroo.co.kr/?k=%EC%9E%A5%EC%A7%80%EB%8F%99-%EC%99%B8%EB%B2%BD%EB%B3%B4%EC%88%98"
"장지동","외벽방수","https://sinbiroo.co.kr/?k=%EC%9E%A5%EC%A7%80%EB%8F%99-%EC%99%B8%EB%B2%BD%EB%B0%A9%EC%88%98"
"장지동","옥상방수","https://sinbiroo.co.kr/?k=%EC%9E%A5%EC%A7%80%EB%8F%99-%EC%98%A5%EC%83%81%EB%B0%A9%EC%88%98"
"장지동","건물방수","https://sinbiroo.co.kr/?k=%EC%9E%A5%EC%A7%80%EB%8F%99-%EA%B1%B4%EB%AC%BC%EB%B0%A9%EC%88%98"
"장지동","외벽도색","https://sinbiroo.co.kr/?k=%EC%9E%A5%EC%A7%80%EB%8F%99-%EC%99%B8%EB%B2%BD%EB%8F%84%EC%83%89"
"평동","창틀코킹","https://sinbiroo.co.kr/?k=%ED%8F%89%EB%8F%99-%EC%B0%BD%ED%8B%80%EC%BD%94%ED%82%B9"
"평동","창틀누수","https://sinbiroo.co.kr/?k=%ED%8F%89%EB%8F%99-%EC%B0%BD%ED%8B%80%EB%88%84%EC%88%98"
"평동","빗물누수","https://sinbiroo.co.kr/?k=%ED%8F%89%EB%8F%99-%EB%B9%97%EB%AC%BC%EB%88%84%EC%88%98"
"평동","창틀실리콘","https://sinbiroo.co.kr/?k=%ED%8F%89%EB%8F%99-%EC%B0%BD%ED%8B%80%EC%8B%A4%EB%A6%AC%EC%BD%98"
"평동","샷시실리콘","https://sinbiroo.co.kr/?k=%ED%8F%89%EB%8F%99-%EC%83%B7%EC%8B%9C%EC%8B%A4%EB%A6%AC%EC%BD%98"
"평동","외벽보수","https://sinbiroo.co.kr/?k=%ED%8F%89%EB%8F%99-%EC%99%B8%EB%B2%BD%EB%B3%B4%EC%88%98"
"평동","외벽방수","https://sinbiroo.co.kr/?k=%ED%8F%89%EB%8F%99-%EC%99%B8%EB%B2%BD%EB%B0%A9%EC%88%98"
"평동","옥상방수","https://sinbiroo.co.kr/?k=%ED%8F%89%EB%8F%99-%EC%98%A5%EC%83%81%EB%B0%A9%EC%88%98"
"평동","건물방수","https://sinbiroo.co.kr/?k=%ED%8F%89%EB%8F%99-%EA%B1%B4%EB%AC%BC%EB%B0%A9%EC%88%98"
"평동","외벽도색","https://sinbiroo.co.kr/?k=%ED%8F%89%EB%8F%99-%EC%99%B8%EB%B2%BD%EB%8F%84%EC%83%89"
"고색동","창틀코킹","https://sinbiroo.co.kr/?k=%EA%B3%A0%EC%83%89%EB%8F%99-%EC%B0%BD%ED%8B%80%EC%BD%94%ED%82%B9"
"고색동","창틀누수","https://sinbiroo.co.kr/?k=%EA%B3%A0%EC%83%89%EB%8F%99-%EC%B0%BD%ED%8B%80%EB%88%84%EC%88%98"
"고색동","빗물누수","https://sinbiroo.co.kr/?k=%EA%B3%A0%EC%83%89%EB%8F%99-%EB%B9%97%EB%AC%BC%EB%88%84%EC%88%98"
"고색동","창틀실리콘","https://sinbiroo.co.kr/?k=%EA%B3%A0%EC%83%89%EB%8F%99-%EC%B0%BD%ED%8B%80%EC%8B%A4%EB%A6%AC%EC%BD%98"
"고색동","샷시실리콘","https://sinbiroo.co.kr/?k=%EA%B3%A0%EC%83%89%EB%8F%99-%EC%83%B7%EC%8B%9C%EC%8B%A4%EB%A6%AC%EC%BD%98"
"고색동","외벽보수","https://sinbiroo.co.kr/?k=%EA%B3%A0%EC%83%89%EB%8F%99-%EC%99%B8%EB%B2%BD%EB%B3%B4%EC%88%98"
"고색동","외벽방수","https://sinbiroo.co.kr/?k=%EA%B3%A0%EC%83%89%EB%8F%99-%EC%99%B8%EB%B2%BD%EB%B0%A9%EC%88%98"
"고색동","옥상방수","https://sinbiroo.co.kr/?k=%EA%B3%A0%EC%83%89%EB%8F%99-%EC%98%A5%EC%83%81%EB%B0%A9%EC%88%98"
"고색동","건물방수","https://sinbiroo.co.kr/?k=%EA%B3%A0%EC%83%89%EB%8F%99-%EA%B1%B4%EB%AC%BC%EB%B0%A9%EC%88%98"
"고색동","외벽도색","https://sinbiroo.co.kr/?k=%EA%B3%A0%EC%83%89%EB%8F%99-%EC%99%B8%EB%B2%BD%EB%8F%84%EC%83%89"
"오목천동","창틀코킹","https://sinbiroo.co.kr/?k=%EC%98%A4%EB%AA%A9%EC%B2%9C%EB%8F%99-%EC%B0%BD%ED%8B%80%EC%BD%94%ED%82%B9"
"오목천동","창틀누수","https://sinbiroo.co.kr/?k=%EC%98%A4%EB%AA%A9%EC%B2%9C%EB%8F%99-%EC%B0%BD%ED%8B%80%EB%88%84%EC%88%98"
"오목천동","빗물누수","https://sinbiroo.co.kr/?k=%EC%98%A4%EB%AA%A9%EC%B2%9C%EB%8F%99-%EB%B9%97%EB%AC%BC%EB%88%84%EC%88%98"
"오목천동","창틀실리콘","https://sinbiroo.co.kr/?k=%EC%98%A4%EB%AA%A9%EC%B2%9C%EB%8F%99-%EC%B0%BD%ED%8B%80%EC%8B%A4%EB%A6%AC%EC%BD%98"
"오목천동","샷시실리콘","https://sinbiroo.co.kr/?k=%EC%98%A4%EB%AA%A9%EC%B2%9C%EB%8F%99-%EC%83%B7%EC%8B%9C%EC%8B%A4%EB%A6%AC%EC%BD%98"
"오목천동","외벽보수","https://sinbiroo.co.kr/?k=%EC%98%A4%EB%AA%A9%EC%B2%9C%EB%8F%99-%EC%99%B8%EB%B2%BD%EB%B3%B4%EC%88%98"
"오목천동","외벽방수","https://sinbiroo.co.kr/?k=%EC%98%A4%EB%AA%A9%EC%B2%9C%EB%8F%99-%EC%99%B8%EB%B2%BD%EB%B0%A9%EC%88%98"
"오목천동","옥상방수","https://sinbiroo.co.kr/?k=%EC%98%A4%EB%AA%A9%EC%B2%9C%EB%8F%99-%EC%98%A5%EC%83%81%EB%B0%A9%EC%88%98"
"오목천동","건물방수","https://sinbiroo.co.kr/?k=%EC%98%A4%EB%AA%A9%EC%B2%9C%EB%8F%99-%EA%B1%B4%EB%AC%BC%EB%B0%A9%EC%88%98"
"오목천동","외벽도색","https://sinbiroo.co.kr/?k=%EC%98%A4%EB%AA%A9%EC%B2%9C%EB%8F%99-%EC%99%B8%EB%B2%BD%EB%8F%84%EC%83%89"
"평리동","창틀코킹","https://sinbiroo.co.kr/?k=%ED%8F%89%EB%A6%AC%EB%8F%99-%EC%B0%BD%ED%8B%80%EC%BD%94%ED%82%B9"
"평리동","창틀누수","https://sinbiroo.co.kr/?k=%ED%8F%89%EB%A6%AC%EB%8F%99-%EC%B0%BD%ED%8B%80%EB%88%84%EC%88%98"
"평리동","빗물누수","https://sinbiroo.co.kr/?k=%ED%8F%89%EB%A6%AC%EB%8F%99-%EB%B9%97%EB%AC%BC%EB%88%84%EC%88%98"
"평리동","창틀실리콘","https://sinbiroo.co.kr/?k=%ED%8F%89%EB%A6%AC%EB%8F%99-%EC%B0%BD%ED%8B%80%EC%8B%A4%EB%A6%AC%EC%BD%98"
"평리동","샷시실리콘","https://sinbiroo.co.kr/?k=%ED%8F%89%EB%A6%AC%EB%8F%99-%EC%83%B7%EC%8B%9C%EC%8B%A4%EB%A6%AC%EC%BD%98"
"평리동","외벽보수","https://sinbiroo.co.kr/?k=%ED%8F%89%EB%A6%AC%EB%8F%99-%EC%99%B8%EB%B2%BD%EB%B3%B4%EC%88%98"
"평리동","외벽방수","https://sinbiroo.co.kr/?k=%ED%8F%89%EB%A6%AC%EB%8F%99-%EC%99%B8%EB%B2%BD%EB%B0%A9%EC%88%98"
"평리동","옥상방수","https://sinbiroo.co.kr/?k=%ED%8F%89%EB%A6%AC%EB%8F%99-%EC%98%A5%EC%83%81%EB%B0%A9%EC%88%98"
"평리동","건물방수","https://sinbiroo.co.kr/?k=%ED%8F%89%EB%A6%AC%EB%8F%99-%EA%B1%B4%EB%AC%BC%EB%B0%A9%EC%88%98"
"평리동","외벽도색","https://sinbiroo.co.kr/?k=%ED%8F%89%EB%A6%AC%EB%8F%99-%EC%99%B8%EB%B2%BD%EB%8F%84%EC%83%89"
"서둔동","창틀코킹","https://sinbiroo.co.kr/?k=%EC%84%9C%EB%91%94%EB%8F%99-%EC%B0%BD%ED%8B%80%EC%BD%94%ED%82%B9"
"서둔동","창틀누수","https://sinbiroo.co.kr/?k=%EC%84%9C%EB%91%94%EB%8F%99-%EC%B0%BD%ED%8B%80%EB%88%84%EC%88%98"
"서둔동","빗물누수","https://sinbiroo.co.kr/?k=%EC%84%9C%EB%91%94%EB%8F%99-%EB%B9%97%EB%AC%BC%EB%88%84%EC%88%98"
"서둔동","창틀실리콘","https://sinbiroo.co.kr/?k=%EC%84%9C%EB%91%94%EB%8F%99-%EC%B0%BD%ED%8B%80%EC%8B%A4%EB%A6%AC%EC%BD%98"
"서둔동","샷시실리콘","https://sinbiroo.co.kr/?k=%EC%84%9C%EB%91%94%EB%8F%99-%EC%83%B7%EC%8B%9C%EC%8B%A4%EB%A6%AC%EC%BD%98"
"서둔동","외벽보수","https://sinbiroo.co.kr/?k=%EC%84%9C%EB%91%94%EB%8F%99-%EC%99%B8%EB%B2%BD%EB%B3%B4%EC%88%98"
"서둔동","외벽방수","https://sinbiroo.co.kr/?k=%EC%84%9C%EB%91%94%EB%8F%99-%EC%99%B8%EB%B2%BD%EB%B0%A9%EC%88%98"
"서둔동","옥상방수","https://sinbiroo.co.kr/?k=%EC%84%9C%EB%91%94%EB%8F%99-%EC%98%A5%EC%83%81%EB%B0%A9%EC%88%98"
"서둔동","건물방수","https://sinbiroo.co.kr/?k=%EC%84%9C%EB%91%94%EB%8F%99-%EA%B1%B4%EB%AC%BC%EB%B0%A9%EC%88%98"
"서둔동","외벽도색","https://sinbiroo.co.kr/?k=%EC%84%9C%EB%91%94%EB%8F%99-%EC%99%B8%EB%B2%BD%EB%8F%84%EC%83%89"
"탑동","창틀코킹","https://sinbiroo.co.kr/?k=%ED%83%91%EB%8F%99-%EC%B0%BD%ED%8B%80%EC%BD%94%ED%82%B9"
"탑동","창틀누수","https://sinbiroo.co.kr/?k=%ED%83%91%EB%8F%99-%EC%B0%BD%ED%8B%80%EB%88%84%EC%88%98"
"탑동","빗물누수","https://sinbiroo.co.kr/?k=%ED%83%91%EB%8F%99-%EB%B9%97%EB%AC%BC%EB%88%84%EC%88%98"
"탑동","창틀실리콘","https://sinbiroo.co.kr/?k=%ED%83%91%EB%8F%99-%EC%B0%BD%ED%8B%80%EC%8B%A4%EB%A6%AC%EC%BD%98"
"탑동","샷시실리콘","https://sinbiroo.co.kr/?k=%ED%83%91%EB%8F%99-%EC%83%B7%EC%8B%9C%EC%8B%A4%EB%A6%AC%EC%BD%98"
"탑동","외벽보수","https://sinbiroo.co.kr/?k=%ED%83%91%EB%8F%99-%EC%99%B8%EB%B2%BD%EB%B3%B4%EC%88%98"
"탑동","외벽방수","https://sinbiroo.co.kr/?k=%ED%83%91%EB%8F%99-%EC%99%B8%EB%B2%BD%EB%B0%A9%EC%88%98"
"탑동","옥상방수","https://sinbiroo.co.kr/?k=%ED%83%91%EB%8F%99-%EC%98%A5%EC%83%81%EB%B0%A9%EC%88%98"
"탑동","건물방수","https://sinbiroo.co.kr/?k=%ED%83%91%EB%8F%99-%EA%B1%B4%EB%AC%BC%EB%B0%A9%EC%88%98"
"탑동","외벽도색","https://sinbiroo.co.kr/?k=%ED%83%91%EB%8F%99-%EC%99%B8%EB%B2%BD%EB%8F%84%EC%83%89"
"구운동","창틀코킹","https://sinbiroo.co.kr/?k=%EA%B5%AC%EC%9A%B4%EB%8F%99-%EC%B0%BD%ED%8B%80%EC%BD%94%ED%82%B9"
"구운동","창틀누수","https://sinbiroo.co.kr/?k=%EA%B5%AC%EC%9A%B4%EB%8F%99-%EC%B0%BD%ED%8B%80%EB%88%84%EC%88%98"
"구운동","빗물누수","https://sinbiroo.co.kr/?k=%EA%B5%AC%EC%9A%B4%EB%8F%99-%EB%B9%97%EB%AC%BC%EB%88%84%EC%88%98"
"구운동","창틀실리콘","https://sinbiroo.co.kr/?k=%EA%B5%AC%EC%9A%B4%EB%8F%99-%EC%B0%BD%ED%8B%80%EC%8B%A4%EB%A6%AC%EC%BD%98"
"구운동","샷시실리콘","https://sinbiroo.co.kr/?k=%EA%B5%AC%EC%9A%B4%EB%8F%99-%EC%83%B7%EC%8B%9C%EC%8B%A4%EB%A6%AC%EC%BD%98"
"구운동","외벽보수","https://sinbiroo.co.kr/?k=%EA%B5%AC%EC%9A%B4%EB%8F%99-%EC%99%B8%EB%B2%BD%EB%B3%B4%EC%88%98"
"구운동","외벽방수","https://sinbiroo.co.kr/?k=%EA%B5%AC%EC%9A%B4%EB%8F%99-%EC%99%B8%EB%B2%BD%EB%B0%A9%EC%88%98"
"구운동","옥상방수","https://sinbiroo.co.kr/?k=%EA%B5%AC%EC%9A%B4%EB%8F%99-%EC%98%A5%EC%83%81%EB%B0%A9%EC%88%98"
"구운동","건물방수","https://sinbiroo.co.kr/?k=%EA%B5%AC%EC%9A%B4%EB%8F%99-%EA%B1%B4%EB%AC%BC%EB%B0%A9%EC%88%98"
"구운동","외벽도색","https://sinbiroo.co.kr/?k=%EA%B5%AC%EC%9A%B4%EB%8F%99-%EC%99%B8%EB%B2%BD%EB%8F%84%EC%83%89"
"금곡동","창틀코킹","https://sinbiroo.co.kr/?k=%EA%B8%88%EA%B3%A1%EB%8F%99-%EC%B0%BD%ED%8B%80%EC%BD%94%ED%82%B9"
"금곡동","창틀누수","https://sinbiroo.co.kr/?k=%EA%B8%88%EA%B3%A1%EB%8F%99-%EC%B0%BD%ED%8B%80%EB%88%84%EC%88%98"
"금곡동","빗물누수","https://sinbiroo.co.kr/?k=%EA%B8%88%EA%B3%A1%EB%8F%99-%EB%B9%97%EB%AC%BC%EB%88%84%EC%88%98"
"금곡동","창틀실리콘","https://sinbiroo.co.kr/?k=%EA%B8%88%EA%B3%A1%EB%8F%99-%EC%B0%BD%ED%8B%80%EC%8B%A4%EB%A6%AC%EC%BD%98"
"금곡동","샷시실리콘","https://sinbiroo.co.kr/?k=%EA%B8%88%EA%B3%A1%EB%8F%99-%EC%83%B7%EC%8B%9C%EC%8B%A4%EB%A6%AC%EC%BD%98"
"금곡동","외벽보수","https://sinbiroo.co.kr/?k=%EA%B8%88%EA%B3%A1%EB%8F%99-%EC%99%B8%EB%B2%BD%EB%B3%B4%EC%88%98"
"금곡동","외벽방수","https://sinbiroo.co.kr/?k=%EA%B8%88%EA%B3%A1%EB%8F%99-%EC%99%B8%EB%B2%BD%EB%B0%A9%EC%88%98"
"금곡동","옥상방수","https://sinbiroo.co.kr/?k=%EA%B8%88%EA%B3%A1%EB%8F%99-%EC%98%A5%EC%83%81%EB%B0%A9%EC%88%98"
"금곡동","건물방수","https://sinbiroo.co.kr/?k=%EA%B8%88%EA%B3%A1%EB%8F%99-%EA%B1%B4%EB%AC%BC%EB%B0%A9%EC%88%98"
"금곡동","외벽도색","https://sinbiroo.co.kr/?k=%EA%B8%88%EA%B3%A1%EB%8F%99-%EC%99%B8%EB%B2%BD%EB%8F%84%EC%83%89"
"호매실동","창틀코킹","https://sinbiroo.co.kr/?k=%ED%98%B8%EB%A7%A4%EC%8B%A4%EB%8F%99-%EC%B0%BD%ED%8B%80%EC%BD%94%ED%82%B9"
"호매실동","창틀누수","https://sinbiroo.co.kr/?k=%ED%98%B8%EB%A7%A4%EC%8B%A4%EB%8F%99-%EC%B0%BD%ED%8B%80%EB%88%84%EC%88%98"
"호매실동","빗물누수","https://sinbiroo.co.kr/?k=%ED%98%B8%EB%A7%A4%EC%8B%A4%EB%8F%99-%EB%B9%97%EB%AC%BC%EB%88%84%EC%88%98"
"호매실동","창틀실리콘","https://sinbiroo.co.kr/?k=%ED%98%B8%EB%A7%A4%EC%8B%A4%EB%8F%99-%EC%B0%BD%ED%8B%80%EC%8B%A4%EB%A6%AC%EC%BD%98"
"호매실동","샷시실리콘","https://sinbiroo.co.kr/?k=%ED%98%B8%EB%A7%A4%EC%8B%A4%EB%8F%99-%EC%83%B7%EC%8B%9C%EC%8B%A4%EB%A6%AC%EC%BD%98"
"호매실동","외벽보수","https://sinbiroo.co.kr/?k=%ED%98%B8%EB%A7%A4%EC%8B%A4%EB%8F%99-%EC%99%B8%EB%B2%BD%EB%B3%B4%EC%88%98"
"호매실동","외벽방수","https://sinbiroo.co.kr/?k=%ED%98%B8%EB%A7%A4%EC%8B%A4%EB%8F%99-%EC%99%B8%EB%B2%BD%EB%B0%A9%EC%88%98"
"호매실동","옥상방수","https://sinbiroo.co.kr/?k=%ED%98%B8%EB%A7%A4%EC%8B%A4%EB%8F%99-%EC%98%A5%EC%83%81%EB%B0%A9%EC%88%98"
"호매실동","건물방수","https://sinbiroo.co.kr/?k=%ED%98%B8%EB%A7%A4%EC%8B%A4%EB%8F%99-%EA%B1%B4%EB%AC%BC%EB%B0%A9%EC%88%98"
"호매실동","외벽도색","https://sinbiroo.co.kr/?k=%ED%98%B8%EB%A7%A4%EC%8B%A4%EB%8F%99-%EC%99%B8%EB%B2%BD%EB%8F%84%EC%83%89"
"권선동","창틀코킹","https://sinbiroo.co.kr/?k=%EA%B6%8C%EC%84%A0%EB%8F%99-%EC%B0%BD%ED%8B%80%EC%BD%94%ED%82%B9"
"권선동","창틀누수","https://sinbiroo.co.kr/?k=%EA%B6%8C%EC%84%A0%EB%8F%99-%EC%B0%BD%ED%8B%80%EB%88%84%EC%88%98"
"권선동","빗물누수","https://sinbiroo.co.kr/?k=%EA%B6%8C%EC%84%A0%EB%8F%99-%EB%B9%97%EB%AC%BC%EB%88%84%EC%88%98"
"권선동","창틀실리콘","https://sinbiroo.co.kr/?k=%EA%B6%8C%EC%84%A0%EB%8F%99-%EC%B0%BD%ED%8B%80%EC%8B%A4%EB%A6%AC%EC%BD%98"
"권선동","샷시실리콘","https://sinbiroo.co.kr/?k=%EA%B6%8C%EC%84%A0%EB%8F%99-%EC%83%B7%EC%8B%9C%EC%8B%A4%EB%A6%AC%EC%BD%98"
"권선동","외벽보수","https://sinbiroo.co.kr/?k=%EA%B6%8C%EC%84%A0%EB%8F%99-%EC%99%B8%EB%B2%BD%EB%B3%B4%EC%88%98"
"권선동","외벽방수","https://sinbiroo.co.kr/?k=%EA%B6%8C%EC%84%A0%EB%8F%99-%EC%99%B8%EB%B2%BD%EB%B0%A9%EC%88%98"
"권선동","옥상방수","https://sinbiroo.co.kr/?k=%EA%B6%8C%EC%84%A0%EB%8F%99-%EC%98%A5%EC%83%81%EB%B0%A9%EC%88%98"
"권선동","건물방수","https://sinbiroo.co.kr/?k=%EA%B6%8C%EC%84%A0%EB%8F%99-%EA%B1%B4%EB%AC%BC%EB%B0%A9%EC%88%98"
"권선동","외벽도색","https://sinbiroo.co.kr/?k=%EA%B6%8C%EC%84%A0%EB%8F%99-%EC%99%B8%EB%B2%BD%EB%8F%84%EC%83%89"
"곡반정동","창틀코킹","https://sinbiroo.co.kr/?k=%EA%B3%A1%EB%B0%98%EC%A0%95%EB%8F%99-%EC%B0%BD%ED%8B%80%EC%BD%94%ED%82%B9"
"곡반정동","창틀누수","https://sinbiroo.co.kr/?k=%EA%B3%A1%EB%B0%98%EC%A0%95%EB%8F%99-%EC%B0%BD%ED%8B%80%EB%88%84%EC%88%98"
"곡반정동","빗물누수","https://sinbiroo.co.kr/?k=%EA%B3%A1%EB%B0%98%EC%A0%95%EB%8F%99-%EB%B9%97%EB%AC%BC%EB%88%84%EC%88%98"
"곡반정동","창틀실리콘","https://sinbiroo.co.kr/?k=%EA%B3%A1%EB%B0%98%EC%A0%95%EB%8F%99-%EC%B0%BD%ED%8B%80%EC%8B%A4%EB%A6%AC%EC%BD%98"
"곡반정동","샷시실리콘","https://sinbiroo.co.kr/?k=%EA%B3%A1%EB%B0%98%EC%A0%95%EB%8F%99-%EC%83%B7%EC%8B%9C%EC%8B%A4%EB%A6%AC%EC%BD%98"
"곡반정동","외벽보수","https://sinbiroo.co.kr/?k=%EA%B3%A1%EB%B0%98%EC%A0%95%EB%8F%99-%EC%99%B8%EB%B2%BD%EB%B3%B4%EC%88%98"
"곡반정동","외벽방수","https://sinbiroo.co.kr/?k=%EA%B3%A1%EB%B0%98%EC%A0%95%EB%8F%99-%EC%99%B8%EB%B2%BD%EB%B0%A9%EC%88%98"
"곡반정동","옥상방수","https://sinbiroo.co.kr/?k=%EA%B3%A1%EB%B0%98%EC%A0%95%EB%8F%99-%EC%98%A5%EC%83%81%EB%B0%A9%EC%88%98"
"곡반정동","건물방수","https://sinbiroo.co.kr/?k=%EA%B3%A1%EB%B0%98%EC%A0%95%EB%8F%99-%EA%B1%B4%EB%AC%BC%EB%B0%A9%EC%88%98"
"곡반정동","외벽도색","https://sinbiroo.co.kr/?k=%EA%B3%A1%EB%B0%98%EC%A0%95%EB%8F%99-%EC%99%B8%EB%B2%BD%EB%8F%84%EC%83%89"
"대황교동","창틀코킹","https://sinbiroo.co.kr/?k=%EB%8C%80%ED%99%A9%EA%B5%90%EB%8F%99-%EC%B0%BD%ED%8B%80%EC%BD%94%ED%82%B9"
"대황교동","창틀누수","https://sinbiroo.co.kr/?k=%EB%8C%80%ED%99%A9%EA%B5%90%EB%8F%99-%EC%B0%BD%ED%8B%80%EB%88%84%EC%88%98"
"대황교동","빗물누수","https://sinbiroo.co.kr/?k=%EB%8C%80%ED%99%A9%EA%B5%90%EB%8F%99-%EB%B9%97%EB%AC%BC%EB%88%84%EC%88%98"
"대황교동","창틀실리콘","https://sinbiroo.co.kr/?k=%EB%8C%80%ED%99%A9%EA%B5%90%EB%8F%99-%EC%B0%BD%ED%8B%80%EC%8B%A4%EB%A6%AC%EC%BD%98"
"대황교동","샷시실리콘","https://sinbiroo.co.kr/?k=%EB%8C%80%ED%99%A9%EA%B5%90%EB%8F%99-%EC%83%B7%EC%8B%9C%EC%8B%A4%EB%A6%AC%EC%BD%98"
"대황교동","외벽보수","https://sinbiroo.co.kr/?k=%EB%8C%80%ED%99%A9%EA%B5%90%EB%8F%99-%EC%99%B8%EB%B2%BD%EB%B3%B4%EC%88%98"
"대황교동","외벽방수","https://sinbiroo.co.kr/?k=%EB%8C%80%ED%99%A9%EA%B5%90%EB%8F%99-%EC%99%B8%EB%B2%BD%EB%B0%A9%EC%88%98"
"대황교동","옥상방수","https://sinbiroo.co.kr/?k=%EB%8C%80%ED%99%A9%EA%B5%90%EB%8F%99-%EC%98%A5%EC%83%81%EB%B0%A9%EC%88%98"
"대황교동","건물방수","https://sinbiroo.co.kr/?k=%EB%8C%80%ED%99%A9%EA%B5%90%EB%8F%99-%EA%B1%B4%EB%AC%BC%EB%B0%A9%EC%88%98"
"대황교동","외벽도색","https://sinbiroo.co.kr/?k=%EB%8C%80%ED%99%A9%EA%B5%90%EB%8F%99-%EC%99%B8%EB%B2%BD%EB%8F%84%EC%83%89"
"입북동","창틀코킹","https://sinbiroo.co.kr/?k=%EC%9E%85%EB%B6%81%EB%8F%99-%EC%B0%BD%ED%8B%80%EC%BD%94%ED%82%B9"
"입북동","창틀누수","https://sinbiroo.co.kr/?k=%EC%9E%85%EB%B6%81%EB%8F%99-%EC%B0%BD%ED%8B%80%EB%88%84%EC%88%98"
"입북동","빗물누수","https://sinbiroo.co.kr/?k=%EC%9E%85%EB%B6%81%EB%8F%99-%EB%B9%97%EB%AC%BC%EB%88%84%EC%88%98"
"입북동","창틀실리콘","https://sinbiroo.co.kr/?k=%EC%9E%85%EB%B6%81%EB%8F%99-%EC%B0%BD%ED%8B%80%EC%8B%A4%EB%A6%AC%EC%BD%98"
"입북동","샷시실리콘","https://sinbiroo.co.kr/?k=%EC%9E%85%EB%B6%81%EB%8F%99-%EC%83%B7%EC%8B%9C%EC%8B%A4%EB%A6%AC%EC%BD%98"
"입북동","외벽보수","https://sinbiroo.co.kr/?k=%EC%9E%85%EB%B6%81%EB%8F%99-%EC%99%B8%EB%B2%BD%EB%B3%B4%EC%88%98"
"입북동","외벽방수","https://sinbiroo.co.kr/?k=%EC%9E%85%EB%B6%81%EB%8F%99-%EC%99%B8%EB%B2%BD%EB%B0%A9%EC%88%98"
"입북동","옥상방수","https://sinbiroo.co.kr/?k=%EC%9E%85%EB%B6%81%EB%8F%99-%EC%98%A5%EC%83%81%EB%B0%A9%EC%88%98"
"입북동","건물방수","https://sinbiroo.co.kr/?k=%EC%9E%85%EB%B6%81%EB%8F%99-%EA%B1%B4%EB%AC%BC%EB%B0%A9%EC%88%98"
"입북동","외벽도색","https://sinbiroo.co.kr/?k=%EC%9E%85%EB%B6%81%EB%8F%99-%EC%99%B8%EB%B2%BD%EB%8F%84%EC%83%89"
"당수동","창틀코킹","https://sinbiroo.co.kr/?k=%EB%8B%B9%EC%88%98%EB%8F%99-%EC%B0%BD%ED%8B%80%EC%BD%94%ED%82%B9"
"당수동","창틀누수","https://sinbiroo.co.kr/?k=%EB%8B%B9%EC%88%98%EB%8F%99-%EC%B0%BD%ED%8B%80%EB%88%84%EC%88%98"
"당수동","빗물누수","https://sinbiroo.co.kr/?k=%EB%8B%B9%EC%88%98%EB%8F%99-%EB%B9%97%EB%AC%BC%EB%88%84%EC%88%98"
"당수동","창틀실리콘","https://sinbiroo.co.kr/?k=%EB%8B%B9%EC%88%98%EB%8F%99-%EC%B0%BD%ED%8B%80%EC%8B%A4%EB%A6%AC%EC%BD%98"
"당수동","샷시실리콘","https://sinbiroo.co.kr/?k=%EB%8B%B9%EC%88%98%EB%8F%99-%EC%83%B7%EC%8B%9C%EC%8B%A4%EB%A6%AC%EC%BD%98"
"당수동","외벽보수","https://sinbiroo.co.kr/?k=%EB%8B%B9%EC%88%98%EB%8F%99-%EC%99%B8%EB%B2%BD%EB%B3%B4%EC%88%98"
"당수동","외벽방수","https://sinbiroo.co.kr/?k=%EB%8B%B9%EC%88%98%EB%8F%99-%EC%99%B8%EB%B2%BD%EB%B0%A9%EC%88%98"
"당수동","옥상방수","https://sinbiroo.co.kr/?k=%EB%8B%B9%EC%88%98%EB%8F%99-%EC%98%A5%EC%83%81%EB%B0%A9%EC%88%98"
"당수동","건물방수","https://sinbiroo.co.kr/?k=%EB%8B%B9%EC%88%98%EB%8F%99-%EA%B1%B4%EB%AC%BC%EB%B0%A9%EC%88%98"
"당수동","외벽도색","https://sinbiroo.co.kr/?k=%EB%8B%B9%EC%88%98%EB%8F%99-%EC%99%B8%EB%B2%BD%EB%8F%84%EC%83%89"
"팔달구","창틀코킹","https://sinbiroo.co.kr/?k=%ED%8C%94%EB%8B%AC%EA%B5%AC-%EC%B0%BD%ED%8B%80%EC%BD%94%ED%82%B9"
"팔달구","창틀누수","https://sinbiroo.co.kr/?k=%ED%8C%94%EB%8B%AC%EA%B5%AC-%EC%B0%BD%ED%8B%80%EB%88%84%EC%88%98"
"팔달구","빗물누수","https://sinbiroo.co.kr/?k=%ED%8C%94%EB%8B%AC%EA%B5%AC-%EB%B9%97%EB%AC%BC%EB%88%84%EC%88%98"
"팔달구","창틀실리콘","https://sinbiroo.co.kr/?k=%ED%8C%94%EB%8B%AC%EA%B5%AC-%EC%B0%BD%ED%8B%80%EC%8B%A4%EB%A6%AC%EC%BD%98"
"팔달구","샷시실리콘","https://sinbiroo.co.kr/?k=%ED%8C%94%EB%8B%AC%EA%B5%AC-%EC%83%B7%EC%8B%9C%EC%8B%A4%EB%A6%AC%EC%BD%98"
"팔달구","외벽보수","https://sinbiroo.co.kr/?k=%ED%8C%94%EB%8B%AC%EA%B5%AC-%EC%99%B8%EB%B2%BD%EB%B3%B4%EC%88%98"
"팔달구","외벽방수","https://sinbiroo.co.kr/?k=%ED%8C%94%EB%8B%AC%EA%B5%AC-%EC%99%B8%EB%B2%BD%EB%B0%A9%EC%88%98"
"팔달구","옥상방수","https://sinbiroo.co.kr/?k=%ED%8C%94%EB%8B%AC%EA%B5%AC-%EC%98%A5%EC%83%81%EB%B0%A9%EC%88%98"
"팔달구","건물방수","https://sinbiroo.co.kr/?k=%ED%8C%94%EB%8B%AC%EA%B5%AC-%EA%B1%B4%EB%AC%BC%EB%B0%A9%EC%88%98"
"팔달구","외벽도색","https://sinbiroo.co.kr/?k=%ED%8C%94%EB%8B%AC%EA%B5%AC-%EC%99%B8%EB%B2%BD%EB%8F%84%EC%83%89"
"행궁동","창틀코킹","https://sinbiroo.co.kr/?k=%ED%96%89%EA%B6%81%EB%8F%99-%EC%B0%BD%ED%8B%80%EC%BD%94%ED%82%B9"
"행궁동","창틀누수","https://sinbiroo.co.kr/?k=%ED%96%89%EA%B6%81%EB%8F%99-%EC%B0%BD%ED%8B%80%EB%88%84%EC%88%98"
"행궁동","빗물누수","https://sinbiroo.co.kr/?k=%ED%96%89%EA%B6%81%EB%8F%99-%EB%B9%97%EB%AC%BC%EB%88%84%EC%88%98"
"행궁동","창틀실리콘","https://sinbiroo.co.kr/?k=%ED%96%89%EA%B6%81%EB%8F%99-%EC%B0%BD%ED%8B%80%EC%8B%A4%EB%A6%AC%EC%BD%98"
"행궁동","샷시실리콘","https://sinbiroo.co.kr/?k=%ED%96%89%EA%B6%81%EB%8F%99-%EC%83%B7%EC%8B%9C%EC%8B%A4%EB%A6%AC%EC%BD%98"
"행궁동","외벽보수","https://sinbiroo.co.kr/?k=%ED%96%89%EA%B6%81%EB%8F%99-%EC%99%B8%EB%B2%BD%EB%B3%B4%EC%88%98"
"행궁동","외벽방수","https://sinbiroo.co.kr/?k=%ED%96%89%EA%B6%81%EB%8F%99-%EC%99%B8%EB%B2%BD%EB%B0%A9%EC%88%98"
"행궁동","옥상방수","https://sinbiroo.co.kr/?k=%ED%96%89%EA%B6%81%EB%8F%99-%EC%98%A5%EC%83%81%EB%B0%A9%EC%88%98"
"행궁동","건물방수","https://sinbiroo.co.kr/?k=%ED%96%89%EA%B6%81%EB%8F%99-%EA%B1%B4%EB%AC%BC%EB%B0%A9%EC%88%98"
"행궁동","외벽도색","https://sinbiroo.co.kr/?k=%ED%96%89%EA%B6%81%EB%8F%99-%EC%99%B8%EB%B2%BD%EB%8F%84%EC%83%89"
"팔달로","창틀코킹","https://sinbiroo.co.kr/?k=%ED%8C%94%EB%8B%AC%EB%A1%9C-%EC%B0%BD%ED%8B%80%EC%BD%94%ED%82%B9"
"팔달로","창틀누수","https://sinbiroo.co.kr/?k=%ED%8C%94%EB%8B%AC%EB%A1%9C-%EC%B0%BD%ED%8B%80%EB%88%84%EC%88%98"
"팔달로","빗물누수","https://sinbiroo.co.kr/?k=%ED%8C%94%EB%8B%AC%EB%A1%9C-%EB%B9%97%EB%AC%BC%EB%88%84%EC%88%98"
"팔달로","창틀실리콘","https://sinbiroo.co.kr/?k=%ED%8C%94%EB%8B%AC%EB%A1%9C-%EC%B0%BD%ED%8B%80%EC%8B%A4%EB%A6%AC%EC%BD%98"
"팔달로","샷시실리콘","https://sinbiroo.co.kr/?k=%ED%8C%94%EB%8B%AC%EB%A1%9C-%EC%83%B7%EC%8B%9C%EC%8B%A4%EB%A6%AC%EC%BD%98"
"팔달로","외벽보수","https://sinbiroo.co.kr/?k=%ED%8C%94%EB%8B%AC%EB%A1%9C-%EC%99%B8%EB%B2%BD%EB%B3%B4%EC%88%98"
"팔달로","외벽방수","https://sinbiroo.co.kr/?k=%ED%8C%94%EB%8B%AC%EB%A1%9C-%EC%99%B8%EB%B2%BD%EB%B0%A9%EC%88%98"
"팔달로","옥상방수","https://sinbiroo.co.kr/?k=%ED%8C%94%EB%8B%AC%EB%A1%9C-%EC%98%A5%EC%83%81%EB%B0%A9%EC%88%98"
"팔달로","건물방수","https://sinbiroo.co.kr/?k=%ED%8C%94%EB%8B%AC%EB%A1%9C-%EA%B1%B4%EB%AC%BC%EB%B0%A9%EC%88%98"
"팔달로","외벽도색","https://sinbiroo.co.kr/?k=%ED%8C%94%EB%8B%AC%EB%A1%9C-%EC%99%B8%EB%B2%BD%EB%8F%84%EC%83%89"
"남창동","창틀코킹","https://sinbiroo.co.kr/?k=%EB%82%A8%EC%B0%BD%EB%8F%99-%EC%B0%BD%ED%8B%80%EC%BD%94%ED%82%B9"
"남창동","창틀누수","https://sinbiroo.co.kr/?k=%EB%82%A8%EC%B0%BD%EB%8F%99-%EC%B0%BD%ED%8B%80%EB%88%84%EC%88%98"
"남창동","빗물누수","https://sinbiroo.co.kr/?k=%EB%82%A8%EC%B0%BD%EB%8F%99-%EB%B9%97%EB%AC%BC%EB%88%84%EC%88%98"
"남창동","창틀실리콘","https://sinbiroo.co.kr/?k=%EB%82%A8%EC%B0%BD%EB%8F%99-%EC%B0%BD%ED%8B%80%EC%8B%A4%EB%A6%AC%EC%BD%98"
"남창동","샷시실리콘","https://sinbiroo.co.kr/?k=%EB%82%A8%EC%B0%BD%EB%8F%99-%EC%83%B7%EC%8B%9C%EC%8B%A4%EB%A6%AC%EC%BD%98"
"남창동","외벽보수","https://sinbiroo.co.kr/?k=%EB%82%A8%EC%B0%BD%EB%8F%99-%EC%99%B8%EB%B2%BD%EB%B3%B4%EC%88%98"
"남창동","외벽방수","https://sinbiroo.co.kr/?k=%EB%82%A8%EC%B0%BD%EB%8F%99-%EC%99%B8%EB%B2%BD%EB%B0%A9%EC%88%98"
"남창동","옥상방수","https://sinbiroo.co.kr/?k=%EB%82%A8%EC%B0%BD%EB%8F%99-%EC%98%A5%EC%83%81%EB%B0%A9%EC%88%98"
"남창동","건물방수","https://sinbiroo.co.kr/?k=%EB%82%A8%EC%B0%BD%EB%8F%99-%EA%B1%B4%EB%AC%BC%EB%B0%A9%EC%88%98"
"남창동","외벽도색","https://sinbiroo.co.kr/?k=%EB%82%A8%EC%B0%BD%EB%8F%99-%EC%99%B8%EB%B2%BD%EB%8F%84%EC%83%89"
"영동","창틀코킹","https://sinbiroo.co.kr/?k=%EC%98%81%EB%8F%99-%EC%B0%BD%ED%8B%80%EC%BD%94%ED%82%B9"
"영동","창틀누수","https://sinbiroo.co.kr/?k=%EC%98%81%EB%8F%99-%EC%B0%BD%ED%8B%80%EB%88%84%EC%88%98"
"영동","빗물누수","https://sinbiroo.co.kr/?k=%EC%98%81%EB%8F%99-%EB%B9%97%EB%AC%BC%EB%88%84%EC%88%98"
"영동","창틀실리콘","https://sinbiroo.co.kr/?k=%EC%98%81%EB%8F%99-%EC%B0%BD%ED%8B%80%EC%8B%A4%EB%A6%AC%EC%BD%98"
"영동","샷시실리콘","https://sinbiroo.co.kr/?k=%EC%98%81%EB%8F%99-%EC%83%B7%EC%8B%9C%EC%8B%A4%EB%A6%AC%EC%BD%98"
"영동","외벽보수","https://sinbiroo.co.kr/?k=%EC%98%81%EB%8F%99-%EC%99%B8%EB%B2%BD%EB%B3%B4%EC%88%98"
"영동","외벽방수","https://sinbiroo.co.kr/?k=%EC%98%81%EB%8F%99-%EC%99%B8%EB%B2%BD%EB%B0%A9%EC%88%98"
"영동","옥상방수","https://sinbiroo.co.kr/?k=%EC%98%81%EB%8F%99-%EC%98%A5%EC%83%81%EB%B0%A9%EC%88%98"
"영동","건물방수","https://sinbiroo.co.kr/?k=%EC%98%81%EB%8F%99-%EA%B1%B4%EB%AC%BC%EB%B0%A9%EC%88%98"
"영동","외벽도색","https://sinbiroo.co.kr/?k=%EC%98%81%EB%8F%99-%EC%99%B8%EB%B2%BD%EB%8F%84%EC%83%89"
"중동","창틀코킹","https://sinbiroo.co.kr/?k=%EC%A4%91%EB%8F%99-%EC%B0%BD%ED%8B%80%EC%BD%94%ED%82%B9"
"중동","창틀누수","https://sinbiroo.co.kr/?k=%EC%A4%91%EB%8F%99-%EC%B0%BD%ED%8B%80%EB%88%84%EC%88%98"
"중동","빗물누수","https://sinbiroo.co.kr/?k=%EC%A4%91%EB%8F%99-%EB%B9%97%EB%AC%BC%EB%88%84%EC%88%98"
"중동","창틀실리콘","https://sinbiroo.co.kr/?k=%EC%A4%91%EB%8F%99-%EC%B0%BD%ED%8B%80%EC%8B%A4%EB%A6%AC%EC%BD%98"
"중동","샷시실리콘","https://sinbiroo.co.kr/?k=%EC%A4%91%EB%8F%99-%EC%83%B7%EC%8B%9C%EC%8B%A4%EB%A6%AC%EC%BD%98"
"중동","외벽보수","https://sinbiroo.co.kr/?k=%EC%A4%91%EB%8F%99-%EC%99%B8%EB%B2%BD%EB%B3%B4%EC%88%98"
"중동","외벽방수","https://sinbiroo.co.kr/?k=%EC%A4%91%EB%8F%99-%EC%99%B8%EB%B2%BD%EB%B0%A9%EC%88%98"
"중동","옥상방수","https://sinbiroo.co.kr/?k=%EC%A4%91%EB%8F%99-%EC%98%A5%EC%83%81%EB%B0%A9%EC%88%98"
"중동","건물방수","https://sinbiroo.co.kr/?k=%EC%A4%91%EB%8F%99-%EA%B1%B4%EB%AC%BC%EB%B0%A9%EC%88%98"
"중동","외벽도색","https://sinbiroo.co.kr/?k=%EC%A4%91%EB%8F%99-%EC%99%B8%EB%B2%BD%EB%8F%84%EC%83%89"
"구천동","창틀코킹","https://sinbiroo.co.kr/?k=%EA%B5%AC%EC%B2%9C%EB%8F%99-%EC%B0%BD%ED%8B%80%EC%BD%94%ED%82%B9"
"구천동","창틀누수","https://sinbiroo.co.kr/?k=%EA%B5%AC%EC%B2%9C%EB%8F%99-%EC%B0%BD%ED%8B%80%EB%88%84%EC%88%98"
"구천동","빗물누수","https://sinbiroo.co.kr/?k=%EA%B5%AC%EC%B2%9C%EB%8F%99-%EB%B9%97%EB%AC%BC%EB%88%84%EC%88%98"
"구천동","창틀실리콘","https://sinbiroo.co.kr/?k=%EA%B5%AC%EC%B2%9C%EB%8F%99-%EC%B0%BD%ED%8B%80%EC%8B%A4%EB%A6%AC%EC%BD%98"
"구천동","샷시실리콘","https://sinbiroo.co.kr/?k=%EA%B5%AC%EC%B2%9C%EB%8F%99-%EC%83%B7%EC%8B%9C%EC%8B%A4%EB%A6%AC%EC%BD%98"
"구천동","외벽보수","https://sinbiroo.co.kr/?k=%EA%B5%AC%EC%B2%9C%EB%8F%99-%EC%99%B8%EB%B2%BD%EB%B3%B4%EC%88%98"
"구천동","외벽방수","https://sinbiroo.co.kr/?k=%EA%B5%AC%EC%B2%9C%EB%8F%99-%EC%99%B8%EB%B2%BD%EB%B0%A9%EC%88%98"
"구천동","옥상방수","https://sinbiroo.co.kr/?k=%EA%B5%AC%EC%B2%9C%EB%8F%99-%EC%98%A5%EC%83%81%EB%B0%A9%EC%88%98"
"구천동","건물방수","https://sinbiroo.co.kr/?k=%EA%B5%AC%EC%B2%9C%EB%8F%99-%EA%B1%B4%EB%AC%BC%EB%B0%A9%EC%88%98"
"구천동","외벽도색","https://sinbiroo.co.kr/?k=%EA%B5%AC%EC%B2%9C%EB%8F%99-%EC%99%B8%EB%B2%BD%EB%8F%84%EC%83%89"
"남수동","창틀코킹","https://sinbiroo.co.kr/?k=%EB%82%A8%EC%88%98%EB%8F%99-%EC%B0%BD%ED%8B%80%EC%BD%94%ED%82%B9"
"남수동","창틀누수","https://sinbiroo.co.kr/?k=%EB%82%A8%EC%88%98%EB%8F%99-%EC%B0%BD%ED%8B%80%EB%88%84%EC%88%98"
"남수동","빗물누수","https://sinbiroo.co.kr/?k=%EB%82%A8%EC%88%98%EB%8F%99-%EB%B9%97%EB%AC%BC%EB%88%84%EC%88%98"
"남수동","창틀실리콘","https://sinbiroo.co.kr/?k=%EB%82%A8%EC%88%98%EB%8F%99-%EC%B0%BD%ED%8B%80%EC%8B%A4%EB%A6%AC%EC%BD%98"
"남수동","샷시실리콘","https://sinbiroo.co.kr/?k=%EB%82%A8%EC%88%98%EB%8F%99-%EC%83%B7%EC%8B%9C%EC%8B%A4%EB%A6%AC%EC%BD%98"
"남수동","외벽보수","https://sinbiroo.co.kr/?k=%EB%82%A8%EC%88%98%EB%8F%99-%EC%99%B8%EB%B2%BD%EB%B3%B4%EC%88%98"
"남수동","외벽방수","https://sinbiroo.co.kr/?k=%EB%82%A8%EC%88%98%EB%8F%99-%EC%99%B8%EB%B2%BD%EB%B0%A9%EC%88%98"
"남수동","옥상방수","https://sinbiroo.co.kr/?k=%EB%82%A8%EC%88%98%EB%8F%99-%EC%98%A5%EC%83%81%EB%B0%A9%EC%88%98"
"남수동","건물방수","https://sinbiroo.co.kr/?k=%EB%82%A8%EC%88%98%EB%8F%99-%EA%B1%B4%EB%AC%BC%EB%B0%A9%EC%88%98"
"남수동","외벽도색","https://sinbiroo.co.kr/?k=%EB%82%A8%EC%88%98%EB%8F%99-%EC%99%B8%EB%B2%BD%EB%8F%84%EC%83%89"
"매향동","창틀코킹","https://sinbiroo.co.kr/?k=%EB%A7%A4%ED%96%A5%EB%8F%99-%EC%B0%BD%ED%8B%80%EC%BD%94%ED%82%B9"
"매향동","창틀누수","https://sinbiroo.co.kr/?k=%EB%A7%A4%ED%96%A5%EB%8F%99-%EC%B0%BD%ED%8B%80%EB%88%84%EC%88%98"
"매향동","빗물누수","https://sinbiroo.co.kr/?k=%EB%A7%A4%ED%96%A5%EB%8F%99-%EB%B9%97%EB%AC%BC%EB%88%84%EC%88%98"
"매향동","창틀실리콘","https://sinbiroo.co.kr/?k=%EB%A7%A4%ED%96%A5%EB%8F%99-%EC%B0%BD%ED%8B%80%EC%8B%A4%EB%A6%AC%EC%BD%98"
"매향동","샷시실리콘","https://sinbiroo.co.kr/?k=%EB%A7%A4%ED%96%A5%EB%8F%99-%EC%83%B7%EC%8B%9C%EC%8B%A4%EB%A6%AC%EC%BD%98"
"매향동","외벽보수","https://sinbiroo.co.kr/?k=%EB%A7%A4%ED%96%A5%EB%8F%99-%EC%99%B8%EB%B2%BD%EB%B3%B4%EC%88%98"
"매향동","외벽방수","https://sinbiroo.co.kr/?k=%EB%A7%A4%ED%96%A5%EB%8F%99-%EC%99%B8%EB%B2%BD%EB%B0%A9%EC%88%98"
"매향동","옥상방수","https://sinbiroo.co.kr/?k=%EB%A7%A4%ED%96%A5%EB%8F%99-%EC%98%A5%EC%83%81%EB%B0%A9%EC%88%98"
"매향동","건물방수","https://sinbiroo.co.kr/?k=%EB%A7%A4%ED%96%A5%EB%8F%99-%EA%B1%B4%EB%AC%BC%EB%B0%A9%EC%88%98"
"매향동","외벽도색","https://sinbiroo.co.kr/?k=%EB%A7%A4%ED%96%A5%EB%8F%99-%EC%99%B8%EB%B2%BD%EB%8F%84%EC%83%89"
"북수동","창틀코킹","https://sinbiroo.co.kr/?k=%EB%B6%81%EC%88%98%EB%8F%99-%EC%B0%BD%ED%8B%80%EC%BD%94%ED%82%B9"
"북수동","창틀누수","https://sinbiroo.co.kr/?k=%EB%B6%81%EC%88%98%EB%8F%99-%EC%B0%BD%ED%8B%80%EB%88%84%EC%88%98"
"북수동","빗물누수","https://sinbiroo.co.kr/?k=%EB%B6%81%EC%88%98%EB%8F%99-%EB%B9%97%EB%AC%BC%EB%88%84%EC%88%98"
"북수동","창틀실리콘","https://sinbiroo.co.kr/?k=%EB%B6%81%EC%88%98%EB%8F%99-%EC%B0%BD%ED%8B%80%EC%8B%A4%EB%A6%AC%EC%BD%98"
"북수동","샷시실리콘","https://sinbiroo.co.kr/?k=%EB%B6%81%EC%88%98%EB%8F%99-%EC%83%B7%EC%8B%9C%EC%8B%A4%EB%A6%AC%EC%BD%98"
"북수동","외벽보수","https://sinbiroo.co.kr/?k=%EB%B6%81%EC%88%98%EB%8F%99-%EC%99%B8%EB%B2%BD%EB%B3%B4%EC%88%98"
"북수동","외벽방수","https://sinbiroo.co.kr/?k=%EB%B6%81%EC%88%98%EB%8F%99-%EC%99%B8%EB%B2%BD%EB%B0%A9%EC%88%98"
"북수동","옥상방수","https://sinbiroo.co.kr/?k=%EB%B6%81%EC%88%98%EB%8F%99-%EC%98%A5%EC%83%81%EB%B0%A9%EC%88%98"
"북수동","건물방수","https://sinbiroo.co.kr/?k=%EB%B6%81%EC%88%98%EB%8F%99-%EA%B1%B4%EB%AC%BC%EB%B0%A9%EC%88%98"
"북수동","외벽도색","https://sinbiroo.co.kr/?k=%EB%B6%81%EC%88%98%EB%8F%99-%EC%99%B8%EB%B2%BD%EB%8F%84%EC%83%89"
"장안동","창틀코킹","https://sinbiroo.co.kr/?k=%EC%9E%A5%EC%95%88%EB%8F%99-%EC%B0%BD%ED%8B%80%EC%BD%94%ED%82%B9"
"장안동","창틀누수","https://sinbiroo.co.kr/?k=%EC%9E%A5%EC%95%88%EB%8F%99-%EC%B0%BD%ED%8B%80%EB%88%84%EC%88%98"
"장안동","빗물누수","https://sinbiroo.co.kr/?k=%EC%9E%A5%EC%95%88%EB%8F%99-%EB%B9%97%EB%AC%BC%EB%88%84%EC%88%98"
"장안동","창틀실리콘","https://sinbiroo.co.kr/?k=%EC%9E%A5%EC%95%88%EB%8F%99-%EC%B0%BD%ED%8B%80%EC%8B%A4%EB%A6%AC%EC%BD%98"
"장안동","샷시실리콘","https://sinbiroo.co.kr/?k=%EC%9E%A5%EC%95%88%EB%8F%99-%EC%83%B7%EC%8B%9C%EC%8B%A4%EB%A6%AC%EC%BD%98"
"장안동","외벽보수","https://sinbiroo.co.kr/?k=%EC%9E%A5%EC%95%88%EB%8F%99-%EC%99%B8%EB%B2%BD%EB%B3%B4%EC%88%98"
"장안동","외벽방수","https://sinbiroo.co.kr/?k=%EC%9E%A5%EC%95%88%EB%8F%99-%EC%99%B8%EB%B2%BD%EB%B0%A9%EC%88%98"
"장안동","옥상방수","https://sinbiroo.co.kr/?k=%EC%9E%A5%EC%95%88%EB%8F%99-%EC%98%A5%EC%83%81%EB%B0%A9%EC%88%98"
"장안동","건물방수","https://sinbiroo.co.kr/?k=%EC%9E%A5%EC%95%88%EB%8F%99-%EA%B1%B4%EB%AC%BC%EB%B0%A9%EC%88%98"
"장안동","외벽도색","https://sinbiroo.co.kr/?k=%EC%9E%A5%EC%95%88%EB%8F%99-%EC%99%B8%EB%B2%BD%EB%8F%84%EC%83%89"
"신풍동","창틀코킹","https://sinbiroo.co.kr/?k=%EC%8B%A0%ED%92%8D%EB%8F%99-%EC%B0%BD%ED%8B%80%EC%BD%94%ED%82%B9"
"신풍동","창틀누수","https://sinbiroo.co.kr/?k=%EC%8B%A0%ED%92%8D%EB%8F%99-%EC%B0%BD%ED%8B%80%EB%88%84%EC%88%98"
"신풍동","빗물누수","https://sinbiroo.co.kr/?k=%EC%8B%A0%ED%92%8D%EB%8F%99-%EB%B9%97%EB%AC%BC%EB%88%84%EC%88%98"
"신풍동","창틀실리콘","https://sinbiroo.co.kr/?k=%EC%8B%A0%ED%92%8D%EB%8F%99-%EC%B0%BD%ED%8B%80%EC%8B%A4%EB%A6%AC%EC%BD%98"
"신풍동","샷시실리콘","https://sinbiroo.co.kr/?k=%EC%8B%A0%ED%92%8D%EB%8F%99-%EC%83%B7%EC%8B%9C%EC%8B%A4%EB%A6%AC%EC%BD%98"
"신풍동","외벽보수","https://sinbiroo.co.kr/?k=%EC%8B%A0%ED%92%8D%EB%8F%99-%EC%99%B8%EB%B2%BD%EB%B3%B4%EC%88%98"
"신풍동","외벽방수","https://sinbiroo.co.kr/?k=%EC%8B%A0%ED%92%8D%EB%8F%99-%EC%99%B8%EB%B2%BD%EB%B0%A9%EC%88%98"
"신풍동","옥상방수","https://sinbiroo.co.kr/?k=%EC%8B%A0%ED%92%8D%EB%8F%99-%EC%98%A5%EC%83%81%EB%B0%A9%EC%88%98"
"신풍동","건물방수","https://sinbiroo.co.kr/?k=%EC%8B%A0%ED%92%8D%EB%8F%99-%EA%B1%B4%EB%AC%BC%EB%B0%A9%EC%88%98"
"신풍동","외벽도색","https://sinbiroo.co.kr/?k=%EC%8B%A0%ED%92%8D%EB%8F%99-%EC%99%B8%EB%B2%BD%EB%8F%84%EC%83%89"
"교동","창틀코킹","https://sinbiroo.co.kr/?k=%EA%B5%90%EB%8F%99-%EC%B0%BD%ED%8B%80%EC%BD%94%ED%82%B9"
"교동","창틀누수","https://sinbiroo.co.kr/?k=%EA%B5%90%EB%8F%99-%EC%B0%BD%ED%8B%80%EB%88%84%EC%88%98"
"교동","빗물누수","https://sinbiroo.co.kr/?k=%EA%B5%90%EB%8F%99-%EB%B9%97%EB%AC%BC%EB%88%84%EC%88%98"
"교동","창틀실리콘","https://sinbiroo.co.kr/?k=%EA%B5%90%EB%8F%99-%EC%B0%BD%ED%8B%80%EC%8B%A4%EB%A6%AC%EC%BD%98"
"교동","샷시실리콘","https://sinbiroo.co.kr/?k=%EA%B5%90%EB%8F%99-%EC%83%B7%EC%8B%9C%EC%8B%A4%EB%A6%AC%EC%BD%98"
"교동","외벽보수","https://sinbiroo.co.kr/?k=%EA%B5%90%EB%8F%99-%EC%99%B8%EB%B2%BD%EB%B3%B4%EC%88%98"
"교동","외벽방수","https://sinbiroo.co.kr/?k=%EA%B5%90%EB%8F%99-%EC%99%B8%EB%B2%BD%EB%B0%A9%EC%88%98"
"교동","옥상방수","https://sinbiroo.co.kr/?k=%EA%B5%90%EB%8F%99-%EC%98%A5%EC%83%81%EB%B0%A9%EC%88%98"
"교동","건물방수","https://sinbiroo.co.kr/?k=%EA%B5%90%EB%8F%99-%EA%B1%B4%EB%AC%BC%EB%B0%A9%EC%88%98"
"교동","외벽도색","https://sinbiroo.co.kr/?k=%EA%B5%90%EB%8F%99-%EC%99%B8%EB%B2%BD%EB%8F%84%EC%83%89"
"매산동","창틀코킹","https://sinbiroo.co.kr/?k=%EB%A7%A4%EC%82%B0%EB%8F%99-%EC%B0%BD%ED%8B%80%EC%BD%94%ED%82%B9"
"매산동","창틀누수","https://sinbiroo.co.kr/?k=%EB%A7%A4%EC%82%B0%EB%8F%99-%EC%B0%BD%ED%8B%80%EB%88%84%EC%88%98"
"매산동","빗물누수","https://sinbiroo.co.kr/?k=%EB%A7%A4%EC%82%B0%EB%8F%99-%EB%B9%97%EB%AC%BC%EB%88%84%EC%88%98"
"매산동","창틀실리콘","https://sinbiroo.co.kr/?k=%EB%A7%A4%EC%82%B0%EB%8F%99-%EC%B0%BD%ED%8B%80%EC%8B%A4%EB%A6%AC%EC%BD%98"
"매산동","샷시실리콘","https://sinbiroo.co.kr/?k=%EB%A7%A4%EC%82%B0%EB%8F%99-%EC%83%B7%EC%8B%9C%EC%8B%A4%EB%A6%AC%EC%BD%98"
"매산동","외벽보수","https://sinbiroo.co.kr/?k=%EB%A7%A4%EC%82%B0%EB%8F%99-%EC%99%B8%EB%B2%BD%EB%B3%B4%EC%88%98"
"매산동","외벽방수","https://sinbiroo.co.kr/?k=%EB%A7%A4%EC%82%B0%EB%8F%99-%EC%99%B8%EB%B2%BD%EB%B0%A9%EC%88%98"
"매산동","옥상방수","https://sinbiroo.co.kr/?k=%EB%A7%A4%EC%82%B0%EB%8F%99-%EC%98%A5%EC%83%81%EB%B0%A9%EC%88%98"
"매산동","건물방수","https://sinbiroo.co.kr/?k=%EB%A7%A4%EC%82%B0%EB%8F%99-%EA%B1%B4%EB%AC%BC%EB%B0%A9%EC%88%98"
"매산동","외벽도색","https://sinbiroo.co.kr/?k=%EB%A7%A4%EC%82%B0%EB%8F%99-%EC%99%B8%EB%B2%BD%EB%8F%84%EC%83%89"
"고등동","창틀코킹","https://sinbiroo.co.kr/?k=%EA%B3%A0%EB%93%B1%EB%8F%99-%EC%B0%BD%ED%8B%80%EC%BD%94%ED%82%B9"
"고등동","창틀누수","https://sinbiroo.co.kr/?k=%EA%B3%A0%EB%93%B1%EB%8F%99-%EC%B0%BD%ED%8B%80%EB%88%84%EC%88%98"
"고등동","빗물누수","https://sinbiroo.co.kr/?k=%EA%B3%A0%EB%93%B1%EB%8F%99-%EB%B9%97%EB%AC%BC%EB%88%84%EC%88%98"
"고등동","창틀실리콘","https://sinbiroo.co.kr/?k=%EA%B3%A0%EB%93%B1%EB%8F%99-%EC%B0%BD%ED%8B%80%EC%8B%A4%EB%A6%AC%EC%BD%98"
"고등동","샷시실리콘","https://sinbiroo.co.kr/?k=%EA%B3%A0%EB%93%B1%EB%8F%99-%EC%83%B7%EC%8B%9C%EC%8B%A4%EB%A6%AC%EC%BD%98"
"고등동","외벽보수","https://sinbiroo.co.kr/?k=%EA%B3%A0%EB%93%B1%EB%8F%99-%EC%99%B8%EB%B2%BD%EB%B3%B4%EC%88%98"
"고등동","외벽방수","https://sinbiroo.co.kr/?k=%EA%B3%A0%EB%93%B1%EB%8F%99-%EC%99%B8%EB%B2%BD%EB%B0%A9%EC%88%98"
"고등동","옥상방수","https://sinbiroo.co.kr/?k=%EA%B3%A0%EB%93%B1%EB%8F%99-%EC%98%A5%EC%83%81%EB%B0%A9%EC%88%98"
"고등동","건물방수","https://sinbiroo.co.kr/?k=%EA%B3%A0%EB%93%B1%EB%8F%99-%EA%B1%B4%EB%AC%BC%EB%B0%A9%EC%88%98"
"고등동","외벽도색","https://sinbiroo.co.kr/?k=%EA%B3%A0%EB%93%B1%EB%8F%99-%EC%99%B8%EB%B2%BD%EB%8F%84%EC%83%89"
"화서동","창틀코킹","https://sinbiroo.co.kr/?k=%ED%99%94%EC%84%9C%EB%8F%99-%EC%B0%BD%ED%8B%80%EC%BD%94%ED%82%B9"
"화서동","창틀누수","https://sinbiroo.co.kr/?k=%ED%99%94%EC%84%9C%EB%8F%99-%EC%B0%BD%ED%8B%80%EB%88%84%EC%88%98"
"화서동","빗물누수","https://sinbiroo.co.kr/?k=%ED%99%94%EC%84%9C%EB%8F%99-%EB%B9%97%EB%AC%BC%EB%88%84%EC%88%98"
"화서동","창틀실리콘","https://sinbiroo.co.kr/?k=%ED%99%94%EC%84%9C%EB%8F%99-%EC%B0%BD%ED%8B%80%EC%8B%A4%EB%A6%AC%EC%BD%98"
"화서동","샷시실리콘","https://sinbiroo.co.kr/?k=%ED%99%94%EC%84%9C%EB%8F%99-%EC%83%B7%EC%8B%9C%EC%8B%A4%EB%A6%AC%EC%BD%98"
"화서동","외벽보수","https://sinbiroo.co.kr/?k=%ED%99%94%EC%84%9C%EB%8F%99-%EC%99%B8%EB%B2%BD%EB%B3%B4%EC%88%98"
"화서동","외벽방수","https://sinbiroo.co.kr/?k=%ED%99%94%EC%84%9C%EB%8F%99-%EC%99%B8%EB%B2%BD%EB%B0%A9%EC%88%98"
"화서동","옥상방수","https://sinbiroo.co.kr/?k=%ED%99%94%EC%84%9C%EB%8F%99-%EC%98%A5%EC%83%81%EB%B0%A9%EC%88%98"
"화서동","건물방수","https://sinbiroo.co.kr/?k=%ED%99%94%EC%84%9C%EB%8F%99-%EA%B1%B4%EB%AC%BC%EB%B0%A9%EC%88%98"
"화서동","외벽도색","https://sinbiroo.co.kr/?k=%ED%99%94%EC%84%9C%EB%8F%99-%EC%99%B8%EB%B2%BD%EB%8F%84%EC%83%89"
"지동","창틀코킹","https://sinbiroo.co.kr/?k=%EC%A7%80%EB%8F%99-%EC%B0%BD%ED%8B%80%EC%BD%94%ED%82%B9"
"지동","창틀누수","https://sinbiroo.co.kr/?k=%EC%A7%80%EB%8F%99-%EC%B0%BD%ED%8B%80%EB%88%84%EC%88%98"
"지동","빗물누수","https://sinbiroo.co.kr/?k=%EC%A7%80%EB%8F%99-%EB%B9%97%EB%AC%BC%EB%88%84%EC%88%98"
"지동","창틀실리콘","https://sinbiroo.co.kr/?k=%EC%A7%80%EB%8F%99-%EC%B0%BD%ED%8B%80%EC%8B%A4%EB%A6%AC%EC%BD%98"
"지동","샷시실리콘","https://sinbiroo.co.kr/?k=%EC%A7%80%EB%8F%99-%EC%83%B7%EC%8B%9C%EC%8B%A4%EB%A6%AC%EC%BD%98"
"지동","외벽보수","https://sinbiroo.co.kr/?k=%EC%A7%80%EB%8F%99-%EC%99%B8%EB%B2%BD%EB%B3%B4%EC%88%98"
"지동","외벽방수","https://sinbiroo.co.kr/?k=%EC%A7%80%EB%8F%99-%EC%99%B8%EB%B2%BD%EB%B0%A9%EC%88%98"
"지동","옥상방수","https://sinbiroo.co.kr/?k=%EC%A7%80%EB%8F%99-%EC%98%A5%EC%83%81%EB%B0%A9%EC%88%98"
"지동","건물방수","https://sinbiroo.co.kr/?k=%EC%A7%80%EB%8F%99-%EA%B1%B4%EB%AC%BC%EB%B0%A9%EC%88%98"
"지동","외벽도색","https://sinbiroo.co.kr/?k=%EC%A7%80%EB%8F%99-%EC%99%B8%EB%B2%BD%EB%8F%84%EC%83%89"
"우만동","창틀코킹","https://sinbiroo.co.kr/?k=%EC%9A%B0%EB%A7%8C%EB%8F%99-%EC%B0%BD%ED%8B%80%EC%BD%94%ED%82%B9"
"우만동","창틀누수","https://sinbiroo.co.kr/?k=%EC%9A%B0%EB%A7%8C%EB%8F%99-%EC%B0%BD%ED%8B%80%EB%88%84%EC%88%98"
"우만동","빗물누수","https://sinbiroo.co.kr/?k=%EC%9A%B0%EB%A7%8C%EB%8F%99-%EB%B9%97%EB%AC%BC%EB%88%84%EC%88%98"
"우만동","창틀실리콘","https://sinbiroo.co.kr/?k=%EC%9A%B0%EB%A7%8C%EB%8F%99-%EC%B0%BD%ED%8B%80%EC%8B%A4%EB%A6%AC%EC%BD%98"
"우만동","샷시실리콘","https://sinbiroo.co.kr/?k=%EC%9A%B0%EB%A7%8C%EB%8F%99-%EC%83%B7%EC%8B%9C%EC%8B%A4%EB%A6%AC%EC%BD%98"
"우만동","외벽보수","https://sinbiroo.co.kr/?k=%EC%9A%B0%EB%A7%8C%EB%8F%99-%EC%99%B8%EB%B2%BD%EB%B3%B4%EC%88%98"
"우만동","외벽방수","https://sinbiroo.co.kr/?k=%EC%9A%B0%EB%A7%8C%EB%8F%99-%EC%99%B8%EB%B2%BD%EB%B0%A9%EC%88%98"
"우만동","옥상방수","https://sinbiroo.co.kr/?k=%EC%9A%B0%EB%A7%8C%EB%8F%99-%EC%98%A5%EC%83%81%EB%B0%A9%EC%88%98"
"우만동","건물방수","https://sinbiroo.co.kr/?k=%EC%9A%B0%EB%A7%8C%EB%8F%99-%EA%B1%B4%EB%AC%BC%EB%B0%A9%EC%88%98"
"우만동","외벽도색","https://sinbiroo.co.kr/?k=%EC%9A%B0%EB%A7%8C%EB%8F%99-%EC%99%B8%EB%B2%BD%EB%8F%84%EC%83%89"
"인계동","창틀코킹","https://sinbiroo.co.kr/?k=%EC%9D%B8%EA%B3%84%EB%8F%99-%EC%B0%BD%ED%8B%80%EC%BD%94%ED%82%B9"
"인계동","창틀누수","https://sinbiroo.co.kr/?k=%EC%9D%B8%EA%B3%84%EB%8F%99-%EC%B0%BD%ED%8B%80%EB%88%84%EC%88%98"
"인계동","빗물누수","https://sinbiroo.co.kr/?k=%EC%9D%B8%EA%B3%84%EB%8F%99-%EB%B9%97%EB%AC%BC%EB%88%84%EC%88%98"
"인계동","창틀실리콘","https://sinbiroo.co.kr/?k=%EC%9D%B8%EA%B3%84%EB%8F%99-%EC%B0%BD%ED%8B%80%EC%8B%A4%EB%A6%AC%EC%BD%98"
"인계동","샷시실리콘","https://sinbiroo.co.kr/?k=%EC%9D%B8%EA%B3%84%EB%8F%99-%EC%83%B7%EC%8B%9C%EC%8B%A4%EB%A6%AC%EC%BD%98"
"인계동","외벽보수","https://sinbiroo.co.kr/?k=%EC%9D%B8%EA%B3%84%EB%8F%99-%EC%99%B8%EB%B2%BD%EB%B3%B4%EC%88%98"
"인계동","외벽방수","https://sinbiroo.co.kr/?k=%EC%9D%B8%EA%B3%84%EB%8F%99-%EC%99%B8%EB%B2%BD%EB%B0%A9%EC%88%98"
"인계동","옥상방수","https://sinbiroo.co.kr/?k=%EC%9D%B8%EA%B3%84%EB%8F%99-%EC%98%A5%EC%83%81%EB%B0%A9%EC%88%98"
"인계동","건물방수","https://sinbiroo.co.kr/?k=%EC%9D%B8%EA%B3%84%EB%8F%99-%EA%B1%B4%EB%AC%BC%EB%B0%A9%EC%88%98"
"인계동","외벽도색","https://sinbiroo.co.kr/?k=%EC%9D%B8%EA%B3%84%EB%8F%99-%EC%99%B8%EB%B2%BD%EB%8F%84%EC%83%89"
"매교동","창틀코킹","https://sinbiroo.co.kr/?k=%EB%A7%A4%EA%B5%90%EB%8F%99-%EC%B0%BD%ED%8B%80%EC%BD%94%ED%82%B9"
"매교동","창틀누수","https://sinbiroo.co.kr/?k=%EB%A7%A4%EA%B5%90%EB%8F%99-%EC%B0%BD%ED%8B%80%EB%88%84%EC%88%98"
"매교동","빗물누수","https://sinbiroo.co.kr/?k=%EB%A7%A4%EA%B5%90%EB%8F%99-%EB%B9%97%EB%AC%BC%EB%88%84%EC%88%98"
"매교동","창틀실리콘","https://sinbiroo.co.kr/?k=%EB%A7%A4%EA%B5%90%EB%8F%99-%EC%B0%BD%ED%8B%80%EC%8B%A4%EB%A6%AC%EC%BD%98"
"매교동","샷시실리콘","https://sinbiroo.co.kr/?k=%EB%A7%A4%EA%B5%90%EB%8F%99-%EC%83%B7%EC%8B%9C%EC%8B%A4%EB%A6%AC%EC%BD%98"
"매교동","외벽보수","https://sinbiroo.co.kr/?k=%EB%A7%A4%EA%B5%90%EB%8F%99-%EC%99%B8%EB%B2%BD%EB%B3%B4%EC%88%98"
"매교동","외벽방수","https://sinbiroo.co.kr/?k=%EB%A7%A4%EA%B5%90%EB%8F%99-%EC%99%B8%EB%B2%BD%EB%B0%A9%EC%88%98"
"매교동","옥상방수","https://sinbiroo.co.kr/?k=%EB%A7%A4%EA%B5%90%EB%8F%99-%EC%98%A5%EC%83%81%EB%B0%A9%EC%88%98"
"매교동","건물방수","https://sinbiroo.co.kr/?k=%EB%A7%A4%EA%B5%90%EB%8F%99-%EA%B1%B4%EB%AC%BC%EB%B0%A9%EC%88%98"
"매교동","외벽도색","https://sinbiroo.co.kr/?k=%EB%A7%A4%EA%B5%90%EB%8F%99-%EC%99%B8%EB%B2%BD%EB%8F%84%EC%83%89"
"영통구","창틀코킹","https://sinbiroo.co.kr/?k=%EC%98%81%ED%86%B5%EA%B5%AC-%EC%B0%BD%ED%8B%80%EC%BD%94%ED%82%B9"
"영통구","창틀누수","https://sinbiroo.co.kr/?k=%EC%98%81%ED%86%B5%EA%B5%AC-%EC%B0%BD%ED%8B%80%EB%88%84%EC%88%98"
"영통구","빗물누수","https://sinbiroo.co.kr/?k=%EC%98%81%ED%86%B5%EA%B5%AC-%EB%B9%97%EB%AC%BC%EB%88%84%EC%88%98"
"영통구","창틀실리콘","https://sinbiroo.co.kr/?k=%EC%98%81%ED%86%B5%EA%B5%AC-%EC%B0%BD%ED%8B%80%EC%8B%A4%EB%A6%AC%EC%BD%98"
"영통구","샷시실리콘","https://sinbiroo.co.kr/?k=%EC%98%81%ED%86%B5%EA%B5%AC-%EC%83%B7%EC%8B%9C%EC%8B%A4%EB%A6%AC%EC%BD%98"
"영통구","외벽보수","https://sinbiroo.co.kr/?k=%EC%98%81%ED%86%B5%EA%B5%AC-%EC%99%B8%EB%B2%BD%EB%B3%B4%EC%88%98"
"영통구","외벽방수","https://sinbiroo.co.kr/?k=%EC%98%81%ED%86%B5%EA%B5%AC-%EC%99%B8%EB%B2%BD%EB%B0%A9%EC%88%98"
"영통구","옥상방수","https://sinbiroo.co.kr/?k=%EC%98%81%ED%86%B5%EA%B5%AC-%EC%98%A5%EC%83%81%EB%B0%A9%EC%88%98"
"영통구","건물방수","https://sinbiroo.co.kr/?k=%EC%98%81%ED%86%B5%EA%B5%AC-%EA%B1%B4%EB%AC%BC%EB%B0%A9%EC%88%98"
"영통구","외벽도색","https://sinbiroo.co.kr/?k=%EC%98%81%ED%86%B5%EA%B5%AC-%EC%99%B8%EB%B2%BD%EB%8F%84%EC%83%89"
"매탄동","창틀코킹","https://sinbiroo.co.kr/?k=%EB%A7%A4%ED%83%84%EB%8F%99-%EC%B0%BD%ED%8B%80%EC%BD%94%ED%82%B9"
"매탄동","창틀누수","https://sinbiroo.co.kr/?k=%EB%A7%A4%ED%83%84%EB%8F%99-%EC%B0%BD%ED%8B%80%EB%88%84%EC%88%98"
"매탄동","빗물누수","https://sinbiroo.co.kr/?k=%EB%A7%A4%ED%83%84%EB%8F%99-%EB%B9%97%EB%AC%BC%EB%88%84%EC%88%98"
"매탄동","창틀실리콘","https://sinbiroo.co.kr/?k=%EB%A7%A4%ED%83%84%EB%8F%99-%EC%B0%BD%ED%8B%80%EC%8B%A4%EB%A6%AC%EC%BD%98"
"매탄동","샷시실리콘","https://sinbiroo.co.kr/?k=%EB%A7%A4%ED%83%84%EB%8F%99-%EC%83%B7%EC%8B%9C%EC%8B%A4%EB%A6%AC%EC%BD%98"
"매탄동","외벽보수","https://sinbiroo.co.kr/?k=%EB%A7%A4%ED%83%84%EB%8F%99-%EC%99%B8%EB%B2%BD%EB%B3%B4%EC%88%98"
"매탄동","외벽방수","https://sinbiroo.co.kr/?k=%EB%A7%A4%ED%83%84%EB%8F%99-%EC%99%B8%EB%B2%BD%EB%B0%A9%EC%88%98"
"매탄동","옥상방수","https://sinbiroo.co.kr/?k=%EB%A7%A4%ED%83%84%EB%8F%99-%EC%98%A5%EC%83%81%EB%B0%A9%EC%88%98"
"매탄동","건물방수","https://sinbiroo.co.kr/?k=%EB%A7%A4%ED%83%84%EB%8F%99-%EA%B1%B4%EB%AC%BC%EB%B0%A9%EC%88%98"
"매탄동","외벽도색","https://sinbiroo.co.kr/?k=%EB%A7%A4%ED%83%84%EB%8F%99-%EC%99%B8%EB%B2%BD%EB%8F%84%EC%83%89"
"원천동","창틀코킹","https://sinbiroo.co.kr/?k=%EC%9B%90%EC%B2%9C%EB%8F%99-%EC%B0%BD%ED%8B%80%EC%BD%94%ED%82%B9"
"원천동","창틀누수","https://sinbiroo.co.kr/?k=%EC%9B%90%EC%B2%9C%EB%8F%99-%EC%B0%BD%ED%8B%80%EB%88%84%EC%88%98"
"원천동","빗물누수","https://sinbiroo.co.kr/?k=%EC%9B%90%EC%B2%9C%EB%8F%99-%EB%B9%97%EB%AC%BC%EB%88%84%EC%88%98"
"원천동","창틀실리콘","https://sinbiroo.co.kr/?k=%EC%9B%90%EC%B2%9C%EB%8F%99-%EC%B0%BD%ED%8B%80%EC%8B%A4%EB%A6%AC%EC%BD%98"
"원천동","샷시실리콘","https://sinbiroo.co.kr/?k=%EC%9B%90%EC%B2%9C%EB%8F%99-%EC%83%B7%EC%8B%9C%EC%8B%A4%EB%A6%AC%EC%BD%98"
"원천동","외벽보수","https://sinbiroo.co.kr/?k=%EC%9B%90%EC%B2%9C%EB%8F%99-%EC%99%B8%EB%B2%BD%EB%B3%B4%EC%88%98"
"원천동","외벽방수","https://sinbiroo.co.kr/?k=%EC%9B%90%EC%B2%9C%EB%8F%99-%EC%99%B8%EB%B2%BD%EB%B0%A9%EC%88%98"
"원천동","옥상방수","https://sinbiroo.co.kr/?k=%EC%9B%90%EC%B2%9C%EB%8F%99-%EC%98%A5%EC%83%81%EB%B0%A9%EC%88%98"
"원천동","건물방수","https://sinbiroo.co.kr/?k=%EC%9B%90%EC%B2%9C%EB%8F%99-%EA%B1%B4%EB%AC%BC%EB%B0%A9%EC%88%98"
"원천동","외벽도색","https://sinbiroo.co.kr/?k=%EC%9B%90%EC%B2%9C%EB%8F%99-%EC%99%B8%EB%B2%BD%EB%8F%84%EC%83%89"
"이의동","창틀코킹","https://sinbiroo.co.kr/?k=%EC%9D%B4%EC%9D%98%EB%8F%99-%EC%B0%BD%ED%8B%80%EC%BD%94%ED%82%B9"
"이의동","창틀누수","https://sinbiroo.co.kr/?k=%EC%9D%B4%EC%9D%98%EB%8F%99-%EC%B0%BD%ED%8B%80%EB%88%84%EC%88%98"
"이의동","빗물누수","https://sinbiroo.co.kr/?k=%EC%9D%B4%EC%9D%98%EB%8F%99-%EB%B9%97%EB%AC%BC%EB%88%84%EC%88%98"
"이의동","창틀실리콘","https://sinbiroo.co.kr/?k=%EC%9D%B4%EC%9D%98%EB%8F%99-%EC%B0%BD%ED%8B%80%EC%8B%A4%EB%A6%AC%EC%BD%98"
"이의동","샷시실리콘","https://sinbiroo.co.kr/?k=%EC%9D%B4%EC%9D%98%EB%8F%99-%EC%83%B7%EC%8B%9C%EC%8B%A4%EB%A6%AC%EC%BD%98"
"이의동","외벽보수","https://sinbiroo.co.kr/?k=%EC%9D%B4%EC%9D%98%EB%8F%99-%EC%99%B8%EB%B2%BD%EB%B3%B4%EC%88%98"
"이의동","외벽방수","https://sinbiroo.co.kr/?k=%EC%9D%B4%EC%9D%98%EB%8F%99-%EC%99%B8%EB%B2%BD%EB%B0%A9%EC%88%98"
"이의동","옥상방수","https://sinbiroo.co.kr/?k=%EC%9D%B4%EC%9D%98%EB%8F%99-%EC%98%A5%EC%83%81%EB%B0%A9%EC%88%98"
"이의동","건물방수","https://sinbiroo.co.kr/?k=%EC%9D%B4%EC%9D%98%EB%8F%99-%EA%B1%B4%EB%AC%BC%EB%B0%A9%EC%88%98"
"이의동","외벽도색","https://sinbiroo.co.kr/?k=%EC%9D%B4%EC%9D%98%EB%8F%99-%EC%99%B8%EB%B2%BD%EB%8F%84%EC%83%89"
"하동","창틀코킹","https://sinbiroo.co.kr/?k=%ED%95%98%EB%8F%99-%EC%B0%BD%ED%8B%80%EC%BD%94%ED%82%B9"
"하동","창틀누수","https://sinbiroo.co.kr/?k=%ED%95%98%EB%8F%99-%EC%B0%BD%ED%8B%80%EB%88%84%EC%88%98"
"하동","빗물누수","https://sinbiroo.co.kr/?k=%ED%95%98%EB%8F%99-%EB%B9%97%EB%AC%BC%EB%88%84%EC%88%98"
"하동","창틀실리콘","https://sinbiroo.co.kr/?k=%ED%95%98%EB%8F%99-%EC%B0%BD%ED%8B%80%EC%8B%A4%EB%A6%AC%EC%BD%98"
"하동","샷시실리콘","https://sinbiroo.co.kr/?k=%ED%95%98%EB%8F%99-%EC%83%B7%EC%8B%9C%EC%8B%A4%EB%A6%AC%EC%BD%98"
"하동","외벽보수","https://sinbiroo.co.kr/?k=%ED%95%98%EB%8F%99-%EC%99%B8%EB%B2%BD%EB%B3%B4%EC%88%98"
"하동","외벽방수","https://sinbiroo.co.kr/?k=%ED%95%98%EB%8F%99-%EC%99%B8%EB%B2%BD%EB%B0%A9%EC%88%98"
"하동","옥상방수","https://sinbiroo.co.kr/?k=%ED%95%98%EB%8F%99-%EC%98%A5%EC%83%81%EB%B0%A9%EC%88%98"
"하동","건물방수","https://sinbiroo.co.kr/?k=%ED%95%98%EB%8F%99-%EA%B1%B4%EB%AC%BC%EB%B0%A9%EC%88%98"
"하동","외벽도색","https://sinbiroo.co.kr/?k=%ED%95%98%EB%8F%99-%EC%99%B8%EB%B2%BD%EB%8F%84%EC%83%89"
"영통동","창틀코킹","https://sinbiroo.co.kr/?k=%EC%98%81%ED%86%B5%EB%8F%99-%EC%B0%BD%ED%8B%80%EC%BD%94%ED%82%B9"
"영통동","창틀누수","https://sinbiroo.co.kr/?k=%EC%98%81%ED%86%B5%EB%8F%99-%EC%B0%BD%ED%8B%80%EB%88%84%EC%88%98"
"영통동","빗물누수","https://sinbiroo.co.kr/?k=%EC%98%81%ED%86%B5%EB%8F%99-%EB%B9%97%EB%AC%BC%EB%88%84%EC%88%98"
"영통동","창틀실리콘","https://sinbiroo.co.kr/?k=%EC%98%81%ED%86%B5%EB%8F%99-%EC%B0%BD%ED%8B%80%EC%8B%A4%EB%A6%AC%EC%BD%98"
"영통동","샷시실리콘","https://sinbiroo.co.kr/?k=%EC%98%81%ED%86%B5%EB%8F%99-%EC%83%B7%EC%8B%9C%EC%8B%A4%EB%A6%AC%EC%BD%98"
"영통동","외벽보수","https://sinbiroo.co.kr/?k=%EC%98%81%ED%86%B5%EB%8F%99-%EC%99%B8%EB%B2%BD%EB%B3%B4%EC%88%98"
"영통동","외벽방수","https://sinbiroo.co.kr/?k=%EC%98%81%ED%86%B5%EB%8F%99-%EC%99%B8%EB%B2%BD%EB%B0%A9%EC%88%98"
"영통동","옥상방수","https://sinbiroo.co.kr/?k=%EC%98%81%ED%86%B5%EB%8F%99-%EC%98%A5%EC%83%81%EB%B0%A9%EC%88%98"
"영통동","건물방수","https://sinbiroo.co.kr/?k=%EC%98%81%ED%86%B5%EB%8F%99-%EA%B1%B4%EB%AC%BC%EB%B0%A9%EC%88%98"
"영통동","외벽도색","https://sinbiroo.co.kr/?k=%EC%98%81%ED%86%B5%EB%8F%99-%EC%99%B8%EB%B2%BD%EB%8F%84%EC%83%89"
"신동","창틀코킹","https://sinbiroo.co.kr/?k=%EC%8B%A0%EB%8F%99-%EC%B0%BD%ED%8B%80%EC%BD%94%ED%82%B9"
"신동","창틀누수","https://sinbiroo.co.kr/?k=%EC%8B%A0%EB%8F%99-%EC%B0%BD%ED%8B%80%EB%88%84%EC%88%98"
"신동","빗물누수","https://sinbiroo.co.kr/?k=%EC%8B%A0%EB%8F%99-%EB%B9%97%EB%AC%BC%EB%88%84%EC%88%98"
"신동","창틀실리콘","https://sinbiroo.co.kr/?k=%EC%8B%A0%EB%8F%99-%EC%B0%BD%ED%8B%80%EC%8B%A4%EB%A6%AC%EC%BD%98"
"신동","샷시실리콘","https://sinbiroo.co.kr/?k=%EC%8B%A0%EB%8F%99-%EC%83%B7%EC%8B%9C%EC%8B%A4%EB%A6%AC%EC%BD%98"
"신동","외벽보수","https://sinbiroo.co.kr/?k=%EC%8B%A0%EB%8F%99-%EC%99%B8%EB%B2%BD%EB%B3%B4%EC%88%98"
"신동","외벽방수","https://sinbiroo.co.kr/?k=%EC%8B%A0%EB%8F%99-%EC%99%B8%EB%B2%BD%EB%B0%A9%EC%88%98"
"신동","옥상방수","https://sinbiroo.co.kr/?k=%EC%8B%A0%EB%8F%99-%EC%98%A5%EC%83%81%EB%B0%A9%EC%88%98"
"신동","건물방수","https://sinbiroo.co.kr/?k=%EC%8B%A0%EB%8F%99-%EA%B1%B4%EB%AC%BC%EB%B0%A9%EC%88%98"
"신동","외벽도색","https://sinbiroo.co.kr/?k=%EC%8B%A0%EB%8F%99-%EC%99%B8%EB%B2%BD%EB%8F%84%EC%83%89"
"망포동","창틀코킹","https://sinbiroo.co.kr/?k=%EB%A7%9D%ED%8F%AC%EB%8F%99-%EC%B0%BD%ED%8B%80%EC%BD%94%ED%82%B9"
"망포동","창틀누수","https://sinbiroo.co.kr/?k=%EB%A7%9D%ED%8F%AC%EB%8F%99-%EC%B0%BD%ED%8B%80%EB%88%84%EC%88%98"
"망포동","빗물누수","https://sinbiroo.co.kr/?k=%EB%A7%9D%ED%8F%AC%EB%8F%99-%EB%B9%97%EB%AC%BC%EB%88%84%EC%88%98"
"망포동","창틀실리콘","https://sinbiroo.co.kr/?k=%EB%A7%9D%ED%8F%AC%EB%8F%99-%EC%B0%BD%ED%8B%80%EC%8B%A4%EB%A6%AC%EC%BD%98"
"망포동","샷시실리콘","https://sinbiroo.co.kr/?k=%EB%A7%9D%ED%8F%AC%EB%8F%99-%EC%83%B7%EC%8B%9C%EC%8B%A4%EB%A6%AC%EC%BD%98"
"망포동","외벽보수","https://sinbiroo.co.kr/?k=%EB%A7%9D%ED%8F%AC%EB%8F%99-%EC%99%B8%EB%B2%BD%EB%B3%B4%EC%88%98"
"망포동","외벽방수","https://sinbiroo.co.kr/?k=%EB%A7%9D%ED%8F%AC%EB%8F%99-%EC%99%B8%EB%B2%BD%EB%B0%A9%EC%88%98"
"망포동","옥상방수","https://sinbiroo.co.kr/?k=%EB%A7%9D%ED%8F%AC%EB%8F%99-%EC%98%A5%EC%83%81%EB%B0%A9%EC%88%98"
"망포동","건물방수","https://sinbiroo.co.kr/?k=%EB%A7%9D%ED%8F%AC%EB%8F%99-%EA%B1%B4%EB%AC%BC%EB%B0%A9%EC%88%98"
"망포동","외벽도색","https://sinbiroo.co.kr/?k=%EB%A7%9D%ED%8F%AC%EB%8F%99-%EC%99%B8%EB%B2%BD%EB%8F%84%EC%83%89"
"광교동","창틀코킹","https://sinbiroo.co.kr/?k=%EA%B4%91%EA%B5%90%EB%8F%99-%EC%B0%BD%ED%8B%80%EC%BD%94%ED%82%B9"
"광교동","창틀누수","https://sinbiroo.co.kr/?k=%EA%B4%91%EA%B5%90%EB%8F%99-%EC%B0%BD%ED%8B%80%EB%88%84%EC%88%98"
"광교동","빗물누수","https://sinbiroo.co.kr/?k=%EA%B4%91%EA%B5%90%EB%8F%99-%EB%B9%97%EB%AC%BC%EB%88%84%EC%88%98"
"광교동","창틀실리콘","https://sinbiroo.co.kr/?k=%EA%B4%91%EA%B5%90%EB%8F%99-%EC%B0%BD%ED%8B%80%EC%8B%A4%EB%A6%AC%EC%BD%98"
"광교동","샷시실리콘","https://sinbiroo.co.kr/?k=%EA%B4%91%EA%B5%90%EB%8F%99-%EC%83%B7%EC%8B%9C%EC%8B%A4%EB%A6%AC%EC%BD%98"
"광교동","외벽보수","https://sinbiroo.co.kr/?k=%EA%B4%91%EA%B5%90%EB%8F%99-%EC%99%B8%EB%B2%BD%EB%B3%B4%EC%88%98"
"광교동","외벽방수","https://sinbiroo.co.kr/?k=%EA%B4%91%EA%B5%90%EB%8F%99-%EC%99%B8%EB%B2%BD%EB%B0%A9%EC%88%98"
"광교동","옥상방수","https://sinbiroo.co.kr/?k=%EA%B4%91%EA%B5%90%EB%8F%99-%EC%98%A5%EC%83%81%EB%B0%A9%EC%88%98"
"광교동","건물방수","https://sinbiroo.co.kr/?k=%EA%B4%91%EA%B5%90%EB%8F%99-%EA%B1%B4%EB%AC%BC%EB%B0%A9%EC%88%98"
"광교동","외벽도색","https://sinbiroo.co.kr/?k=%EA%B4%91%EA%B5%90%EB%8F%99-%EC%99%B8%EB%B2%BD%EB%8F%84%EC%83%89"
"구리","창틀코킹","https://sinbiroo.co.kr/?k=%EA%B5%AC%EB%A6%AC-%EC%B0%BD%ED%8B%80%EC%BD%94%ED%82%B9"
"구리","창틀누수","https://sinbiroo.co.kr/?k=%EA%B5%AC%EB%A6%AC-%EC%B0%BD%ED%8B%80%EB%88%84%EC%88%98"
"구리","빗물누수","https://sinbiroo.co.kr/?k=%EA%B5%AC%EB%A6%AC-%EB%B9%97%EB%AC%BC%EB%88%84%EC%88%98"
"구리","창틀실리콘","https://sinbiroo.co.kr/?k=%EA%B5%AC%EB%A6%AC-%EC%B0%BD%ED%8B%80%EC%8B%A4%EB%A6%AC%EC%BD%98"
"구리","샷시실리콘","https://sinbiroo.co.kr/?k=%EA%B5%AC%EB%A6%AC-%EC%83%B7%EC%8B%9C%EC%8B%A4%EB%A6%AC%EC%BD%98"
"구리","외벽보수","https://sinbiroo.co.kr/?k=%EA%B5%AC%EB%A6%AC-%EC%99%B8%EB%B2%BD%EB%B3%B4%EC%88%98"
"구리","외벽방수","https://sinbiroo.co.kr/?k=%EA%B5%AC%EB%A6%AC-%EC%99%B8%EB%B2%BD%EB%B0%A9%EC%88%98"
"구리","옥상방수","https://sinbiroo.co.kr/?k=%EA%B5%AC%EB%A6%AC-%EC%98%A5%EC%83%81%EB%B0%A9%EC%88%98"
"구리","건물방수","https://sinbiroo.co.kr/?k=%EA%B5%AC%EB%A6%AC-%EA%B1%B4%EB%AC%BC%EB%B0%A9%EC%88%98"
"구리","외벽도색","https://sinbiroo.co.kr/?k=%EA%B5%AC%EB%A6%AC-%EC%99%B8%EB%B2%BD%EB%8F%84%EC%83%89"
"갈매동","창틀코킹","https://sinbiroo.co.kr/?k=%EA%B0%88%EB%A7%A4%EB%8F%99-%EC%B0%BD%ED%8B%80%EC%BD%94%ED%82%B9"
"갈매동","창틀누수","https://sinbiroo.co.kr/?k=%EA%B0%88%EB%A7%A4%EB%8F%99-%EC%B0%BD%ED%8B%80%EB%88%84%EC%88%98"
"갈매동","빗물누수","https://sinbiroo.co.kr/?k=%EA%B0%88%EB%A7%A4%EB%8F%99-%EB%B9%97%EB%AC%BC%EB%88%84%EC%88%98"
"갈매동","창틀실리콘","https://sinbiroo.co.kr/?k=%EA%B0%88%EB%A7%A4%EB%8F%99-%EC%B0%BD%ED%8B%80%EC%8B%A4%EB%A6%AC%EC%BD%98"
"갈매동","샷시실리콘","https://sinbiroo.co.kr/?k=%EA%B0%88%EB%A7%A4%EB%8F%99-%EC%83%B7%EC%8B%9C%EC%8B%A4%EB%A6%AC%EC%BD%98"
"갈매동","외벽보수","https://sinbiroo.co.kr/?k=%EA%B0%88%EB%A7%A4%EB%8F%99-%EC%99%B8%EB%B2%BD%EB%B3%B4%EC%88%98"
"갈매동","외벽방수","https://sinbiroo.co.kr/?k=%EA%B0%88%EB%A7%A4%EB%8F%99-%EC%99%B8%EB%B2%BD%EB%B0%A9%EC%88%98"
"갈매동","옥상방수","https://sinbiroo.co.kr/?k=%EA%B0%88%EB%A7%A4%EB%8F%99-%EC%98%A5%EC%83%81%EB%B0%A9%EC%88%98"
"갈매동","건물방수","https://sinbiroo.co.kr/?k=%EA%B0%88%EB%A7%A4%EB%8F%99-%EA%B1%B4%EB%AC%BC%EB%B0%A9%EC%88%98"
"갈매동","외벽도색","https://sinbiroo.co.kr/?k=%EA%B0%88%EB%A7%A4%EB%8F%99-%EC%99%B8%EB%B2%BD%EB%8F%84%EC%83%89"
"동구동","창틀코킹","https://sinbiroo.co.kr/?k=%EB%8F%99%EA%B5%AC%EB%8F%99-%EC%B0%BD%ED%8B%80%EC%BD%94%ED%82%B9"
"동구동","창틀누수","https://sinbiroo.co.kr/?k=%EB%8F%99%EA%B5%AC%EB%8F%99-%EC%B0%BD%ED%8B%80%EB%88%84%EC%88%98"
"동구동","빗물누수","https://sinbiroo.co.kr/?k=%EB%8F%99%EA%B5%AC%EB%8F%99-%EB%B9%97%EB%AC%BC%EB%88%84%EC%88%98"
"동구동","창틀실리콘","https://sinbiroo.co.kr/?k=%EB%8F%99%EA%B5%AC%EB%8F%99-%EC%B0%BD%ED%8B%80%EC%8B%A4%EB%A6%AC%EC%BD%98"
"동구동","샷시실리콘","https://sinbiroo.co.kr/?k=%EB%8F%99%EA%B5%AC%EB%8F%99-%EC%83%B7%EC%8B%9C%EC%8B%A4%EB%A6%AC%EC%BD%98"
"동구동","외벽보수","https://sinbiroo.co.kr/?k=%EB%8F%99%EA%B5%AC%EB%8F%99-%EC%99%B8%EB%B2%BD%EB%B3%B4%EC%88%98"
"동구동","외벽방수","https://sinbiroo.co.kr/?k=%EB%8F%99%EA%B5%AC%EB%8F%99-%EC%99%B8%EB%B2%BD%EB%B0%A9%EC%88%98"
"동구동","옥상방수","https://sinbiroo.co.kr/?k=%EB%8F%99%EA%B5%AC%EB%8F%99-%EC%98%A5%EC%83%81%EB%B0%A9%EC%88%98"
"동구동","건물방수","https://sinbiroo.co.kr/?k=%EB%8F%99%EA%B5%AC%EB%8F%99-%EA%B1%B4%EB%AC%BC%EB%B0%A9%EC%88%98"
"동구동","외벽도색","https://sinbiroo.co.kr/?k=%EB%8F%99%EA%B5%AC%EB%8F%99-%EC%99%B8%EB%B2%BD%EB%8F%84%EC%83%89"
"인창동","창틀코킹","https://sinbiroo.co.kr/?k=%EC%9D%B8%EC%B0%BD%EB%8F%99-%EC%B0%BD%ED%8B%80%EC%BD%94%ED%82%B9"
"인창동","창틀누수","https://sinbiroo.co.kr/?k=%EC%9D%B8%EC%B0%BD%EB%8F%99-%EC%B0%BD%ED%8B%80%EB%88%84%EC%88%98"
"인창동","빗물누수","https://sinbiroo.co.kr/?k=%EC%9D%B8%EC%B0%BD%EB%8F%99-%EB%B9%97%EB%AC%BC%EB%88%84%EC%88%98"
"인창동","창틀실리콘","https://sinbiroo.co.kr/?k=%EC%9D%B8%EC%B0%BD%EB%8F%99-%EC%B0%BD%ED%8B%80%EC%8B%A4%EB%A6%AC%EC%BD%98"
"인창동","샷시실리콘","https://sinbiroo.co.kr/?k=%EC%9D%B8%EC%B0%BD%EB%8F%99-%EC%83%B7%EC%8B%9C%EC%8B%A4%EB%A6%AC%EC%BD%98"
"인창동","외벽보수","https://sinbiroo.co.kr/?k=%EC%9D%B8%EC%B0%BD%EB%8F%99-%EC%99%B8%EB%B2%BD%EB%B3%B4%EC%88%98"
"인창동","외벽방수","https://sinbiroo.co.kr/?k=%EC%9D%B8%EC%B0%BD%EB%8F%99-%EC%99%B8%EB%B2%BD%EB%B0%A9%EC%88%98"
"인창동","옥상방수","https://sinbiroo.co.kr/?k=%EC%9D%B8%EC%B0%BD%EB%8F%99-%EC%98%A5%EC%83%81%EB%B0%A9%EC%88%98"
"인창동","건물방수","https://sinbiroo.co.kr/?k=%EC%9D%B8%EC%B0%BD%EB%8F%99-%EA%B1%B4%EB%AC%BC%EB%B0%A9%EC%88%98"
"인창동","외벽도색","https://sinbiroo.co.kr/?k=%EC%9D%B8%EC%B0%BD%EB%8F%99-%EC%99%B8%EB%B2%BD%EB%8F%84%EC%83%89"
"교문동","창틀코킹","https://sinbiroo.co.kr/?k=%EA%B5%90%EB%AC%B8%EB%8F%99-%EC%B0%BD%ED%8B%80%EC%BD%94%ED%82%B9"
"교문동","창틀누수","https://sinbiroo.co.kr/?k=%EA%B5%90%EB%AC%B8%EB%8F%99-%EC%B0%BD%ED%8B%80%EB%88%84%EC%88%98"
"교문동","빗물누수","https://sinbiroo.co.kr/?k=%EA%B5%90%EB%AC%B8%EB%8F%99-%EB%B9%97%EB%AC%BC%EB%88%84%EC%88%98"
"교문동","창틀실리콘","https://sinbiroo.co.kr/?k=%EA%B5%90%EB%AC%B8%EB%8F%99-%EC%B0%BD%ED%8B%80%EC%8B%A4%EB%A6%AC%EC%BD%98"
"교문동","샷시실리콘","https://sinbiroo.co.kr/?k=%EA%B5%90%EB%AC%B8%EB%8F%99-%EC%83%B7%EC%8B%9C%EC%8B%A4%EB%A6%AC%EC%BD%98"
"교문동","외벽보수","https://sinbiroo.co.kr/?k=%EA%B5%90%EB%AC%B8%EB%8F%99-%EC%99%B8%EB%B2%BD%EB%B3%B4%EC%88%98"
"교문동","외벽방수","https://sinbiroo.co.kr/?k=%EA%B5%90%EB%AC%B8%EB%8F%99-%EC%99%B8%EB%B2%BD%EB%B0%A9%EC%88%98"
"교문동","옥상방수","https://sinbiroo.co.kr/?k=%EA%B5%90%EB%AC%B8%EB%8F%99-%EC%98%A5%EC%83%81%EB%B0%A9%EC%88%98"
"교문동","건물방수","https://sinbiroo.co.kr/?k=%EA%B5%90%EB%AC%B8%EB%8F%99-%EA%B1%B4%EB%AC%BC%EB%B0%A9%EC%88%98"
"교문동","외벽도색","https://sinbiroo.co.kr/?k=%EA%B5%90%EB%AC%B8%EB%8F%99-%EC%99%B8%EB%B2%BD%EB%8F%84%EC%83%89"
"수택동","창틀코킹","https://sinbiroo.co.kr/?k=%EC%88%98%ED%83%9D%EB%8F%99-%EC%B0%BD%ED%8B%80%EC%BD%94%ED%82%B9"
"수택동","창틀누수","https://sinbiroo.co.kr/?k=%EC%88%98%ED%83%9D%EB%8F%99-%EC%B0%BD%ED%8B%80%EB%88%84%EC%88%98"
"수택동","빗물누수","https://sinbiroo.co.kr/?k=%EC%88%98%ED%83%9D%EB%8F%99-%EB%B9%97%EB%AC%BC%EB%88%84%EC%88%98"
"수택동","창틀실리콘","https://sinbiroo.co.kr/?k=%EC%88%98%ED%83%9D%EB%8F%99-%EC%B0%BD%ED%8B%80%EC%8B%A4%EB%A6%AC%EC%BD%98"
"수택동","샷시실리콘","https://sinbiroo.co.kr/?k=%EC%88%98%ED%83%9D%EB%8F%99-%EC%83%B7%EC%8B%9C%EC%8B%A4%EB%A6%AC%EC%BD%98"
"수택동","외벽보수","https://sinbiroo.co.kr/?k=%EC%88%98%ED%83%9D%EB%8F%99-%EC%99%B8%EB%B2%BD%EB%B3%B4%EC%88%98"
"수택동","외벽방수","https://sinbiroo.co.kr/?k=%EC%88%98%ED%83%9D%EB%8F%99-%EC%99%B8%EB%B2%BD%EB%B0%A9%EC%88%98"
"수택동","옥상방수","https://sinbiroo.co.kr/?k=%EC%88%98%ED%83%9D%EB%8F%99-%EC%98%A5%EC%83%81%EB%B0%A9%EC%88%98"
"수택동","건물방수","https://sinbiroo.co.kr/?k=%EC%88%98%ED%83%9D%EB%8F%99-%EA%B1%B4%EB%AC%BC%EB%B0%A9%EC%88%98"
"수택동","외벽도색","https://sinbiroo.co.kr/?k=%EC%88%98%ED%83%9D%EB%8F%99-%EC%99%B8%EB%B2%BD%EB%8F%84%EC%83%89"
"토평동","창틀코킹","https://sinbiroo.co.kr/?k=%ED%86%A0%ED%8F%89%EB%8F%99-%EC%B0%BD%ED%8B%80%EC%BD%94%ED%82%B9"
"토평동","창틀누수","https://sinbiroo.co.kr/?k=%ED%86%A0%ED%8F%89%EB%8F%99-%EC%B0%BD%ED%8B%80%EB%88%84%EC%88%98"
"토평동","빗물누수","https://sinbiroo.co.kr/?k=%ED%86%A0%ED%8F%89%EB%8F%99-%EB%B9%97%EB%AC%BC%EB%88%84%EC%88%98"
"토평동","창틀실리콘","https://sinbiroo.co.kr/?k=%ED%86%A0%ED%8F%89%EB%8F%99-%EC%B0%BD%ED%8B%80%EC%8B%A4%EB%A6%AC%EC%BD%98"
"토평동","샷시실리콘","https://sinbiroo.co.kr/?k=%ED%86%A0%ED%8F%89%EB%8F%99-%EC%83%B7%EC%8B%9C%EC%8B%A4%EB%A6%AC%EC%BD%98"
"토평동","외벽보수","https://sinbiroo.co.kr/?k=%ED%86%A0%ED%8F%89%EB%8F%99-%EC%99%B8%EB%B2%BD%EB%B3%B4%EC%88%98"
"토평동","외벽방수","https://sinbiroo.co.kr/?k=%ED%86%A0%ED%8F%89%EB%8F%99-%EC%99%B8%EB%B2%BD%EB%B0%A9%EC%88%98"
"토평동","옥상방수","https://sinbiroo.co.kr/?k=%ED%86%A0%ED%8F%89%EB%8F%99-%EC%98%A5%EC%83%81%EB%B0%A9%EC%88%98"
"토평동","건물방수","https://sinbiroo.co.kr/?k=%ED%86%A0%ED%8F%89%EB%8F%99-%EA%B1%B4%EB%AC%BC%EB%B0%A9%EC%88%98"
"토평동","외벽도색","https://sinbiroo.co.kr/?k=%ED%86%A0%ED%8F%89%EB%8F%99-%EC%99%B8%EB%B2%BD%EB%8F%84%EC%83%89"
"아천동","창틀코킹","https://sinbiroo.co.kr/?k=%EC%95%84%EC%B2%9C%EB%8F%99-%EC%B0%BD%ED%8B%80%EC%BD%94%ED%82%B9"
"아천동","창틀누수","https://sinbiroo.co.kr/?k=%EC%95%84%EC%B2%9C%EB%8F%99-%EC%B0%BD%ED%8B%80%EB%88%84%EC%88%98"
"아천동","빗물누수","https://sinbiroo.co.kr/?k=%EC%95%84%EC%B2%9C%EB%8F%99-%EB%B9%97%EB%AC%BC%EB%88%84%EC%88%98"
"아천동","창틀실리콘","https://sinbiroo.co.kr/?k=%EC%95%84%EC%B2%9C%EB%8F%99-%EC%B0%BD%ED%8B%80%EC%8B%A4%EB%A6%AC%EC%BD%98"
"아천동","샷시실리콘","https://sinbiroo.co.kr/?k=%EC%95%84%EC%B2%9C%EB%8F%99-%EC%83%B7%EC%8B%9C%EC%8B%A4%EB%A6%AC%EC%BD%98"
"아천동","외벽보수","https://sinbiroo.co.kr/?k=%EC%95%84%EC%B2%9C%EB%8F%99-%EC%99%B8%EB%B2%BD%EB%B3%B4%EC%88%98"
"아천동","외벽방수","https://sinbiroo.co.kr/?k=%EC%95%84%EC%B2%9C%EB%8F%99-%EC%99%B8%EB%B2%BD%EB%B0%A9%EC%88%98"
"아천동","옥상방수","https://sinbiroo.co.kr/?k=%EC%95%84%EC%B2%9C%EB%8F%99-%EC%98%A5%EC%83%81%EB%B0%A9%EC%88%98"
"아천동","건물방수","https://sinbiroo.co.kr/?k=%EC%95%84%EC%B2%9C%EB%8F%99-%EA%B1%B4%EB%AC%BC%EB%B0%A9%EC%88%98"
"아천동","외벽도색","https://sinbiroo.co.kr/?k=%EC%95%84%EC%B2%9C%EB%8F%99-%EC%99%B8%EB%B2%BD%EB%8F%84%EC%83%89"
"사노동","창틀코킹","https://sinbiroo.co.kr/?k=%EC%82%AC%EB%85%B8%EB%8F%99-%EC%B0%BD%ED%8B%80%EC%BD%94%ED%82%B9"
"사노동","창틀누수","https://sinbiroo.co.kr/?k=%EC%82%AC%EB%85%B8%EB%8F%99-%EC%B0%BD%ED%8B%80%EB%88%84%EC%88%98"
"사노동","빗물누수","https://sinbiroo.co.kr/?k=%EC%82%AC%EB%85%B8%EB%8F%99-%EB%B9%97%EB%AC%BC%EB%88%84%EC%88%98"
"사노동","창틀실리콘","https://sinbiroo.co.kr/?k=%EC%82%AC%EB%85%B8%EB%8F%99-%EC%B0%BD%ED%8B%80%EC%8B%A4%EB%A6%AC%EC%BD%98"
"사노동","샷시실리콘","https://sinbiroo.co.kr/?k=%EC%82%AC%EB%85%B8%EB%8F%99-%EC%83%B7%EC%8B%9C%EC%8B%A4%EB%A6%AC%EC%BD%98"
"사노동","외벽보수","https://sinbiroo.co.kr/?k=%EC%82%AC%EB%85%B8%EB%8F%99-%EC%99%B8%EB%B2%BD%EB%B3%B4%EC%88%98"
"사노동","외벽방수","https://sinbiroo.co.kr/?k=%EC%82%AC%EB%85%B8%EB%8F%99-%EC%99%B8%EB%B2%BD%EB%B0%A9%EC%88%98"
"사노동","옥상방수","https://sinbiroo.co.kr/?k=%EC%82%AC%EB%85%B8%EB%8F%99-%EC%98%A5%EC%83%81%EB%B0%A9%EC%88%98"
"사노동","건물방수","https://sinbiroo.co.kr/?k=%EC%82%AC%EB%85%B8%EB%8F%99-%EA%B1%B4%EB%AC%BC%EB%B0%A9%EC%88%98"
"사노동","외벽도색","https://sinbiroo.co.kr/?k=%EC%82%AC%EB%85%B8%EB%8F%99-%EC%99%B8%EB%B2%BD%EB%8F%84%EC%83%89"
"구리시","창틀코킹","https://sinbiroo.co.kr/?k=%EA%B5%AC%EB%A6%AC%EC%8B%9C-%EC%B0%BD%ED%8B%80%EC%BD%94%ED%82%B9"
"구리시","창틀누수","https://sinbiroo.co.kr/?k=%EA%B5%AC%EB%A6%AC%EC%8B%9C-%EC%B0%BD%ED%8B%80%EB%88%84%EC%88%98"
"구리시","빗물누수","https://sinbiroo.co.kr/?k=%EA%B5%AC%EB%A6%AC%EC%8B%9C-%EB%B9%97%EB%AC%BC%EB%88%84%EC%88%98"
"구리시","창틀실리콘","https://sinbiroo.co.kr/?k=%EA%B5%AC%EB%A6%AC%EC%8B%9C-%EC%B0%BD%ED%8B%80%EC%8B%A4%EB%A6%AC%EC%BD%98"
"구리시","샷시실리콘","https://sinbiroo.co.kr/?k=%EA%B5%AC%EB%A6%AC%EC%8B%9C-%EC%83%B7%EC%8B%9C%EC%8B%A4%EB%A6%AC%EC%BD%98"
"구리시","외벽보수","https://sinbiroo.co.kr/?k=%EA%B5%AC%EB%A6%AC%EC%8B%9C-%EC%99%B8%EB%B2%BD%EB%B3%B4%EC%88%98"
"구리시","외벽방수","https://sinbiroo.co.kr/?k=%EA%B5%AC%EB%A6%AC%EC%8B%9C-%EC%99%B8%EB%B2%BD%EB%B0%A9%EC%88%98"
"구리시","옥상방수","https://sinbiroo.co.kr/?k=%EA%B5%AC%EB%A6%AC%EC%8B%9C-%EC%98%A5%EC%83%81%EB%B0%A9%EC%88%98"
"구리시","건물방수","https://sinbiroo.co.kr/?k=%EA%B5%AC%EB%A6%AC%EC%8B%9C-%EA%B1%B4%EB%AC%BC%EB%B0%A9%EC%88%98"
"구리시","외벽도색","https://sinbiroo.co.kr/?k=%EA%B5%AC%EB%A6%AC%EC%8B%9C-%EC%99%B8%EB%B2%BD%EB%8F%84%EC%83%89"
"양주","창틀코킹","https://sinbiroo.co.kr/?k=%EC%96%91%EC%A3%BC-%EC%B0%BD%ED%8B%80%EC%BD%94%ED%82%B9"
"양주","창틀누수","https://sinbiroo.co.kr/?k=%EC%96%91%EC%A3%BC-%EC%B0%BD%ED%8B%80%EB%88%84%EC%88%98"
"양주","빗물누수","https://sinbiroo.co.kr/?k=%EC%96%91%EC%A3%BC-%EB%B9%97%EB%AC%BC%EB%88%84%EC%88%98"
"양주","창틀실리콘","https://sinbiroo.co.kr/?k=%EC%96%91%EC%A3%BC-%EC%B0%BD%ED%8B%80%EC%8B%A4%EB%A6%AC%EC%BD%98"
"양주","샷시실리콘","https://sinbiroo.co.kr/?k=%EC%96%91%EC%A3%BC-%EC%83%B7%EC%8B%9C%EC%8B%A4%EB%A6%AC%EC%BD%98"
"양주","외벽보수","https://sinbiroo.co.kr/?k=%EC%96%91%EC%A3%BC-%EC%99%B8%EB%B2%BD%EB%B3%B4%EC%88%98"
"양주","외벽방수","https://sinbiroo.co.kr/?k=%EC%96%91%EC%A3%BC-%EC%99%B8%EB%B2%BD%EB%B0%A9%EC%88%98"
"양주","옥상방수","https://sinbiroo.co.kr/?k=%EC%96%91%EC%A3%BC-%EC%98%A5%EC%83%81%EB%B0%A9%EC%88%98"
"양주","건물방수","https://sinbiroo.co.kr/?k=%EC%96%91%EC%A3%BC-%EA%B1%B4%EB%AC%BC%EB%B0%A9%EC%88%98"
"양주","외벽도색","https://sinbiroo.co.kr/?k=%EC%96%91%EC%A3%BC-%EC%99%B8%EB%B2%BD%EB%8F%84%EC%83%89"
"백석읍","창틀코킹","https://sinbiroo.co.kr/?k=%EB%B0%B1%EC%84%9D%EC%9D%8D-%EC%B0%BD%ED%8B%80%EC%BD%94%ED%82%B9"
"백석읍","창틀누수","https://sinbiroo.co.kr/?k=%EB%B0%B1%EC%84%9D%EC%9D%8D-%EC%B0%BD%ED%8B%80%EB%88%84%EC%88%98"
"백석읍","빗물누수","https://sinbiroo.co.kr/?k=%EB%B0%B1%EC%84%9D%EC%9D%8D-%EB%B9%97%EB%AC%BC%EB%88%84%EC%88%98"
"백석읍","창틀실리콘","https://sinbiroo.co.kr/?k=%EB%B0%B1%EC%84%9D%EC%9D%8D-%EC%B0%BD%ED%8B%80%EC%8B%A4%EB%A6%AC%EC%BD%98"
"백석읍","샷시실리콘","https://sinbiroo.co.kr/?k=%EB%B0%B1%EC%84%9D%EC%9D%8D-%EC%83%B7%EC%8B%9C%EC%8B%A4%EB%A6%AC%EC%BD%98"
"백석읍","외벽보수","https://sinbiroo.co.kr/?k=%EB%B0%B1%EC%84%9D%EC%9D%8D-%EC%99%B8%EB%B2%BD%EB%B3%B4%EC%88%98"
"백석읍","외벽방수","https://sinbiroo.co.kr/?k=%EB%B0%B1%EC%84%9D%EC%9D%8D-%EC%99%B8%EB%B2%BD%EB%B0%A9%EC%88%98"
"백석읍","옥상방수","https://sinbiroo.co.kr/?k=%EB%B0%B1%EC%84%9D%EC%9D%8D-%EC%98%A5%EC%83%81%EB%B0%A9%EC%88%98"
"백석읍","건물방수","https://sinbiroo.co.kr/?k=%EB%B0%B1%EC%84%9D%EC%9D%8D-%EA%B1%B4%EB%AC%BC%EB%B0%A9%EC%88%98"
"백석읍","외벽도색","https://sinbiroo.co.kr/?k=%EB%B0%B1%EC%84%9D%EC%9D%8D-%EC%99%B8%EB%B2%BD%EB%8F%84%EC%83%89"
"은현면","창틀코킹","https://sinbiroo.co.kr/?k=%EC%9D%80%ED%98%84%EB%A9%B4-%EC%B0%BD%ED%8B%80%EC%BD%94%ED%82%B9"
"은현면","창틀누수","https://sinbiroo.co.kr/?k=%EC%9D%80%ED%98%84%EB%A9%B4-%EC%B0%BD%ED%8B%80%EB%88%84%EC%88%98"
"은현면","빗물누수","https://sinbiroo.co.kr/?k=%EC%9D%80%ED%98%84%EB%A9%B4-%EB%B9%97%EB%AC%BC%EB%88%84%EC%88%98"
"은현면","창틀실리콘","https://sinbiroo.co.kr/?k=%EC%9D%80%ED%98%84%EB%A9%B4-%EC%B0%BD%ED%8B%80%EC%8B%A4%EB%A6%AC%EC%BD%98"
"은현면","샷시실리콘","https://sinbiroo.co.kr/?k=%EC%9D%80%ED%98%84%EB%A9%B4-%EC%83%B7%EC%8B%9C%EC%8B%A4%EB%A6%AC%EC%BD%98"
"은현면","외벽보수","https://sinbiroo.co.kr/?k=%EC%9D%80%ED%98%84%EB%A9%B4-%EC%99%B8%EB%B2%BD%EB%B3%B4%EC%88%98"
"은현면","외벽방수","https://sinbiroo.co.kr/?k=%EC%9D%80%ED%98%84%EB%A9%B4-%EC%99%B8%EB%B2%BD%EB%B0%A9%EC%88%98"
"은현면","옥상방수","https://sinbiroo.co.kr/?k=%EC%9D%80%ED%98%84%EB%A9%B4-%EC%98%A5%EC%83%81%EB%B0%A9%EC%88%98"
"은현면","건물방수","https://sinbiroo.co.kr/?k=%EC%9D%80%ED%98%84%EB%A9%B4-%EA%B1%B4%EB%AC%BC%EB%B0%A9%EC%88%98"
"은현면","외벽도색","https://sinbiroo.co.kr/?k=%EC%9D%80%ED%98%84%EB%A9%B4-%EC%99%B8%EB%B2%BD%EB%8F%84%EC%83%89"
"남면","창틀코킹","https://sinbiroo.co.kr/?k=%EB%82%A8%EB%A9%B4-%EC%B0%BD%ED%8B%80%EC%BD%94%ED%82%B9"
"남면","창틀누수","https://sinbiroo.co.kr/?k=%EB%82%A8%EB%A9%B4-%EC%B0%BD%ED%8B%80%EB%88%84%EC%88%98"
"남면","빗물누수","https://sinbiroo.co.kr/?k=%EB%82%A8%EB%A9%B4-%EB%B9%97%EB%AC%BC%EB%88%84%EC%88%98"
"남면","창틀실리콘","https://sinbiroo.co.kr/?k=%EB%82%A8%EB%A9%B4-%EC%B0%BD%ED%8B%80%EC%8B%A4%EB%A6%AC%EC%BD%98"
"남면","샷시실리콘","https://sinbiroo.co.kr/?k=%EB%82%A8%EB%A9%B4-%EC%83%B7%EC%8B%9C%EC%8B%A4%EB%A6%AC%EC%BD%98"
"남면","외벽보수","https://sinbiroo.co.kr/?k=%EB%82%A8%EB%A9%B4-%EC%99%B8%EB%B2%BD%EB%B3%B4%EC%88%98"
"남면","외벽방수","https://sinbiroo.co.kr/?k=%EB%82%A8%EB%A9%B4-%EC%99%B8%EB%B2%BD%EB%B0%A9%EC%88%98"
"남면","옥상방수","https://sinbiroo.co.kr/?k=%EB%82%A8%EB%A9%B4-%EC%98%A5%EC%83%81%EB%B0%A9%EC%88%98"
"남면","건물방수","https://sinbiroo.co.kr/?k=%EB%82%A8%EB%A9%B4-%EA%B1%B4%EB%AC%BC%EB%B0%A9%EC%88%98"
"남면","외벽도색","https://sinbiroo.co.kr/?k=%EB%82%A8%EB%A9%B4-%EC%99%B8%EB%B2%BD%EB%8F%84%EC%83%89"
"광적면","창틀코킹","https://sinbiroo.co.kr/?k=%EA%B4%91%EC%A0%81%EB%A9%B4-%EC%B0%BD%ED%8B%80%EC%BD%94%ED%82%B9"
"광적면","창틀누수","https://sinbiroo.co.kr/?k=%EA%B4%91%EC%A0%81%EB%A9%B4-%EC%B0%BD%ED%8B%80%EB%88%84%EC%88%98"
"광적면","빗물누수","https://sinbiroo.co.kr/?k=%EA%B4%91%EC%A0%81%EB%A9%B4-%EB%B9%97%EB%AC%BC%EB%88%84%EC%88%98"
"광적면","창틀실리콘","https://sinbiroo.co.kr/?k=%EA%B4%91%EC%A0%81%EB%A9%B4-%EC%B0%BD%ED%8B%80%EC%8B%A4%EB%A6%AC%EC%BD%98"
"광적면","샷시실리콘","https://sinbiroo.co.kr/?k=%EA%B4%91%EC%A0%81%EB%A9%B4-%EC%83%B7%EC%8B%9C%EC%8B%A4%EB%A6%AC%EC%BD%98"
"광적면","외벽보수","https://sinbiroo.co.kr/?k=%EA%B4%91%EC%A0%81%EB%A9%B4-%EC%99%B8%EB%B2%BD%EB%B3%B4%EC%88%98"
"광적면","외벽방수","https://sinbiroo.co.kr/?k=%EA%B4%91%EC%A0%81%EB%A9%B4-%EC%99%B8%EB%B2%BD%EB%B0%A9%EC%88%98"
"광적면","옥상방수","https://sinbiroo.co.kr/?k=%EA%B4%91%EC%A0%81%EB%A9%B4-%EC%98%A5%EC%83%81%EB%B0%A9%EC%88%98"
"광적면","건물방수","https://sinbiroo.co.kr/?k=%EA%B4%91%EC%A0%81%EB%A9%B4-%EA%B1%B4%EB%AC%BC%EB%B0%A9%EC%88%98"
"광적면","외벽도색","https://sinbiroo.co.kr/?k=%EA%B4%91%EC%A0%81%EB%A9%B4-%EC%99%B8%EB%B2%BD%EB%8F%84%EC%83%89"
"장흥면","창틀코킹","https://sinbiroo.co.kr/?k=%EC%9E%A5%ED%9D%A5%EB%A9%B4-%EC%B0%BD%ED%8B%80%EC%BD%94%ED%82%B9"
"장흥면","창틀누수","https://sinbiroo.co.kr/?k=%EC%9E%A5%ED%9D%A5%EB%A9%B4-%EC%B0%BD%ED%8B%80%EB%88%84%EC%88%98"
"장흥면","빗물누수","https://sinbiroo.co.kr/?k=%EC%9E%A5%ED%9D%A5%EB%A9%B4-%EB%B9%97%EB%AC%BC%EB%88%84%EC%88%98"
"장흥면","창틀실리콘","https://sinbiroo.co.kr/?k=%EC%9E%A5%ED%9D%A5%EB%A9%B4-%EC%B0%BD%ED%8B%80%EC%8B%A4%EB%A6%AC%EC%BD%98"
"장흥면","샷시실리콘","https://sinbiroo.co.kr/?k=%EC%9E%A5%ED%9D%A5%EB%A9%B4-%EC%83%B7%EC%8B%9C%EC%8B%A4%EB%A6%AC%EC%BD%98"
"장흥면","외벽보수","https://sinbiroo.co.kr/?k=%EC%9E%A5%ED%9D%A5%EB%A9%B4-%EC%99%B8%EB%B2%BD%EB%B3%B4%EC%88%98"
"장흥면","외벽방수","https://sinbiroo.co.kr/?k=%EC%9E%A5%ED%9D%A5%EB%A9%B4-%EC%99%B8%EB%B2%BD%EB%B0%A9%EC%88%98"
"장흥면","옥상방수","https://sinbiroo.co.kr/?k=%EC%9E%A5%ED%9D%A5%EB%A9%B4-%EC%98%A5%EC%83%81%EB%B0%A9%EC%88%98"
"장흥면","건물방수","https://sinbiroo.co.kr/?k=%EC%9E%A5%ED%9D%A5%EB%A9%B4-%EA%B1%B4%EB%AC%BC%EB%B0%A9%EC%88%98"
"장흥면","외벽도색","https://sinbiroo.co.kr/?k=%EC%9E%A5%ED%9D%A5%EB%A9%B4-%EC%99%B8%EB%B2%BD%EB%8F%84%EC%83%89"
"유양동","창틀코킹","https://sinbiroo.co.kr/?k=%EC%9C%A0%EC%96%91%EB%8F%99-%EC%B0%BD%ED%8B%80%EC%BD%94%ED%82%B9"
"유양동","창틀누수","https://sinbiroo.co.kr/?k=%EC%9C%A0%EC%96%91%EB%8F%99-%EC%B0%BD%ED%8B%80%EB%88%84%EC%88%98"
"유양동","빗물누수","https://sinbiroo.co.kr/?k=%EC%9C%A0%EC%96%91%EB%8F%99-%EB%B9%97%EB%AC%BC%EB%88%84%EC%88%98"
"유양동","창틀실리콘","https://sinbiroo.co.kr/?k=%EC%9C%A0%EC%96%91%EB%8F%99-%EC%B0%BD%ED%8B%80%EC%8B%A4%EB%A6%AC%EC%BD%98"
"유양동","샷시실리콘","https://sinbiroo.co.kr/?k=%EC%9C%A0%EC%96%91%EB%8F%99-%EC%83%B7%EC%8B%9C%EC%8B%A4%EB%A6%AC%EC%BD%98"
"유양동","외벽보수","https://sinbiroo.co.kr/?k=%EC%9C%A0%EC%96%91%EB%8F%99-%EC%99%B8%EB%B2%BD%EB%B3%B4%EC%88%98"
"유양동","외벽방수","https://sinbiroo.co.kr/?k=%EC%9C%A0%EC%96%91%EB%8F%99-%EC%99%B8%EB%B2%BD%EB%B0%A9%EC%88%98"
"유양동","옥상방수","https://sinbiroo.co.kr/?k=%EC%9C%A0%EC%96%91%EB%8F%99-%EC%98%A5%EC%83%81%EB%B0%A9%EC%88%98"
"유양동","건물방수","https://sinbiroo.co.kr/?k=%EC%9C%A0%EC%96%91%EB%8F%99-%EA%B1%B4%EB%AC%BC%EB%B0%A9%EC%88%98"
"유양동","외벽도색","https://sinbiroo.co.kr/?k=%EC%9C%A0%EC%96%91%EB%8F%99-%EC%99%B8%EB%B2%BD%EB%8F%84%EC%83%89"
"어둔동","창틀코킹","https://sinbiroo.co.kr/?k=%EC%96%B4%EB%91%94%EB%8F%99-%EC%B0%BD%ED%8B%80%EC%BD%94%ED%82%B9"
"어둔동","창틀누수","https://sinbiroo.co.kr/?k=%EC%96%B4%EB%91%94%EB%8F%99-%EC%B0%BD%ED%8B%80%EB%88%84%EC%88%98"
"어둔동","빗물누수","https://sinbiroo.co.kr/?k=%EC%96%B4%EB%91%94%EB%8F%99-%EB%B9%97%EB%AC%BC%EB%88%84%EC%88%98"
"어둔동","창틀실리콘","https://sinbiroo.co.kr/?k=%EC%96%B4%EB%91%94%EB%8F%99-%EC%B0%BD%ED%8B%80%EC%8B%A4%EB%A6%AC%EC%BD%98"
"어둔동","샷시실리콘","https://sinbiroo.co.kr/?k=%EC%96%B4%EB%91%94%EB%8F%99-%EC%83%B7%EC%8B%9C%EC%8B%A4%EB%A6%AC%EC%BD%98"
"어둔동","외벽보수","https://sinbiroo.co.kr/?k=%EC%96%B4%EB%91%94%EB%8F%99-%EC%99%B8%EB%B2%BD%EB%B3%B4%EC%88%98"
"어둔동","외벽방수","https://sinbiroo.co.kr/?k=%EC%96%B4%EB%91%94%EB%8F%99-%EC%99%B8%EB%B2%BD%EB%B0%A9%EC%88%98"
"어둔동","옥상방수","https://sinbiroo.co.kr/?k=%EC%96%B4%EB%91%94%EB%8F%99-%EC%98%A5%EC%83%81%EB%B0%A9%EC%88%98"
"어둔동","건물방수","https://sinbiroo.co.kr/?k=%EC%96%B4%EB%91%94%EB%8F%99-%EA%B1%B4%EB%AC%BC%EB%B0%A9%EC%88%98"
"어둔동","외벽도색","https://sinbiroo.co.kr/?k=%EC%96%B4%EB%91%94%EB%8F%99-%EC%99%B8%EB%B2%BD%EB%8F%84%EC%83%89"
"남방동","창틀코킹","https://sinbiroo.co.kr/?k=%EB%82%A8%EB%B0%A9%EB%8F%99-%EC%B0%BD%ED%8B%80%EC%BD%94%ED%82%B9"
"남방동","창틀누수","https://sinbiroo.co.kr/?k=%EB%82%A8%EB%B0%A9%EB%8F%99-%EC%B0%BD%ED%8B%80%EB%88%84%EC%88%98"
"남방동","빗물누수","https://sinbiroo.co.kr/?k=%EB%82%A8%EB%B0%A9%EB%8F%99-%EB%B9%97%EB%AC%BC%EB%88%84%EC%88%98"
"남방동","창틀실리콘","https://sinbiroo.co.kr/?k=%EB%82%A8%EB%B0%A9%EB%8F%99-%EC%B0%BD%ED%8B%80%EC%8B%A4%EB%A6%AC%EC%BD%98"
"남방동","샷시실리콘","https://sinbiroo.co.kr/?k=%EB%82%A8%EB%B0%A9%EB%8F%99-%EC%83%B7%EC%8B%9C%EC%8B%A4%EB%A6%AC%EC%BD%98"
"남방동","외벽보수","https://sinbiroo.co.kr/?k=%EB%82%A8%EB%B0%A9%EB%8F%99-%EC%99%B8%EB%B2%BD%EB%B3%B4%EC%88%98"
"남방동","외벽방수","https://sinbiroo.co.kr/?k=%EB%82%A8%EB%B0%A9%EB%8F%99-%EC%99%B8%EB%B2%BD%EB%B0%A9%EC%88%98"
"남방동","옥상방수","https://sinbiroo.co.kr/?k=%EB%82%A8%EB%B0%A9%EB%8F%99-%EC%98%A5%EC%83%81%EB%B0%A9%EC%88%98"
"남방동","건물방수","https://sinbiroo.co.kr/?k=%EB%82%A8%EB%B0%A9%EB%8F%99-%EA%B1%B4%EB%AC%BC%EB%B0%A9%EC%88%98"
"남방동","외벽도색","https://sinbiroo.co.kr/?k=%EB%82%A8%EB%B0%A9%EB%8F%99-%EC%99%B8%EB%B2%BD%EB%8F%84%EC%83%89"
"산북동","창틀코킹","https://sinbiroo.co.kr/?k=%EC%82%B0%EB%B6%81%EB%8F%99-%EC%B0%BD%ED%8B%80%EC%BD%94%ED%82%B9"
"산북동","창틀누수","https://sinbiroo.co.kr/?k=%EC%82%B0%EB%B6%81%EB%8F%99-%EC%B0%BD%ED%8B%80%EB%88%84%EC%88%98"
"산북동","빗물누수","https://sinbiroo.co.kr/?k=%EC%82%B0%EB%B6%81%EB%8F%99-%EB%B9%97%EB%AC%BC%EB%88%84%EC%88%98"
"산북동","창틀실리콘","https://sinbiroo.co.kr/?k=%EC%82%B0%EB%B6%81%EB%8F%99-%EC%B0%BD%ED%8B%80%EC%8B%A4%EB%A6%AC%EC%BD%98"
"산북동","샷시실리콘","https://sinbiroo.co.kr/?k=%EC%82%B0%EB%B6%81%EB%8F%99-%EC%83%B7%EC%8B%9C%EC%8B%A4%EB%A6%AC%EC%BD%98"
"산북동","외벽보수","https://sinbiroo.co.kr/?k=%EC%82%B0%EB%B6%81%EB%8F%99-%EC%99%B8%EB%B2%BD%EB%B3%B4%EC%88%98"
"산북동","외벽방수","https://sinbiroo.co.kr/?k=%EC%82%B0%EB%B6%81%EB%8F%99-%EC%99%B8%EB%B2%BD%EB%B0%A9%EC%88%98"
"산북동","옥상방수","https://sinbiroo.co.kr/?k=%EC%82%B0%EB%B6%81%EB%8F%99-%EC%98%A5%EC%83%81%EB%B0%A9%EC%88%98"
"산북동","건물방수","https://sinbiroo.co.kr/?k=%EC%82%B0%EB%B6%81%EB%8F%99-%EA%B1%B4%EB%AC%BC%EB%B0%A9%EC%88%98"
"산북동","외벽도색","https://sinbiroo.co.kr/?k=%EC%82%B0%EB%B6%81%EB%8F%99-%EC%99%B8%EB%B2%BD%EB%8F%84%EC%83%89"
"광사동","창틀코킹","https://sinbiroo.co.kr/?k=%EA%B4%91%EC%82%AC%EB%8F%99-%EC%B0%BD%ED%8B%80%EC%BD%94%ED%82%B9"
"광사동","창틀누수","https://sinbiroo.co.kr/?k=%EA%B4%91%EC%82%AC%EB%8F%99-%EC%B0%BD%ED%8B%80%EB%88%84%EC%88%98"
"광사동","빗물누수","https://sinbiroo.co.kr/?k=%EA%B4%91%EC%82%AC%EB%8F%99-%EB%B9%97%EB%AC%BC%EB%88%84%EC%88%98"
"광사동","창틀실리콘","https://sinbiroo.co.kr/?k=%EA%B4%91%EC%82%AC%EB%8F%99-%EC%B0%BD%ED%8B%80%EC%8B%A4%EB%A6%AC%EC%BD%98"
"광사동","샷시실리콘","https://sinbiroo.co.kr/?k=%EA%B4%91%EC%82%AC%EB%8F%99-%EC%83%B7%EC%8B%9C%EC%8B%A4%EB%A6%AC%EC%BD%98"
"광사동","외벽보수","https://sinbiroo.co.kr/?k=%EA%B4%91%EC%82%AC%EB%8F%99-%EC%99%B8%EB%B2%BD%EB%B3%B4%EC%88%98"
"광사동","외벽방수","https://sinbiroo.co.kr/?k=%EA%B4%91%EC%82%AC%EB%8F%99-%EC%99%B8%EB%B2%BD%EB%B0%A9%EC%88%98"
"광사동","옥상방수","https://sinbiroo.co.kr/?k=%EA%B4%91%EC%82%AC%EB%8F%99-%EC%98%A5%EC%83%81%EB%B0%A9%EC%88%98"
"광사동","건물방수","https://sinbiroo.co.kr/?k=%EA%B4%91%EC%82%AC%EB%8F%99-%EA%B1%B4%EB%AC%BC%EB%B0%A9%EC%88%98"
"광사동","외벽도색","https://sinbiroo.co.kr/?k=%EA%B4%91%EC%82%AC%EB%8F%99-%EC%99%B8%EB%B2%BD%EB%8F%84%EC%83%89"
"만송동","창틀코킹","https://sinbiroo.co.kr/?k=%EB%A7%8C%EC%86%A1%EB%8F%99-%EC%B0%BD%ED%8B%80%EC%BD%94%ED%82%B9"
"만송동","창틀누수","https://sinbiroo.co.kr/?k=%EB%A7%8C%EC%86%A1%EB%8F%99-%EC%B0%BD%ED%8B%80%EB%88%84%EC%88%98"
"만송동","빗물누수","https://sinbiroo.co.kr/?k=%EB%A7%8C%EC%86%A1%EB%8F%99-%EB%B9%97%EB%AC%BC%EB%88%84%EC%88%98"
"만송동","창틀실리콘","https://sinbiroo.co.kr/?k=%EB%A7%8C%EC%86%A1%EB%8F%99-%EC%B0%BD%ED%8B%80%EC%8B%A4%EB%A6%AC%EC%BD%98"
"만송동","샷시실리콘","https://sinbiroo.co.kr/?k=%EB%A7%8C%EC%86%A1%EB%8F%99-%EC%83%B7%EC%8B%9C%EC%8B%A4%EB%A6%AC%EC%BD%98"
"만송동","외벽보수","https://sinbiroo.co.kr/?k=%EB%A7%8C%EC%86%A1%EB%8F%99-%EC%99%B8%EB%B2%BD%EB%B3%B4%EC%88%98"
"만송동","외벽방수","https://sinbiroo.co.kr/?k=%EB%A7%8C%EC%86%A1%EB%8F%99-%EC%99%B8%EB%B2%BD%EB%B0%A9%EC%88%98"
"만송동","옥상방수","https://sinbiroo.co.kr/?k=%EB%A7%8C%EC%86%A1%EB%8F%99-%EC%98%A5%EC%83%81%EB%B0%A9%EC%88%98"
"만송동","건물방수","https://sinbiroo.co.kr/?k=%EB%A7%8C%EC%86%A1%EB%8F%99-%EA%B1%B4%EB%AC%BC%EB%B0%A9%EC%88%98"
"만송동","외벽도색","https://sinbiroo.co.kr/?k=%EB%A7%8C%EC%86%A1%EB%8F%99-%EC%99%B8%EB%B2%BD%EB%8F%84%EC%83%89"
"삼숭동","창틀코킹","https://sinbiroo.co.kr/?k=%EC%82%BC%EC%88%AD%EB%8F%99-%EC%B0%BD%ED%8B%80%EC%BD%94%ED%82%B9"
"삼숭동","창틀누수","https://sinbiroo.co.kr/?k=%EC%82%BC%EC%88%AD%EB%8F%99-%EC%B0%BD%ED%8B%80%EB%88%84%EC%88%98"
"삼숭동","빗물누수","https://sinbiroo.co.kr/?k=%EC%82%BC%EC%88%AD%EB%8F%99-%EB%B9%97%EB%AC%BC%EB%88%84%EC%88%98"
"삼숭동","창틀실리콘","https://sinbiroo.co.kr/?k=%EC%82%BC%EC%88%AD%EB%8F%99-%EC%B0%BD%ED%8B%80%EC%8B%A4%EB%A6%AC%EC%BD%98"
"삼숭동","샷시실리콘","https://sinbiroo.co.kr/?k=%EC%82%BC%EC%88%AD%EB%8F%99-%EC%83%B7%EC%8B%9C%EC%8B%A4%EB%A6%AC%EC%BD%98"
"삼숭동","외벽보수","https://sinbiroo.co.kr/?k=%EC%82%BC%EC%88%AD%EB%8F%99-%EC%99%B8%EB%B2%BD%EB%B3%B4%EC%88%98"
"삼숭동","외벽방수","https://sinbiroo.co.kr/?k=%EC%82%BC%EC%88%AD%EB%8F%99-%EC%99%B8%EB%B2%BD%EB%B0%A9%EC%88%98"
"삼숭동","옥상방수","https://sinbiroo.co.kr/?k=%EC%82%BC%EC%88%AD%EB%8F%99-%EC%98%A5%EC%83%81%EB%B0%A9%EC%88%98"
"삼숭동","건물방수","https://sinbiroo.co.kr/?k=%EC%82%BC%EC%88%AD%EB%8F%99-%EA%B1%B4%EB%AC%BC%EB%B0%A9%EC%88%98"
"삼숭동","외벽도색","https://sinbiroo.co.kr/?k=%EC%82%BC%EC%88%AD%EB%8F%99-%EC%99%B8%EB%B2%BD%EB%8F%84%EC%83%89"
"고읍동","창틀코킹","https://sinbiroo.co.kr/?k=%EA%B3%A0%EC%9D%8D%EB%8F%99-%EC%B0%BD%ED%8B%80%EC%BD%94%ED%82%B9"
"고읍동","창틀누수","https://sinbiroo.co.kr/?k=%EA%B3%A0%EC%9D%8D%EB%8F%99-%EC%B0%BD%ED%8B%80%EB%88%84%EC%88%98"
"고읍동","빗물누수","https://sinbiroo.co.kr/?k=%EA%B3%A0%EC%9D%8D%EB%8F%99-%EB%B9%97%EB%AC%BC%EB%88%84%EC%88%98"
"고읍동","창틀실리콘","https://sinbiroo.co.kr/?k=%EA%B3%A0%EC%9D%8D%EB%8F%99-%EC%B0%BD%ED%8B%80%EC%8B%A4%EB%A6%AC%EC%BD%98"
"고읍동","샷시실리콘","https://sinbiroo.co.kr/?k=%EA%B3%A0%EC%9D%8D%EB%8F%99-%EC%83%B7%EC%8B%9C%EC%8B%A4%EB%A6%AC%EC%BD%98"
"고읍동","외벽보수","https://sinbiroo.co.kr/?k=%EA%B3%A0%EC%9D%8D%EB%8F%99-%EC%99%B8%EB%B2%BD%EB%B3%B4%EC%88%98"
"고읍동","외벽방수","https://sinbiroo.co.kr/?k=%EA%B3%A0%EC%9D%8D%EB%8F%99-%EC%99%B8%EB%B2%BD%EB%B0%A9%EC%88%98"
"고읍동","옥상방수","https://sinbiroo.co.kr/?k=%EA%B3%A0%EC%9D%8D%EB%8F%99-%EC%98%A5%EC%83%81%EB%B0%A9%EC%88%98"
"고읍동","건물방수","https://sinbiroo.co.kr/?k=%EA%B3%A0%EC%9D%8D%EB%8F%99-%EA%B1%B4%EB%AC%BC%EB%B0%A9%EC%88%98"
"고읍동","외벽도색","https://sinbiroo.co.kr/?k=%EA%B3%A0%EC%9D%8D%EB%8F%99-%EC%99%B8%EB%B2%BD%EB%8F%84%EC%83%89"
"덕정동","창틀코킹","https://sinbiroo.co.kr/?k=%EB%8D%95%EC%A0%95%EB%8F%99-%EC%B0%BD%ED%8B%80%EC%BD%94%ED%82%B9"
"덕정동","창틀누수","https://sinbiroo.co.kr/?k=%EB%8D%95%EC%A0%95%EB%8F%99-%EC%B0%BD%ED%8B%80%EB%88%84%EC%88%98"
"덕정동","빗물누수","https://sinbiroo.co.kr/?k=%EB%8D%95%EC%A0%95%EB%8F%99-%EB%B9%97%EB%AC%BC%EB%88%84%EC%88%98"
"덕정동","창틀실리콘","https://sinbiroo.co.kr/?k=%EB%8D%95%EC%A0%95%EB%8F%99-%EC%B0%BD%ED%8B%80%EC%8B%A4%EB%A6%AC%EC%BD%98"
"덕정동","샷시실리콘","https://sinbiroo.co.kr/?k=%EB%8D%95%EC%A0%95%EB%8F%99-%EC%83%B7%EC%8B%9C%EC%8B%A4%EB%A6%AC%EC%BD%98"
"덕정동","외벽보수","https://sinbiroo.co.kr/?k=%EB%8D%95%EC%A0%95%EB%8F%99-%EC%99%B8%EB%B2%BD%EB%B3%B4%EC%88%98"
"덕정동","외벽방수","https://sinbiroo.co.kr/?k=%EB%8D%95%EC%A0%95%EB%8F%99-%EC%99%B8%EB%B2%BD%EB%B0%A9%EC%88%98"
"덕정동","옥상방수","https://sinbiroo.co.kr/?k=%EB%8D%95%EC%A0%95%EB%8F%99-%EC%98%A5%EC%83%81%EB%B0%A9%EC%88%98"
"덕정동","건물방수","https://sinbiroo.co.kr/?k=%EB%8D%95%EC%A0%95%EB%8F%99-%EA%B1%B4%EB%AC%BC%EB%B0%A9%EC%88%98"
"덕정동","외벽도색","https://sinbiroo.co.kr/?k=%EB%8D%95%EC%A0%95%EB%8F%99-%EC%99%B8%EB%B2%BD%EB%8F%84%EC%83%89"
"봉양동","창틀코킹","https://sinbiroo.co.kr/?k=%EB%B4%89%EC%96%91%EB%8F%99-%EC%B0%BD%ED%8B%80%EC%BD%94%ED%82%B9"
"봉양동","창틀누수","https://sinbiroo.co.kr/?k=%EB%B4%89%EC%96%91%EB%8F%99-%EC%B0%BD%ED%8B%80%EB%88%84%EC%88%98"
"봉양동","빗물누수","https://sinbiroo.co.kr/?k=%EB%B4%89%EC%96%91%EB%8F%99-%EB%B9%97%EB%AC%BC%EB%88%84%EC%88%98"
"봉양동","창틀실리콘","https://sinbiroo.co.kr/?k=%EB%B4%89%EC%96%91%EB%8F%99-%EC%B0%BD%ED%8B%80%EC%8B%A4%EB%A6%AC%EC%BD%98"
"봉양동","샷시실리콘","https://sinbiroo.co.kr/?k=%EB%B4%89%EC%96%91%EB%8F%99-%EC%83%B7%EC%8B%9C%EC%8B%A4%EB%A6%AC%EC%BD%98"
"봉양동","외벽보수","https://sinbiroo.co.kr/?k=%EB%B4%89%EC%96%91%EB%8F%99-%EC%99%B8%EB%B2%BD%EB%B3%B4%EC%88%98"
"봉양동","외벽방수","https://sinbiroo.co.kr/?k=%EB%B4%89%EC%96%91%EB%8F%99-%EC%99%B8%EB%B2%BD%EB%B0%A9%EC%88%98"
"봉양동","옥상방수","https://sinbiroo.co.kr/?k=%EB%B4%89%EC%96%91%EB%8F%99-%EC%98%A5%EC%83%81%EB%B0%A9%EC%88%98"
"봉양동","건물방수","https://sinbiroo.co.kr/?k=%EB%B4%89%EC%96%91%EB%8F%99-%EA%B1%B4%EB%AC%BC%EB%B0%A9%EC%88%98"
"봉양동","외벽도색","https://sinbiroo.co.kr/?k=%EB%B4%89%EC%96%91%EB%8F%99-%EC%99%B8%EB%B2%BD%EB%8F%84%EC%83%89"
"덕계동","창틀코킹","https://sinbiroo.co.kr/?k=%EB%8D%95%EA%B3%84%EB%8F%99-%EC%B0%BD%ED%8B%80%EC%BD%94%ED%82%B9"
"덕계동","창틀누수","https://sinbiroo.co.kr/?k=%EB%8D%95%EA%B3%84%EB%8F%99-%EC%B0%BD%ED%8B%80%EB%88%84%EC%88%98"
"덕계동","빗물누수","https://sinbiroo.co.kr/?k=%EB%8D%95%EA%B3%84%EB%8F%99-%EB%B9%97%EB%AC%BC%EB%88%84%EC%88%98"
"덕계동","창틀실리콘","https://sinbiroo.co.kr/?k=%EB%8D%95%EA%B3%84%EB%8F%99-%EC%B0%BD%ED%8B%80%EC%8B%A4%EB%A6%AC%EC%BD%98"
"덕계동","샷시실리콘","https://sinbiroo.co.kr/?k=%EB%8D%95%EA%B3%84%EB%8F%99-%EC%83%B7%EC%8B%9C%EC%8B%A4%EB%A6%AC%EC%BD%98"
"덕계동","외벽보수","https://sinbiroo.co.kr/?k=%EB%8D%95%EA%B3%84%EB%8F%99-%EC%99%B8%EB%B2%BD%EB%B3%B4%EC%88%98"
"덕계동","외벽방수","https://sinbiroo.co.kr/?k=%EB%8D%95%EA%B3%84%EB%8F%99-%EC%99%B8%EB%B2%BD%EB%B0%A9%EC%88%98"
"덕계동","옥상방수","https://sinbiroo.co.kr/?k=%EB%8D%95%EA%B3%84%EB%8F%99-%EC%98%A5%EC%83%81%EB%B0%A9%EC%88%98"
"덕계동","건물방수","https://sinbiroo.co.kr/?k=%EB%8D%95%EA%B3%84%EB%8F%99-%EA%B1%B4%EB%AC%BC%EB%B0%A9%EC%88%98"
"덕계동","외벽도색","https://sinbiroo.co.kr/?k=%EB%8D%95%EA%B3%84%EB%8F%99-%EC%99%B8%EB%B2%BD%EB%8F%84%EC%83%89"
"회정동","창틀코킹","https://sinbiroo.co.kr/?k=%ED%9A%8C%EC%A0%95%EB%8F%99-%EC%B0%BD%ED%8B%80%EC%BD%94%ED%82%B9"
"회정동","창틀누수","https://sinbiroo.co.kr/?k=%ED%9A%8C%EC%A0%95%EB%8F%99-%EC%B0%BD%ED%8B%80%EB%88%84%EC%88%98"
"회정동","빗물누수","https://sinbiroo.co.kr/?k=%ED%9A%8C%EC%A0%95%EB%8F%99-%EB%B9%97%EB%AC%BC%EB%88%84%EC%88%98"
"회정동","창틀실리콘","https://sinbiroo.co.kr/?k=%ED%9A%8C%EC%A0%95%EB%8F%99-%EC%B0%BD%ED%8B%80%EC%8B%A4%EB%A6%AC%EC%BD%98"
"회정동","샷시실리콘","https://sinbiroo.co.kr/?k=%ED%9A%8C%EC%A0%95%EB%8F%99-%EC%83%B7%EC%8B%9C%EC%8B%A4%EB%A6%AC%EC%BD%98"
"회정동","외벽보수","https://sinbiroo.co.kr/?k=%ED%9A%8C%EC%A0%95%EB%8F%99-%EC%99%B8%EB%B2%BD%EB%B3%B4%EC%88%98"
"회정동","외벽방수","https://sinbiroo.co.kr/?k=%ED%9A%8C%EC%A0%95%EB%8F%99-%EC%99%B8%EB%B2%BD%EB%B0%A9%EC%88%98"
"회정동","옥상방수","https://sinbiroo.co.kr/?k=%ED%9A%8C%EC%A0%95%EB%8F%99-%EC%98%A5%EC%83%81%EB%B0%A9%EC%88%98"
"회정동","건물방수","https://sinbiroo.co.kr/?k=%ED%9A%8C%EC%A0%95%EB%8F%99-%EA%B1%B4%EB%AC%BC%EB%B0%A9%EC%88%98"
"회정동","외벽도색","https://sinbiroo.co.kr/?k=%ED%9A%8C%EC%A0%95%EB%8F%99-%EC%99%B8%EB%B2%BD%EB%8F%84%EC%83%89"
"고암동","창틀코킹","https://sinbiroo.co.kr/?k=%EA%B3%A0%EC%95%94%EB%8F%99-%EC%B0%BD%ED%8B%80%EC%BD%94%ED%82%B9"
"고암동","창틀누수","https://sinbiroo.co.kr/?k=%EA%B3%A0%EC%95%94%EB%8F%99-%EC%B0%BD%ED%8B%80%EB%88%84%EC%88%98"
"고암동","빗물누수","https://sinbiroo.co.kr/?k=%EA%B3%A0%EC%95%94%EB%8F%99-%EB%B9%97%EB%AC%BC%EB%88%84%EC%88%98"
"고암동","창틀실리콘","https://sinbiroo.co.kr/?k=%EA%B3%A0%EC%95%94%EB%8F%99-%EC%B0%BD%ED%8B%80%EC%8B%A4%EB%A6%AC%EC%BD%98"
"고암동","샷시실리콘","https://sinbiroo.co.kr/?k=%EA%B3%A0%EC%95%94%EB%8F%99-%EC%83%B7%EC%8B%9C%EC%8B%A4%EB%A6%AC%EC%BD%98"
"고암동","외벽보수","https://sinbiroo.co.kr/?k=%EA%B3%A0%EC%95%94%EB%8F%99-%EC%99%B8%EB%B2%BD%EB%B3%B4%EC%88%98"
"고암동","외벽방수","https://sinbiroo.co.kr/?k=%EA%B3%A0%EC%95%94%EB%8F%99-%EC%99%B8%EB%B2%BD%EB%B0%A9%EC%88%98"
"고암동","옥상방수","https://sinbiroo.co.kr/?k=%EA%B3%A0%EC%95%94%EB%8F%99-%EC%98%A5%EC%83%81%EB%B0%A9%EC%88%98"
"고암동","건물방수","https://sinbiroo.co.kr/?k=%EA%B3%A0%EC%95%94%EB%8F%99-%EA%B1%B4%EB%AC%BC%EB%B0%A9%EC%88%98"
"고암동","외벽도색","https://sinbiroo.co.kr/?k=%EA%B3%A0%EC%95%94%EB%8F%99-%EC%99%B8%EB%B2%BD%EB%8F%84%EC%83%89"
"회암동","창틀코킹","https://sinbiroo.co.kr/?k=%ED%9A%8C%EC%95%94%EB%8F%99-%EC%B0%BD%ED%8B%80%EC%BD%94%ED%82%B9"
"회암동","창틀누수","https://sinbiroo.co.kr/?k=%ED%9A%8C%EC%95%94%EB%8F%99-%EC%B0%BD%ED%8B%80%EB%88%84%EC%88%98"
"회암동","빗물누수","https://sinbiroo.co.kr/?k=%ED%9A%8C%EC%95%94%EB%8F%99-%EB%B9%97%EB%AC%BC%EB%88%84%EC%88%98"
"회암동","창틀실리콘","https://sinbiroo.co.kr/?k=%ED%9A%8C%EC%95%94%EB%8F%99-%EC%B0%BD%ED%8B%80%EC%8B%A4%EB%A6%AC%EC%BD%98"
"회암동","샷시실리콘","https://sinbiroo.co.kr/?k=%ED%9A%8C%EC%95%94%EB%8F%99-%EC%83%B7%EC%8B%9C%EC%8B%A4%EB%A6%AC%EC%BD%98"
"회암동","외벽보수","https://sinbiroo.co.kr/?k=%ED%9A%8C%EC%95%94%EB%8F%99-%EC%99%B8%EB%B2%BD%EB%B3%B4%EC%88%98"
"회암동","외벽방수","https://sinbiroo.co.kr/?k=%ED%9A%8C%EC%95%94%EB%8F%99-%EC%99%B8%EB%B2%BD%EB%B0%A9%EC%88%98"
"회암동","옥상방수","https://sinbiroo.co.kr/?k=%ED%9A%8C%EC%95%94%EB%8F%99-%EC%98%A5%EC%83%81%EB%B0%A9%EC%88%98"
"회암동","건물방수","https://sinbiroo.co.kr/?k=%ED%9A%8C%EC%95%94%EB%8F%99-%EA%B1%B4%EB%AC%BC%EB%B0%A9%EC%88%98"
"회암동","외벽도색","https://sinbiroo.co.kr/?k=%ED%9A%8C%EC%95%94%EB%8F%99-%EC%99%B8%EB%B2%BD%EB%8F%84%EC%83%89"
"율정동","창틀코킹","https://sinbiroo.co.kr/?k=%EC%9C%A8%EC%A0%95%EB%8F%99-%EC%B0%BD%ED%8B%80%EC%BD%94%ED%82%B9"
"율정동","창틀누수","https://sinbiroo.co.kr/?k=%EC%9C%A8%EC%A0%95%EB%8F%99-%EC%B0%BD%ED%8B%80%EB%88%84%EC%88%98"
"율정동","빗물누수","https://sinbiroo.co.kr/?k=%EC%9C%A8%EC%A0%95%EB%8F%99-%EB%B9%97%EB%AC%BC%EB%88%84%EC%88%98"
"율정동","창틀실리콘","https://sinbiroo.co.kr/?k=%EC%9C%A8%EC%A0%95%EB%8F%99-%EC%B0%BD%ED%8B%80%EC%8B%A4%EB%A6%AC%EC%BD%98"
"율정동","샷시실리콘","https://sinbiroo.co.kr/?k=%EC%9C%A8%EC%A0%95%EB%8F%99-%EC%83%B7%EC%8B%9C%EC%8B%A4%EB%A6%AC%EC%BD%98"
"율정동","외벽보수","https://sinbiroo.co.kr/?k=%EC%9C%A8%EC%A0%95%EB%8F%99-%EC%99%B8%EB%B2%BD%EB%B3%B4%EC%88%98"
"율정동","외벽방수","https://sinbiroo.co.kr/?k=%EC%9C%A8%EC%A0%95%EB%8F%99-%EC%99%B8%EB%B2%BD%EB%B0%A9%EC%88%98"
"율정동","옥상방수","https://sinbiroo.co.kr/?k=%EC%9C%A8%EC%A0%95%EB%8F%99-%EC%98%A5%EC%83%81%EB%B0%A9%EC%88%98"
"율정동","건물방수","https://sinbiroo.co.kr/?k=%EC%9C%A8%EC%A0%95%EB%8F%99-%EA%B1%B4%EB%AC%BC%EB%B0%A9%EC%88%98"
"율정동","외벽도색","https://sinbiroo.co.kr/?k=%EC%9C%A8%EC%A0%95%EB%8F%99-%EC%99%B8%EB%B2%BD%EB%8F%84%EC%83%89"
"양주 옥정동","창틀코킹","https://sinbiroo.co.kr/?k=%EC%96%91%EC%A3%BC-%EC%98%A5%EC%A0%95%EB%8F%99-%EC%B0%BD%ED%8B%80%EC%BD%94%ED%82%B9"
"양주 옥정동","창틀누수","https://sinbiroo.co.kr/?k=%EC%96%91%EC%A3%BC-%EC%98%A5%EC%A0%95%EB%8F%99-%EC%B0%BD%ED%8B%80%EB%88%84%EC%88%98"
"양주 옥정동","빗물누수","https://sinbiroo.co.kr/?k=%EC%96%91%EC%A3%BC-%EC%98%A5%EC%A0%95%EB%8F%99-%EB%B9%97%EB%AC%BC%EB%88%84%EC%88%98"
"양주 옥정동","창틀실리콘","https://sinbiroo.co.kr/?k=%EC%96%91%EC%A3%BC-%EC%98%A5%EC%A0%95%EB%8F%99-%EC%B0%BD%ED%8B%80%EC%8B%A4%EB%A6%AC%EC%BD%98"
"양주 옥정동","샷시실리콘","https://sinbiroo.co.kr/?k=%EC%96%91%EC%A3%BC-%EC%98%A5%EC%A0%95%EB%8F%99-%EC%83%B7%EC%8B%9C%EC%8B%A4%EB%A6%AC%EC%BD%98"
"양주 옥정동","외벽보수","https://sinbiroo.co.kr/?k=%EC%96%91%EC%A3%BC-%EC%98%A5%EC%A0%95%EB%8F%99-%EC%99%B8%EB%B2%BD%EB%B3%B4%EC%88%98"
"양주 옥정동","외벽방수","https://sinbiroo.co.kr/?k=%EC%96%91%EC%A3%BC-%EC%98%A5%EC%A0%95%EB%8F%99-%EC%99%B8%EB%B2%BD%EB%B0%A9%EC%88%98"
"양주 옥정동","옥상방수","https://sinbiroo.co.kr/?k=%EC%96%91%EC%A3%BC-%EC%98%A5%EC%A0%95%EB%8F%99-%EC%98%A5%EC%83%81%EB%B0%A9%EC%88%98"
"양주 옥정동","건물방수","https://sinbiroo.co.kr/?k=%EC%96%91%EC%A3%BC-%EC%98%A5%EC%A0%95%EB%8F%99-%EA%B1%B4%EB%AC%BC%EB%B0%A9%EC%88%98"
"양주 옥정동","외벽도색","https://sinbiroo.co.kr/?k=%EC%96%91%EC%A3%BC-%EC%98%A5%EC%A0%95%EB%8F%99-%EC%99%B8%EB%B2%BD%EB%8F%84%EC%83%89"
"양주시","창틀코킹","https://sinbiroo.co.kr/?k=%EC%96%91%EC%A3%BC%EC%8B%9C-%EC%B0%BD%ED%8B%80%EC%BD%94%ED%82%B9"
"양주시","창틀누수","https://sinbiroo.co.kr/?k=%EC%96%91%EC%A3%BC%EC%8B%9C-%EC%B0%BD%ED%8B%80%EB%88%84%EC%88%98"
"양주시","빗물누수","https://sinbiroo.co.kr/?k=%EC%96%91%EC%A3%BC%EC%8B%9C-%EB%B9%97%EB%AC%BC%EB%88%84%EC%88%98"
"양주시","창틀실리콘","https://sinbiroo.co.kr/?k=%EC%96%91%EC%A3%BC%EC%8B%9C-%EC%B0%BD%ED%8B%80%EC%8B%A4%EB%A6%AC%EC%BD%98"
"양주시","샷시실리콘","https://sinbiroo.co.kr/?k=%EC%96%91%EC%A3%BC%EC%8B%9C-%EC%83%B7%EC%8B%9C%EC%8B%A4%EB%A6%AC%EC%BD%98"
"양주시","외벽보수","https://sinbiroo.co.kr/?k=%EC%96%91%EC%A3%BC%EC%8B%9C-%EC%99%B8%EB%B2%BD%EB%B3%B4%EC%88%98"
"양주시","외벽방수","https://sinbiroo.co.kr/?k=%EC%96%91%EC%A3%BC%EC%8B%9C-%EC%99%B8%EB%B2%BD%EB%B0%A9%EC%88%98"
"양주시","옥상방수","https://sinbiroo.co.kr/?k=%EC%96%91%EC%A3%BC%EC%8B%9C-%EC%98%A5%EC%83%81%EB%B0%A9%EC%88%98"
"양주시","건물방수","https://sinbiroo.co.kr/?k=%EC%96%91%EC%A3%BC%EC%8B%9C-%EA%B1%B4%EB%AC%BC%EB%B0%A9%EC%88%98"
"양주시","외벽도색","https://sinbiroo.co.kr/?k=%EC%96%91%EC%A3%BC%EC%8B%9C-%EC%99%B8%EB%B2%BD%EB%8F%84%EC%83%89"
"고양","창틀코킹","https://sinbiroo.co.kr/?k=%EA%B3%A0%EC%96%91-%EC%B0%BD%ED%8B%80%EC%BD%94%ED%82%B9"
"고양","창틀누수","https://sinbiroo.co.kr/?k=%EA%B3%A0%EC%96%91-%EC%B0%BD%ED%8B%80%EB%88%84%EC%88%98"
"고양","빗물누수","https://sinbiroo.co.kr/?k=%EA%B3%A0%EC%96%91-%EB%B9%97%EB%AC%BC%EB%88%84%EC%88%98"
"고양","창틀실리콘","https://sinbiroo.co.kr/?k=%EA%B3%A0%EC%96%91-%EC%B0%BD%ED%8B%80%EC%8B%A4%EB%A6%AC%EC%BD%98"
"고양","샷시실리콘","https://sinbiroo.co.kr/?k=%EA%B3%A0%EC%96%91-%EC%83%B7%EC%8B%9C%EC%8B%A4%EB%A6%AC%EC%BD%98"
"고양","외벽보수","https://sinbiroo.co.kr/?k=%EA%B3%A0%EC%96%91-%EC%99%B8%EB%B2%BD%EB%B3%B4%EC%88%98"
"고양","외벽방수","https://sinbiroo.co.kr/?k=%EA%B3%A0%EC%96%91-%EC%99%B8%EB%B2%BD%EB%B0%A9%EC%88%98"
"고양","옥상방수","https://sinbiroo.co.kr/?k=%EA%B3%A0%EC%96%91-%EC%98%A5%EC%83%81%EB%B0%A9%EC%88%98"
"고양","건물방수","https://sinbiroo.co.kr/?k=%EA%B3%A0%EC%96%91-%EA%B1%B4%EB%AC%BC%EB%B0%A9%EC%88%98"
"고양","외벽도색","https://sinbiroo.co.kr/?k=%EA%B3%A0%EC%96%91-%EC%99%B8%EB%B2%BD%EB%8F%84%EC%83%89"
"고양시","창틀코킹","https://sinbiroo.co.kr/?k=%EA%B3%A0%EC%96%91%EC%8B%9C-%EC%B0%BD%ED%8B%80%EC%BD%94%ED%82%B9"
"고양시","창틀누수","https://sinbiroo.co.kr/?k=%EA%B3%A0%EC%96%91%EC%8B%9C-%EC%B0%BD%ED%8B%80%EB%88%84%EC%88%98"
"고양시","빗물누수","https://sinbiroo.co.kr/?k=%EA%B3%A0%EC%96%91%EC%8B%9C-%EB%B9%97%EB%AC%BC%EB%88%84%EC%88%98"
"고양시","창틀실리콘","https://sinbiroo.co.kr/?k=%EA%B3%A0%EC%96%91%EC%8B%9C-%EC%B0%BD%ED%8B%80%EC%8B%A4%EB%A6%AC%EC%BD%98"
"고양시","샷시실리콘","https://sinbiroo.co.kr/?k=%EA%B3%A0%EC%96%91%EC%8B%9C-%EC%83%B7%EC%8B%9C%EC%8B%A4%EB%A6%AC%EC%BD%98"
"고양시","외벽보수","https://sinbiroo.co.kr/?k=%EA%B3%A0%EC%96%91%EC%8B%9C-%EC%99%B8%EB%B2%BD%EB%B3%B4%EC%88%98"
"고양시","외벽방수","https://sinbiroo.co.kr/?k=%EA%B3%A0%EC%96%91%EC%8B%9C-%EC%99%B8%EB%B2%BD%EB%B0%A9%EC%88%98"
"고양시","옥상방수","https://sinbiroo.co.kr/?k=%EA%B3%A0%EC%96%91%EC%8B%9C-%EC%98%A5%EC%83%81%EB%B0%A9%EC%88%98"
"고양시","건물방수","https://sinbiroo.co.kr/?k=%EA%B3%A0%EC%96%91%EC%8B%9C-%EA%B1%B4%EB%AC%BC%EB%B0%A9%EC%88%98"
"고양시","외벽도색","https://sinbiroo.co.kr/?k=%EA%B3%A0%EC%96%91%EC%8B%9C-%EC%99%B8%EB%B2%BD%EB%8F%84%EC%83%89"
"덕양구","창틀코킹","https://sinbiroo.co.kr/?k=%EB%8D%95%EC%96%91%EA%B5%AC-%EC%B0%BD%ED%8B%80%EC%BD%94%ED%82%B9"
"덕양구","창틀누수","https://sinbiroo.co.kr/?k=%EB%8D%95%EC%96%91%EA%B5%AC-%EC%B0%BD%ED%8B%80%EB%88%84%EC%88%98"
"덕양구","빗물누수","https://sinbiroo.co.kr/?k=%EB%8D%95%EC%96%91%EA%B5%AC-%EB%B9%97%EB%AC%BC%EB%88%84%EC%88%98"
"덕양구","창틀실리콘","https://sinbiroo.co.kr/?k=%EB%8D%95%EC%96%91%EA%B5%AC-%EC%B0%BD%ED%8B%80%EC%8B%A4%EB%A6%AC%EC%BD%98"
"덕양구","샷시실리콘","https://sinbiroo.co.kr/?k=%EB%8D%95%EC%96%91%EA%B5%AC-%EC%83%B7%EC%8B%9C%EC%8B%A4%EB%A6%AC%EC%BD%98"
"덕양구","외벽보수","https://sinbiroo.co.kr/?k=%EB%8D%95%EC%96%91%EA%B5%AC-%EC%99%B8%EB%B2%BD%EB%B3%B4%EC%88%98"
"덕양구","외벽방수","https://sinbiroo.co.kr/?k=%EB%8D%95%EC%96%91%EA%B5%AC-%EC%99%B8%EB%B2%BD%EB%B0%A9%EC%88%98"
"덕양구","옥상방수","https://sinbiroo.co.kr/?k=%EB%8D%95%EC%96%91%EA%B5%AC-%EC%98%A5%EC%83%81%EB%B0%A9%EC%88%98"
"덕양구","건물방수","https://sinbiroo.co.kr/?k=%EB%8D%95%EC%96%91%EA%B5%AC-%EA%B1%B4%EB%AC%BC%EB%B0%A9%EC%88%98"
"덕양구","외벽도색","https://sinbiroo.co.kr/?k=%EB%8D%95%EC%96%91%EA%B5%AC-%EC%99%B8%EB%B2%BD%EB%8F%84%EC%83%89"
"주교동","창틀코킹","https://sinbiroo.co.kr/?k=%EC%A3%BC%EA%B5%90%EB%8F%99-%EC%B0%BD%ED%8B%80%EC%BD%94%ED%82%B9"
"주교동","창틀누수","https://sinbiroo.co.kr/?k=%EC%A3%BC%EA%B5%90%EB%8F%99-%EC%B0%BD%ED%8B%80%EB%88%84%EC%88%98"
"주교동","빗물누수","https://sinbiroo.co.kr/?k=%EC%A3%BC%EA%B5%90%EB%8F%99-%EB%B9%97%EB%AC%BC%EB%88%84%EC%88%98"
"주교동","창틀실리콘","https://sinbiroo.co.kr/?k=%EC%A3%BC%EA%B5%90%EB%8F%99-%EC%B0%BD%ED%8B%80%EC%8B%A4%EB%A6%AC%EC%BD%98"
"주교동","샷시실리콘","https://sinbiroo.co.kr/?k=%EC%A3%BC%EA%B5%90%EB%8F%99-%EC%83%B7%EC%8B%9C%EC%8B%A4%EB%A6%AC%EC%BD%98"
"주교동","외벽보수","https://sinbiroo.co.kr/?k=%EC%A3%BC%EA%B5%90%EB%8F%99-%EC%99%B8%EB%B2%BD%EB%B3%B4%EC%88%98"
"주교동","외벽방수","https://sinbiroo.co.kr/?k=%EC%A3%BC%EA%B5%90%EB%8F%99-%EC%99%B8%EB%B2%BD%EB%B0%A9%EC%88%98"
"주교동","옥상방수","https://sinbiroo.co.kr/?k=%EC%A3%BC%EA%B5%90%EB%8F%99-%EC%98%A5%EC%83%81%EB%B0%A9%EC%88%98"
"주교동","건물방수","https://sinbiroo.co.kr/?k=%EC%A3%BC%EA%B5%90%EB%8F%99-%EA%B1%B4%EB%AC%BC%EB%B0%A9%EC%88%98"
"주교동","외벽도색","https://sinbiroo.co.kr/?k=%EC%A3%BC%EA%B5%90%EB%8F%99-%EC%99%B8%EB%B2%BD%EB%8F%84%EC%83%89"
"원신동","창틀코킹","https://sinbiroo.co.kr/?k=%EC%9B%90%EC%8B%A0%EB%8F%99-%EC%B0%BD%ED%8B%80%EC%BD%94%ED%82%B9"
"원신동","창틀누수","https://sinbiroo.co.kr/?k=%EC%9B%90%EC%8B%A0%EB%8F%99-%EC%B0%BD%ED%8B%80%EB%88%84%EC%88%98"
"원신동","빗물누수","https://sinbiroo.co.kr/?k=%EC%9B%90%EC%8B%A0%EB%8F%99-%EB%B9%97%EB%AC%BC%EB%88%84%EC%88%98"
"원신동","창틀실리콘","https://sinbiroo.co.kr/?k=%EC%9B%90%EC%8B%A0%EB%8F%99-%EC%B0%BD%ED%8B%80%EC%8B%A4%EB%A6%AC%EC%BD%98"
"원신동","샷시실리콘","https://sinbiroo.co.kr/?k=%EC%9B%90%EC%8B%A0%EB%8F%99-%EC%83%B7%EC%8B%9C%EC%8B%A4%EB%A6%AC%EC%BD%98"
"원신동","외벽보수","https://sinbiroo.co.kr/?k=%EC%9B%90%EC%8B%A0%EB%8F%99-%EC%99%B8%EB%B2%BD%EB%B3%B4%EC%88%98"
"원신동","외벽방수","https://sinbiroo.co.kr/?k=%EC%9B%90%EC%8B%A0%EB%8F%99-%EC%99%B8%EB%B2%BD%EB%B0%A9%EC%88%98"
"원신동","옥상방수","https://sinbiroo.co.kr/?k=%EC%9B%90%EC%8B%A0%EB%8F%99-%EC%98%A5%EC%83%81%EB%B0%A9%EC%88%98"
"원신동","건물방수","https://sinbiroo.co.kr/?k=%EC%9B%90%EC%8B%A0%EB%8F%99-%EA%B1%B4%EB%AC%BC%EB%B0%A9%EC%88%98"
"원신동","외벽도색","https://sinbiroo.co.kr/?k=%EC%9B%90%EC%8B%A0%EB%8F%99-%EC%99%B8%EB%B2%BD%EB%8F%84%EC%83%89"
"흥도동","창틀코킹","https://sinbiroo.co.kr/?k=%ED%9D%A5%EB%8F%84%EB%8F%99-%EC%B0%BD%ED%8B%80%EC%BD%94%ED%82%B9"
"흥도동","창틀누수","https://sinbiroo.co.kr/?k=%ED%9D%A5%EB%8F%84%EB%8F%99-%EC%B0%BD%ED%8B%80%EB%88%84%EC%88%98"
"흥도동","빗물누수","https://sinbiroo.co.kr/?k=%ED%9D%A5%EB%8F%84%EB%8F%99-%EB%B9%97%EB%AC%BC%EB%88%84%EC%88%98"
"흥도동","창틀실리콘","https://sinbiroo.co.kr/?k=%ED%9D%A5%EB%8F%84%EB%8F%99-%EC%B0%BD%ED%8B%80%EC%8B%A4%EB%A6%AC%EC%BD%98"
"흥도동","샷시실리콘","https://sinbiroo.co.kr/?k=%ED%9D%A5%EB%8F%84%EB%8F%99-%EC%83%B7%EC%8B%9C%EC%8B%A4%EB%A6%AC%EC%BD%98"
"흥도동","외벽보수","https://sinbiroo.co.kr/?k=%ED%9D%A5%EB%8F%84%EB%8F%99-%EC%99%B8%EB%B2%BD%EB%B3%B4%EC%88%98"
"흥도동","외벽방수","https://sinbiroo.co.kr/?k=%ED%9D%A5%EB%8F%84%EB%8F%99-%EC%99%B8%EB%B2%BD%EB%B0%A9%EC%88%98"
"흥도동","옥상방수","https://sinbiroo.co.kr/?k=%ED%9D%A5%EB%8F%84%EB%8F%99-%EC%98%A5%EC%83%81%EB%B0%A9%EC%88%98"
"흥도동","건물방수","https://sinbiroo.co.kr/?k=%ED%9D%A5%EB%8F%84%EB%8F%99-%EA%B1%B4%EB%AC%BC%EB%B0%A9%EC%88%98"
"흥도동","외벽도색","https://sinbiroo.co.kr/?k=%ED%9D%A5%EB%8F%84%EB%8F%99-%EC%99%B8%EB%B2%BD%EB%8F%84%EC%83%89"
"성사동","창틀코킹","https://sinbiroo.co.kr/?k=%EC%84%B1%EC%82%AC%EB%8F%99-%EC%B0%BD%ED%8B%80%EC%BD%94%ED%82%B9"
"성사동","창틀누수","https://sinbiroo.co.kr/?k=%EC%84%B1%EC%82%AC%EB%8F%99-%EC%B0%BD%ED%8B%80%EB%88%84%EC%88%98"
"성사동","빗물누수","https://sinbiroo.co.kr/?k=%EC%84%B1%EC%82%AC%EB%8F%99-%EB%B9%97%EB%AC%BC%EB%88%84%EC%88%98"
"성사동","창틀실리콘","https://sinbiroo.co.kr/?k=%EC%84%B1%EC%82%AC%EB%8F%99-%EC%B0%BD%ED%8B%80%EC%8B%A4%EB%A6%AC%EC%BD%98"
"성사동","샷시실리콘","https://sinbiroo.co.kr/?k=%EC%84%B1%EC%82%AC%EB%8F%99-%EC%83%B7%EC%8B%9C%EC%8B%A4%EB%A6%AC%EC%BD%98"
"성사동","외벽보수","https://sinbiroo.co.kr/?k=%EC%84%B1%EC%82%AC%EB%8F%99-%EC%99%B8%EB%B2%BD%EB%B3%B4%EC%88%98"
"성사동","외벽방수","https://sinbiroo.co.kr/?k=%EC%84%B1%EC%82%AC%EB%8F%99-%EC%99%B8%EB%B2%BD%EB%B0%A9%EC%88%98"
"성사동","옥상방수","https://sinbiroo.co.kr/?k=%EC%84%B1%EC%82%AC%EB%8F%99-%EC%98%A5%EC%83%81%EB%B0%A9%EC%88%98"
"성사동","건물방수","https://sinbiroo.co.kr/?k=%EC%84%B1%EC%82%AC%EB%8F%99-%EA%B1%B4%EB%AC%BC%EB%B0%A9%EC%88%98"
"성사동","외벽도색","https://sinbiroo.co.kr/?k=%EC%84%B1%EC%82%AC%EB%8F%99-%EC%99%B8%EB%B2%BD%EB%8F%84%EC%83%89"
"효자동","창틀코킹","https://sinbiroo.co.kr/?k=%ED%9A%A8%EC%9E%90%EB%8F%99-%EC%B0%BD%ED%8B%80%EC%BD%94%ED%82%B9"
"효자동","창틀누수","https://sinbiroo.co.kr/?k=%ED%9A%A8%EC%9E%90%EB%8F%99-%EC%B0%BD%ED%8B%80%EB%88%84%EC%88%98"
"효자동","빗물누수","https://sinbiroo.co.kr/?k=%ED%9A%A8%EC%9E%90%EB%8F%99-%EB%B9%97%EB%AC%BC%EB%88%84%EC%88%98"
"효자동","창틀실리콘","https://sinbiroo.co.kr/?k=%ED%9A%A8%EC%9E%90%EB%8F%99-%EC%B0%BD%ED%8B%80%EC%8B%A4%EB%A6%AC%EC%BD%98"
"효자동","샷시실리콘","https://sinbiroo.co.kr/?k=%ED%9A%A8%EC%9E%90%EB%8F%99-%EC%83%B7%EC%8B%9C%EC%8B%A4%EB%A6%AC%EC%BD%98"
"효자동","외벽보수","https://sinbiroo.co.kr/?k=%ED%9A%A8%EC%9E%90%EB%8F%99-%EC%99%B8%EB%B2%BD%EB%B3%B4%EC%88%98"
"효자동","외벽방수","https://sinbiroo.co.kr/?k=%ED%9A%A8%EC%9E%90%EB%8F%99-%EC%99%B8%EB%B2%BD%EB%B0%A9%EC%88%98"
"효자동","옥상방수","https://sinbiroo.co.kr/?k=%ED%9A%A8%EC%9E%90%EB%8F%99-%EC%98%A5%EC%83%81%EB%B0%A9%EC%88%98"
"효자동","건물방수","https://sinbiroo.co.kr/?k=%ED%9A%A8%EC%9E%90%EB%8F%99-%EA%B1%B4%EB%AC%BC%EB%B0%A9%EC%88%98"
"효자동","외벽도색","https://sinbiroo.co.kr/?k=%ED%9A%A8%EC%9E%90%EB%8F%99-%EC%99%B8%EB%B2%BD%EB%8F%84%EC%83%89"
"삼송동","창틀코킹","https://sinbiroo.co.kr/?k=%EC%82%BC%EC%86%A1%EB%8F%99-%EC%B0%BD%ED%8B%80%EC%BD%94%ED%82%B9"
"삼송동","창틀누수","https://sinbiroo.co.kr/?k=%EC%82%BC%EC%86%A1%EB%8F%99-%EC%B0%BD%ED%8B%80%EB%88%84%EC%88%98"
"삼송동","빗물누수","https://sinbiroo.co.kr/?k=%EC%82%BC%EC%86%A1%EB%8F%99-%EB%B9%97%EB%AC%BC%EB%88%84%EC%88%98"
"삼송동","창틀실리콘","https://sinbiroo.co.kr/?k=%EC%82%BC%EC%86%A1%EB%8F%99-%EC%B0%BD%ED%8B%80%EC%8B%A4%EB%A6%AC%EC%BD%98"
"삼송동","샷시실리콘","https://sinbiroo.co.kr/?k=%EC%82%BC%EC%86%A1%EB%8F%99-%EC%83%B7%EC%8B%9C%EC%8B%A4%EB%A6%AC%EC%BD%98"
"삼송동","외벽보수","https://sinbiroo.co.kr/?k=%EC%82%BC%EC%86%A1%EB%8F%99-%EC%99%B8%EB%B2%BD%EB%B3%B4%EC%88%98"
"삼송동","외벽방수","https://sinbiroo.co.kr/?k=%EC%82%BC%EC%86%A1%EB%8F%99-%EC%99%B8%EB%B2%BD%EB%B0%A9%EC%88%98"
"삼송동","옥상방수","https://sinbiroo.co.kr/?k=%EC%82%BC%EC%86%A1%EB%8F%99-%EC%98%A5%EC%83%81%EB%B0%A9%EC%88%98"
"삼송동","건물방수","https://sinbiroo.co.kr/?k=%EC%82%BC%EC%86%A1%EB%8F%99-%EA%B1%B4%EB%AC%BC%EB%B0%A9%EC%88%98"
"삼송동","외벽도색","https://sinbiroo.co.kr/?k=%EC%82%BC%EC%86%A1%EB%8F%99-%EC%99%B8%EB%B2%BD%EB%8F%84%EC%83%89"
"창릉동","창틀코킹","https://sinbiroo.co.kr/?k=%EC%B0%BD%EB%A6%89%EB%8F%99-%EC%B0%BD%ED%8B%80%EC%BD%94%ED%82%B9"
"창릉동","창틀누수","https://sinbiroo.co.kr/?k=%EC%B0%BD%EB%A6%89%EB%8F%99-%EC%B0%BD%ED%8B%80%EB%88%84%EC%88%98"
"창릉동","빗물누수","https://sinbiroo.co.kr/?k=%EC%B0%BD%EB%A6%89%EB%8F%99-%EB%B9%97%EB%AC%BC%EB%88%84%EC%88%98"
"창릉동","창틀실리콘","https://sinbiroo.co.kr/?k=%EC%B0%BD%EB%A6%89%EB%8F%99-%EC%B0%BD%ED%8B%80%EC%8B%A4%EB%A6%AC%EC%BD%98"
"창릉동","샷시실리콘","https://sinbiroo.co.kr/?k=%EC%B0%BD%EB%A6%89%EB%8F%99-%EC%83%B7%EC%8B%9C%EC%8B%A4%EB%A6%AC%EC%BD%98"
"창릉동","외벽보수","https://sinbiroo.co.kr/?k=%EC%B0%BD%EB%A6%89%EB%8F%99-%EC%99%B8%EB%B2%BD%EB%B3%B4%EC%88%98"
"창릉동","외벽방수","https://sinbiroo.co.kr/?k=%EC%B0%BD%EB%A6%89%EB%8F%99-%EC%99%B8%EB%B2%BD%EB%B0%A9%EC%88%98"
"창릉동","옥상방수","https://sinbiroo.co.kr/?k=%EC%B0%BD%EB%A6%89%EB%8F%99-%EC%98%A5%EC%83%81%EB%B0%A9%EC%88%98"
"창릉동","건물방수","https://sinbiroo.co.kr/?k=%EC%B0%BD%EB%A6%89%EB%8F%99-%EA%B1%B4%EB%AC%BC%EB%B0%A9%EC%88%98"
"창릉동","외벽도색","https://sinbiroo.co.kr/?k=%EC%B0%BD%EB%A6%89%EB%8F%99-%EC%99%B8%EB%B2%BD%EB%8F%84%EC%83%89"
"고양동","창틀코킹","https://sinbiroo.co.kr/?k=%EA%B3%A0%EC%96%91%EB%8F%99-%EC%B0%BD%ED%8B%80%EC%BD%94%ED%82%B9"
"고양동","창틀누수","https://sinbiroo.co.kr/?k=%EA%B3%A0%EC%96%91%EB%8F%99-%EC%B0%BD%ED%8B%80%EB%88%84%EC%88%98"
"고양동","빗물누수","https://sinbiroo.co.kr/?k=%EA%B3%A0%EC%96%91%EB%8F%99-%EB%B9%97%EB%AC%BC%EB%88%84%EC%88%98"
"고양동","창틀실리콘","https://sinbiroo.co.kr/?k=%EA%B3%A0%EC%96%91%EB%8F%99-%EC%B0%BD%ED%8B%80%EC%8B%A4%EB%A6%AC%EC%BD%98"
"고양동","샷시실리콘","https://sinbiroo.co.kr/?k=%EA%B3%A0%EC%96%91%EB%8F%99-%EC%83%B7%EC%8B%9C%EC%8B%A4%EB%A6%AC%EC%BD%98"
"고양동","외벽보수","https://sinbiroo.co.kr/?k=%EA%B3%A0%EC%96%91%EB%8F%99-%EC%99%B8%EB%B2%BD%EB%B3%B4%EC%88%98"
"고양동","외벽방수","https://sinbiroo.co.kr/?k=%EA%B3%A0%EC%96%91%EB%8F%99-%EC%99%B8%EB%B2%BD%EB%B0%A9%EC%88%98"
"고양동","옥상방수","https://sinbiroo.co.kr/?k=%EA%B3%A0%EC%96%91%EB%8F%99-%EC%98%A5%EC%83%81%EB%B0%A9%EC%88%98"
"고양동","건물방수","https://sinbiroo.co.kr/?k=%EA%B3%A0%EC%96%91%EB%8F%99-%EA%B1%B4%EB%AC%BC%EB%B0%A9%EC%88%98"
"고양동","외벽도색","https://sinbiroo.co.kr/?k=%EA%B3%A0%EC%96%91%EB%8F%99-%EC%99%B8%EB%B2%BD%EB%8F%84%EC%83%89"
"관산동","창틀코킹","https://sinbiroo.co.kr/?k=%EA%B4%80%EC%82%B0%EB%8F%99-%EC%B0%BD%ED%8B%80%EC%BD%94%ED%82%B9"
"관산동","창틀누수","https://sinbiroo.co.kr/?k=%EA%B4%80%EC%82%B0%EB%8F%99-%EC%B0%BD%ED%8B%80%EB%88%84%EC%88%98"
"관산동","빗물누수","https://sinbiroo.co.kr/?k=%EA%B4%80%EC%82%B0%EB%8F%99-%EB%B9%97%EB%AC%BC%EB%88%84%EC%88%98"
"관산동","창틀실리콘","https://sinbiroo.co.kr/?k=%EA%B4%80%EC%82%B0%EB%8F%99-%EC%B0%BD%ED%8B%80%EC%8B%A4%EB%A6%AC%EC%BD%98"
"관산동","샷시실리콘","https://sinbiroo.co.kr/?k=%EA%B4%80%EC%82%B0%EB%8F%99-%EC%83%B7%EC%8B%9C%EC%8B%A4%EB%A6%AC%EC%BD%98"
"관산동","외벽보수","https://sinbiroo.co.kr/?k=%EA%B4%80%EC%82%B0%EB%8F%99-%EC%99%B8%EB%B2%BD%EB%B3%B4%EC%88%98"
"관산동","외벽방수","https://sinbiroo.co.kr/?k=%EA%B4%80%EC%82%B0%EB%8F%99-%EC%99%B8%EB%B2%BD%EB%B0%A9%EC%88%98"
"관산동","옥상방수","https://sinbiroo.co.kr/?k=%EA%B4%80%EC%82%B0%EB%8F%99-%EC%98%A5%EC%83%81%EB%B0%A9%EC%88%98"
"관산동","건물방수","https://sinbiroo.co.kr/?k=%EA%B4%80%EC%82%B0%EB%8F%99-%EA%B1%B4%EB%AC%BC%EB%B0%A9%EC%88%98"
"관산동","외벽도색","https://sinbiroo.co.kr/?k=%EA%B4%80%EC%82%B0%EB%8F%99-%EC%99%B8%EB%B2%BD%EB%8F%84%EC%83%89"
"능곡동","창틀코킹","https://sinbiroo.co.kr/?k=%EB%8A%A5%EA%B3%A1%EB%8F%99-%EC%B0%BD%ED%8B%80%EC%BD%94%ED%82%B9"
"능곡동","창틀누수","https://sinbiroo.co.kr/?k=%EB%8A%A5%EA%B3%A1%EB%8F%99-%EC%B0%BD%ED%8B%80%EB%88%84%EC%88%98"
"능곡동","빗물누수","https://sinbiroo.co.kr/?k=%EB%8A%A5%EA%B3%A1%EB%8F%99-%EB%B9%97%EB%AC%BC%EB%88%84%EC%88%98"
"능곡동","창틀실리콘","https://sinbiroo.co.kr/?k=%EB%8A%A5%EA%B3%A1%EB%8F%99-%EC%B0%BD%ED%8B%80%EC%8B%A4%EB%A6%AC%EC%BD%98"
"능곡동","샷시실리콘","https://sinbiroo.co.kr/?k=%EB%8A%A5%EA%B3%A1%EB%8F%99-%EC%83%B7%EC%8B%9C%EC%8B%A4%EB%A6%AC%EC%BD%98"
"능곡동","외벽보수","https://sinbiroo.co.kr/?k=%EB%8A%A5%EA%B3%A1%EB%8F%99-%EC%99%B8%EB%B2%BD%EB%B3%B4%EC%88%98"
"능곡동","외벽방수","https://sinbiroo.co.kr/?k=%EB%8A%A5%EA%B3%A1%EB%8F%99-%EC%99%B8%EB%B2%BD%EB%B0%A9%EC%88%98"
"능곡동","옥상방수","https://sinbiroo.co.kr/?k=%EB%8A%A5%EA%B3%A1%EB%8F%99-%EC%98%A5%EC%83%81%EB%B0%A9%EC%88%98"
"능곡동","건물방수","https://sinbiroo.co.kr/?k=%EB%8A%A5%EA%B3%A1%EB%8F%99-%EA%B1%B4%EB%AC%BC%EB%B0%A9%EC%88%98"
"능곡동","외벽도색","https://sinbiroo.co.kr/?k=%EB%8A%A5%EA%B3%A1%EB%8F%99-%EC%99%B8%EB%B2%BD%EB%8F%84%EC%83%89"
"화정동","창틀코킹","https://sinbiroo.co.kr/?k=%ED%99%94%EC%A0%95%EB%8F%99-%EC%B0%BD%ED%8B%80%EC%BD%94%ED%82%B9"
"화정동","창틀누수","https://sinbiroo.co.kr/?k=%ED%99%94%EC%A0%95%EB%8F%99-%EC%B0%BD%ED%8B%80%EB%88%84%EC%88%98"
"화정동","빗물누수","https://sinbiroo.co.kr/?k=%ED%99%94%EC%A0%95%EB%8F%99-%EB%B9%97%EB%AC%BC%EB%88%84%EC%88%98"
"화정동","창틀실리콘","https://sinbiroo.co.kr/?k=%ED%99%94%EC%A0%95%EB%8F%99-%EC%B0%BD%ED%8B%80%EC%8B%A4%EB%A6%AC%EC%BD%98"
"화정동","샷시실리콘","https://sinbiroo.co.kr/?k=%ED%99%94%EC%A0%95%EB%8F%99-%EC%83%B7%EC%8B%9C%EC%8B%A4%EB%A6%AC%EC%BD%98"
"화정동","외벽보수","https://sinbiroo.co.kr/?k=%ED%99%94%EC%A0%95%EB%8F%99-%EC%99%B8%EB%B2%BD%EB%B3%B4%EC%88%98"
"화정동","외벽방수","https://sinbiroo.co.kr/?k=%ED%99%94%EC%A0%95%EB%8F%99-%EC%99%B8%EB%B2%BD%EB%B0%A9%EC%88%98"
"화정동","옥상방수","https://sinbiroo.co.kr/?k=%ED%99%94%EC%A0%95%EB%8F%99-%EC%98%A5%EC%83%81%EB%B0%A9%EC%88%98"
"화정동","건물방수","https://sinbiroo.co.kr/?k=%ED%99%94%EC%A0%95%EB%8F%99-%EA%B1%B4%EB%AC%BC%EB%B0%A9%EC%88%98"
"화정동","외벽도색","https://sinbiroo.co.kr/?k=%ED%99%94%EC%A0%95%EB%8F%99-%EC%99%B8%EB%B2%BD%EB%8F%84%EC%83%89"
"행주동","창틀코킹","https://sinbiroo.co.kr/?k=%ED%96%89%EC%A3%BC%EB%8F%99-%EC%B0%BD%ED%8B%80%EC%BD%94%ED%82%B9"
"행주동","창틀누수","https://sinbiroo.co.kr/?k=%ED%96%89%EC%A3%BC%EB%8F%99-%EC%B0%BD%ED%8B%80%EB%88%84%EC%88%98"
"행주동","빗물누수","https://sinbiroo.co.kr/?k=%ED%96%89%EC%A3%BC%EB%8F%99-%EB%B9%97%EB%AC%BC%EB%88%84%EC%88%98"
"행주동","창틀실리콘","https://sinbiroo.co.kr/?k=%ED%96%89%EC%A3%BC%EB%8F%99-%EC%B0%BD%ED%8B%80%EC%8B%A4%EB%A6%AC%EC%BD%98"
"행주동","샷시실리콘","https://sinbiroo.co.kr/?k=%ED%96%89%EC%A3%BC%EB%8F%99-%EC%83%B7%EC%8B%9C%EC%8B%A4%EB%A6%AC%EC%BD%98"
"행주동","외벽보수","https://sinbiroo.co.kr/?k=%ED%96%89%EC%A3%BC%EB%8F%99-%EC%99%B8%EB%B2%BD%EB%B3%B4%EC%88%98"
"행주동","외벽방수","https://sinbiroo.co.kr/?k=%ED%96%89%EC%A3%BC%EB%8F%99-%EC%99%B8%EB%B2%BD%EB%B0%A9%EC%88%98"
"행주동","옥상방수","https://sinbiroo.co.kr/?k=%ED%96%89%EC%A3%BC%EB%8F%99-%EC%98%A5%EC%83%81%EB%B0%A9%EC%88%98"
"행주동","건물방수","https://sinbiroo.co.kr/?k=%ED%96%89%EC%A3%BC%EB%8F%99-%EA%B1%B4%EB%AC%BC%EB%B0%A9%EC%88%98"
"행주동","외벽도색","https://sinbiroo.co.kr/?k=%ED%96%89%EC%A3%BC%EB%8F%99-%EC%99%B8%EB%B2%BD%EB%8F%84%EC%83%89"
"행신동","창틀코킹","https://sinbiroo.co.kr/?k=%ED%96%89%EC%8B%A0%EB%8F%99-%EC%B0%BD%ED%8B%80%EC%BD%94%ED%82%B9"
"행신동","창틀누수","https://sinbiroo.co.kr/?k=%ED%96%89%EC%8B%A0%EB%8F%99-%EC%B0%BD%ED%8B%80%EB%88%84%EC%88%98"
"행신동","빗물누수","https://sinbiroo.co.kr/?k=%ED%96%89%EC%8B%A0%EB%8F%99-%EB%B9%97%EB%AC%BC%EB%88%84%EC%88%98"
"행신동","창틀실리콘","https://sinbiroo.co.kr/?k=%ED%96%89%EC%8B%A0%EB%8F%99-%EC%B0%BD%ED%8B%80%EC%8B%A4%EB%A6%AC%EC%BD%98"
"행신동","샷시실리콘","https://sinbiroo.co.kr/?k=%ED%96%89%EC%8B%A0%EB%8F%99-%EC%83%B7%EC%8B%9C%EC%8B%A4%EB%A6%AC%EC%BD%98"
"행신동","외벽보수","https://sinbiroo.co.kr/?k=%ED%96%89%EC%8B%A0%EB%8F%99-%EC%99%B8%EB%B2%BD%EB%B3%B4%EC%88%98"
"행신동","외벽방수","https://sinbiroo.co.kr/?k=%ED%96%89%EC%8B%A0%EB%8F%99-%EC%99%B8%EB%B2%BD%EB%B0%A9%EC%88%98"
"행신동","옥상방수","https://sinbiroo.co.kr/?k=%ED%96%89%EC%8B%A0%EB%8F%99-%EC%98%A5%EC%83%81%EB%B0%A9%EC%88%98"
"행신동","건물방수","https://sinbiroo.co.kr/?k=%ED%96%89%EC%8B%A0%EB%8F%99-%EA%B1%B4%EB%AC%BC%EB%B0%A9%EC%88%98"
"행신동","외벽도색","https://sinbiroo.co.kr/?k=%ED%96%89%EC%8B%A0%EB%8F%99-%EC%99%B8%EB%B2%BD%EB%8F%84%EC%83%89"
"화전동","창틀코킹","https://sinbiroo.co.kr/?k=%ED%99%94%EC%A0%84%EB%8F%99-%EC%B0%BD%ED%8B%80%EC%BD%94%ED%82%B9"
"화전동","창틀누수","https://sinbiroo.co.kr/?k=%ED%99%94%EC%A0%84%EB%8F%99-%EC%B0%BD%ED%8B%80%EB%88%84%EC%88%98"
"화전동","빗물누수","https://sinbiroo.co.kr/?k=%ED%99%94%EC%A0%84%EB%8F%99-%EB%B9%97%EB%AC%BC%EB%88%84%EC%88%98"
"화전동","창틀실리콘","https://sinbiroo.co.kr/?k=%ED%99%94%EC%A0%84%EB%8F%99-%EC%B0%BD%ED%8B%80%EC%8B%A4%EB%A6%AC%EC%BD%98"
"화전동","샷시실리콘","https://sinbiroo.co.kr/?k=%ED%99%94%EC%A0%84%EB%8F%99-%EC%83%B7%EC%8B%9C%EC%8B%A4%EB%A6%AC%EC%BD%98"
"화전동","외벽보수","https://sinbiroo.co.kr/?k=%ED%99%94%EC%A0%84%EB%8F%99-%EC%99%B8%EB%B2%BD%EB%B3%B4%EC%88%98"
"화전동","외벽방수","https://sinbiroo.co.kr/?k=%ED%99%94%EC%A0%84%EB%8F%99-%EC%99%B8%EB%B2%BD%EB%B0%A9%EC%88%98"
"화전동","옥상방수","https://sinbiroo.co.kr/?k=%ED%99%94%EC%A0%84%EB%8F%99-%EC%98%A5%EC%83%81%EB%B0%A9%EC%88%98"
"화전동","건물방수","https://sinbiroo.co.kr/?k=%ED%99%94%EC%A0%84%EB%8F%99-%EA%B1%B4%EB%AC%BC%EB%B0%A9%EC%88%98"
"화전동","외벽도색","https://sinbiroo.co.kr/?k=%ED%99%94%EC%A0%84%EB%8F%99-%EC%99%B8%EB%B2%BD%EB%8F%84%EC%83%89"
"대덕동","창틀코킹","https://sinbiroo.co.kr/?k=%EB%8C%80%EB%8D%95%EB%8F%99-%EC%B0%BD%ED%8B%80%EC%BD%94%ED%82%B9"
"대덕동","창틀누수","https://sinbiroo.co.kr/?k=%EB%8C%80%EB%8D%95%EB%8F%99-%EC%B0%BD%ED%8B%80%EB%88%84%EC%88%98"
"대덕동","빗물누수","https://sinbiroo.co.kr/?k=%EB%8C%80%EB%8D%95%EB%8F%99-%EB%B9%97%EB%AC%BC%EB%88%84%EC%88%98"
"대덕동","창틀실리콘","https://sinbiroo.co.kr/?k=%EB%8C%80%EB%8D%95%EB%8F%99-%EC%B0%BD%ED%8B%80%EC%8B%A4%EB%A6%AC%EC%BD%98"
"대덕동","샷시실리콘","https://sinbiroo.co.kr/?k=%EB%8C%80%EB%8D%95%EB%8F%99-%EC%83%B7%EC%8B%9C%EC%8B%A4%EB%A6%AC%EC%BD%98"
"대덕동","외벽보수","https://sinbiroo.co.kr/?k=%EB%8C%80%EB%8D%95%EB%8F%99-%EC%99%B8%EB%B2%BD%EB%B3%B4%EC%88%98"
"대덕동","외벽방수","https://sinbiroo.co.kr/?k=%EB%8C%80%EB%8D%95%EB%8F%99-%EC%99%B8%EB%B2%BD%EB%B0%A9%EC%88%98"
"대덕동","옥상방수","https://sinbiroo.co.kr/?k=%EB%8C%80%EB%8D%95%EB%8F%99-%EC%98%A5%EC%83%81%EB%B0%A9%EC%88%98"
"대덕동","건물방수","https://sinbiroo.co.kr/?k=%EB%8C%80%EB%8D%95%EB%8F%99-%EA%B1%B4%EB%AC%BC%EB%B0%A9%EC%88%98"
"대덕동","외벽도색","https://sinbiroo.co.kr/?k=%EB%8C%80%EB%8D%95%EB%8F%99-%EC%99%B8%EB%B2%BD%EB%8F%84%EC%83%89"
"일산동구","창틀코킹","https://sinbiroo.co.kr/?k=%EC%9D%BC%EC%82%B0%EB%8F%99%EA%B5%AC-%EC%B0%BD%ED%8B%80%EC%BD%94%ED%82%B9"
"일산동구","창틀누수","https://sinbiroo.co.kr/?k=%EC%9D%BC%EC%82%B0%EB%8F%99%EA%B5%AC-%EC%B0%BD%ED%8B%80%EB%88%84%EC%88%98"
"일산동구","빗물누수","https://sinbiroo.co.kr/?k=%EC%9D%BC%EC%82%B0%EB%8F%99%EA%B5%AC-%EB%B9%97%EB%AC%BC%EB%88%84%EC%88%98"
"일산동구","창틀실리콘","https://sinbiroo.co.kr/?k=%EC%9D%BC%EC%82%B0%EB%8F%99%EA%B5%AC-%EC%B0%BD%ED%8B%80%EC%8B%A4%EB%A6%AC%EC%BD%98"
"일산동구","샷시실리콘","https://sinbiroo.co.kr/?k=%EC%9D%BC%EC%82%B0%EB%8F%99%EA%B5%AC-%EC%83%B7%EC%8B%9C%EC%8B%A4%EB%A6%AC%EC%BD%98"
"일산동구","외벽보수","https://sinbiroo.co.kr/?k=%EC%9D%BC%EC%82%B0%EB%8F%99%EA%B5%AC-%EC%99%B8%EB%B2%BD%EB%B3%B4%EC%88%98"
"일산동구","외벽방수","https://sinbiroo.co.kr/?k=%EC%9D%BC%EC%82%B0%EB%8F%99%EA%B5%AC-%EC%99%B8%EB%B2%BD%EB%B0%A9%EC%88%98"
"일산동구","옥상방수","https://sinbiroo.co.kr/?k=%EC%9D%BC%EC%82%B0%EB%8F%99%EA%B5%AC-%EC%98%A5%EC%83%81%EB%B0%A9%EC%88%98"
"일산동구","건물방수","https://sinbiroo.co.kr/?k=%EC%9D%BC%EC%82%B0%EB%8F%99%EA%B5%AC-%EA%B1%B4%EB%AC%BC%EB%B0%A9%EC%88%98"
"일산동구","외벽도색","https://sinbiroo.co.kr/?k=%EC%9D%BC%EC%82%B0%EB%8F%99%EA%B5%AC-%EC%99%B8%EB%B2%BD%EB%8F%84%EC%83%89"
"식사동","창틀코킹","https://sinbiroo.co.kr/?k=%EC%8B%9D%EC%82%AC%EB%8F%99-%EC%B0%BD%ED%8B%80%EC%BD%94%ED%82%B9"
"식사동","창틀누수","https://sinbiroo.co.kr/?k=%EC%8B%9D%EC%82%AC%EB%8F%99-%EC%B0%BD%ED%8B%80%EB%88%84%EC%88%98"
"식사동","빗물누수","https://sinbiroo.co.kr/?k=%EC%8B%9D%EC%82%AC%EB%8F%99-%EB%B9%97%EB%AC%BC%EB%88%84%EC%88%98"
"식사동","창틀실리콘","https://sinbiroo.co.kr/?k=%EC%8B%9D%EC%82%AC%EB%8F%99-%EC%B0%BD%ED%8B%80%EC%8B%A4%EB%A6%AC%EC%BD%98"
"식사동","샷시실리콘","https://sinbiroo.co.kr/?k=%EC%8B%9D%EC%82%AC%EB%8F%99-%EC%83%B7%EC%8B%9C%EC%8B%A4%EB%A6%AC%EC%BD%98"
"식사동","외벽보수","https://sinbiroo.co.kr/?k=%EC%8B%9D%EC%82%AC%EB%8F%99-%EC%99%B8%EB%B2%BD%EB%B3%B4%EC%88%98"
"식사동","외벽방수","https://sinbiroo.co.kr/?k=%EC%8B%9D%EC%82%AC%EB%8F%99-%EC%99%B8%EB%B2%BD%EB%B0%A9%EC%88%98"
"식사동","옥상방수","https://sinbiroo.co.kr/?k=%EC%8B%9D%EC%82%AC%EB%8F%99-%EC%98%A5%EC%83%81%EB%B0%A9%EC%88%98"
"식사동","건물방수","https://sinbiroo.co.kr/?k=%EC%8B%9D%EC%82%AC%EB%8F%99-%EA%B1%B4%EB%AC%BC%EB%B0%A9%EC%88%98"
"식사동","외벽도색","https://sinbiroo.co.kr/?k=%EC%8B%9D%EC%82%AC%EB%8F%99-%EC%99%B8%EB%B2%BD%EB%8F%84%EC%83%89"
"중산동","창틀코킹","https://sinbiroo.co.kr/?k=%EC%A4%91%EC%82%B0%EB%8F%99-%EC%B0%BD%ED%8B%80%EC%BD%94%ED%82%B9"
"중산동","창틀누수","https://sinbiroo.co.kr/?k=%EC%A4%91%EC%82%B0%EB%8F%99-%EC%B0%BD%ED%8B%80%EB%88%84%EC%88%98"
"중산동","빗물누수","https://sinbiroo.co.kr/?k=%EC%A4%91%EC%82%B0%EB%8F%99-%EB%B9%97%EB%AC%BC%EB%88%84%EC%88%98"
"중산동","창틀실리콘","https://sinbiroo.co.kr/?k=%EC%A4%91%EC%82%B0%EB%8F%99-%EC%B0%BD%ED%8B%80%EC%8B%A4%EB%A6%AC%EC%BD%98"
"중산동","샷시실리콘","https://sinbiroo.co.kr/?k=%EC%A4%91%EC%82%B0%EB%8F%99-%EC%83%B7%EC%8B%9C%EC%8B%A4%EB%A6%AC%EC%BD%98"
"중산동","외벽보수","https://sinbiroo.co.kr/?k=%EC%A4%91%EC%82%B0%EB%8F%99-%EC%99%B8%EB%B2%BD%EB%B3%B4%EC%88%98"
"중산동","외벽방수","https://sinbiroo.co.kr/?k=%EC%A4%91%EC%82%B0%EB%8F%99-%EC%99%B8%EB%B2%BD%EB%B0%A9%EC%88%98"
"중산동","옥상방수","https://sinbiroo.co.kr/?k=%EC%A4%91%EC%82%B0%EB%8F%99-%EC%98%A5%EC%83%81%EB%B0%A9%EC%88%98"
"중산동","건물방수","https://sinbiroo.co.kr/?k=%EC%A4%91%EC%82%B0%EB%8F%99-%EA%B1%B4%EB%AC%BC%EB%B0%A9%EC%88%98"
"중산동","외벽도색","https://sinbiroo.co.kr/?k=%EC%A4%91%EC%82%B0%EB%8F%99-%EC%99%B8%EB%B2%BD%EB%8F%84%EC%83%89"
"정발산동","창틀코킹","https://sinbiroo.co.kr/?k=%EC%A0%95%EB%B0%9C%EC%82%B0%EB%8F%99-%EC%B0%BD%ED%8B%80%EC%BD%94%ED%82%B9"
"정발산동","창틀누수","https://sinbiroo.co.kr/?k=%EC%A0%95%EB%B0%9C%EC%82%B0%EB%8F%99-%EC%B0%BD%ED%8B%80%EB%88%84%EC%88%98"
"정발산동","빗물누수","https://sinbiroo.co.kr/?k=%EC%A0%95%EB%B0%9C%EC%82%B0%EB%8F%99-%EB%B9%97%EB%AC%BC%EB%88%84%EC%88%98"
"정발산동","창틀실리콘","https://sinbiroo.co.kr/?k=%EC%A0%95%EB%B0%9C%EC%82%B0%EB%8F%99-%EC%B0%BD%ED%8B%80%EC%8B%A4%EB%A6%AC%EC%BD%98"
"정발산동","샷시실리콘","https://sinbiroo.co.kr/?k=%EC%A0%95%EB%B0%9C%EC%82%B0%EB%8F%99-%EC%83%B7%EC%8B%9C%EC%8B%A4%EB%A6%AC%EC%BD%98"
"정발산동","외벽보수","https://sinbiroo.co.kr/?k=%EC%A0%95%EB%B0%9C%EC%82%B0%EB%8F%99-%EC%99%B8%EB%B2%BD%EB%B3%B4%EC%88%98"
"정발산동","외벽방수","https://sinbiroo.co.kr/?k=%EC%A0%95%EB%B0%9C%EC%82%B0%EB%8F%99-%EC%99%B8%EB%B2%BD%EB%B0%A9%EC%88%98"
"정발산동","옥상방수","https://sinbiroo.co.kr/?k=%EC%A0%95%EB%B0%9C%EC%82%B0%EB%8F%99-%EC%98%A5%EC%83%81%EB%B0%A9%EC%88%98"
"정발산동","건물방수","https://sinbiroo.co.kr/?k=%EC%A0%95%EB%B0%9C%EC%82%B0%EB%8F%99-%EA%B1%B4%EB%AC%BC%EB%B0%A9%EC%88%98"
"정발산동","외벽도색","https://sinbiroo.co.kr/?k=%EC%A0%95%EB%B0%9C%EC%82%B0%EB%8F%99-%EC%99%B8%EB%B2%BD%EB%8F%84%EC%83%89"
"풍산동","창틀코킹","https://sinbiroo.co.kr/?k=%ED%92%8D%EC%82%B0%EB%8F%99-%EC%B0%BD%ED%8B%80%EC%BD%94%ED%82%B9"
"풍산동","창틀누수","https://sinbiroo.co.kr/?k=%ED%92%8D%EC%82%B0%EB%8F%99-%EC%B0%BD%ED%8B%80%EB%88%84%EC%88%98"
"풍산동","빗물누수","https://sinbiroo.co.kr/?k=%ED%92%8D%EC%82%B0%EB%8F%99-%EB%B9%97%EB%AC%BC%EB%88%84%EC%88%98"
"풍산동","창틀실리콘","https://sinbiroo.co.kr/?k=%ED%92%8D%EC%82%B0%EB%8F%99-%EC%B0%BD%ED%8B%80%EC%8B%A4%EB%A6%AC%EC%BD%98"
"풍산동","샷시실리콘","https://sinbiroo.co.kr/?k=%ED%92%8D%EC%82%B0%EB%8F%99-%EC%83%B7%EC%8B%9C%EC%8B%A4%EB%A6%AC%EC%BD%98"
"풍산동","외벽보수","https://sinbiroo.co.kr/?k=%ED%92%8D%EC%82%B0%EB%8F%99-%EC%99%B8%EB%B2%BD%EB%B3%B4%EC%88%98"
"풍산동","외벽방수","https://sinbiroo.co.kr/?k=%ED%92%8D%EC%82%B0%EB%8F%99-%EC%99%B8%EB%B2%BD%EB%B0%A9%EC%88%98"
"풍산동","옥상방수","https://sinbiroo.co.kr/?k=%ED%92%8D%EC%82%B0%EB%8F%99-%EC%98%A5%EC%83%81%EB%B0%A9%EC%88%98"
"풍산동","건물방수","https://sinbiroo.co.kr/?k=%ED%92%8D%EC%82%B0%EB%8F%99-%EA%B1%B4%EB%AC%BC%EB%B0%A9%EC%88%98"
"풍산동","외벽도색","https://sinbiroo.co.kr/?k=%ED%92%8D%EC%82%B0%EB%8F%99-%EC%99%B8%EB%B2%BD%EB%8F%84%EC%83%89"
"백석동","창틀코킹","https://sinbiroo.co.kr/?k=%EB%B0%B1%EC%84%9D%EB%8F%99-%EC%B0%BD%ED%8B%80%EC%BD%94%ED%82%B9"
"백석동","창틀누수","https://sinbiroo.co.kr/?k=%EB%B0%B1%EC%84%9D%EB%8F%99-%EC%B0%BD%ED%8B%80%EB%88%84%EC%88%98"
"백석동","빗물누수","https://sinbiroo.co.kr/?k=%EB%B0%B1%EC%84%9D%EB%8F%99-%EB%B9%97%EB%AC%BC%EB%88%84%EC%88%98"
"백석동","창틀실리콘","https://sinbiroo.co.kr/?k=%EB%B0%B1%EC%84%9D%EB%8F%99-%EC%B0%BD%ED%8B%80%EC%8B%A4%EB%A6%AC%EC%BD%98"
"백석동","샷시실리콘","https://sinbiroo.co.kr/?k=%EB%B0%B1%EC%84%9D%EB%8F%99-%EC%83%B7%EC%8B%9C%EC%8B%A4%EB%A6%AC%EC%BD%98"
"백석동","외벽보수","https://sinbiroo.co.kr/?k=%EB%B0%B1%EC%84%9D%EB%8F%99-%EC%99%B8%EB%B2%BD%EB%B3%B4%EC%88%98"
"백석동","외벽방수","https://sinbiroo.co.kr/?k=%EB%B0%B1%EC%84%9D%EB%8F%99-%EC%99%B8%EB%B2%BD%EB%B0%A9%EC%88%98"
"백석동","옥상방수","https://sinbiroo.co.kr/?k=%EB%B0%B1%EC%84%9D%EB%8F%99-%EC%98%A5%EC%83%81%EB%B0%A9%EC%88%98"
"백석동","건물방수","https://sinbiroo.co.kr/?k=%EB%B0%B1%EC%84%9D%EB%8F%99-%EA%B1%B4%EB%AC%BC%EB%B0%A9%EC%88%98"
"백석동","외벽도색","https://sinbiroo.co.kr/?k=%EB%B0%B1%EC%84%9D%EB%8F%99-%EC%99%B8%EB%B2%BD%EB%8F%84%EC%83%89"
"마두동","창틀코킹","https://sinbiroo.co.kr/?k=%EB%A7%88%EB%91%90%EB%8F%99-%EC%B0%BD%ED%8B%80%EC%BD%94%ED%82%B9"
"마두동","창틀누수","https://sinbiroo.co.kr/?k=%EB%A7%88%EB%91%90%EB%8F%99-%EC%B0%BD%ED%8B%80%EB%88%84%EC%88%98"
"마두동","빗물누수","https://sinbiroo.co.kr/?k=%EB%A7%88%EB%91%90%EB%8F%99-%EB%B9%97%EB%AC%BC%EB%88%84%EC%88%98"
"마두동","창틀실리콘","https://sinbiroo.co.kr/?k=%EB%A7%88%EB%91%90%EB%8F%99-%EC%B0%BD%ED%8B%80%EC%8B%A4%EB%A6%AC%EC%BD%98"
"마두동","샷시실리콘","https://sinbiroo.co.kr/?k=%EB%A7%88%EB%91%90%EB%8F%99-%EC%83%B7%EC%8B%9C%EC%8B%A4%EB%A6%AC%EC%BD%98"
"마두동","외벽보수","https://sinbiroo.co.kr/?k=%EB%A7%88%EB%91%90%EB%8F%99-%EC%99%B8%EB%B2%BD%EB%B3%B4%EC%88%98"
"마두동","외벽방수","https://sinbiroo.co.kr/?k=%EB%A7%88%EB%91%90%EB%8F%99-%EC%99%B8%EB%B2%BD%EB%B0%A9%EC%88%98"
"마두동","옥상방수","https://sinbiroo.co.kr/?k=%EB%A7%88%EB%91%90%EB%8F%99-%EC%98%A5%EC%83%81%EB%B0%A9%EC%88%98"
"마두동","건물방수","https://sinbiroo.co.kr/?k=%EB%A7%88%EB%91%90%EB%8F%99-%EA%B1%B4%EB%AC%BC%EB%B0%A9%EC%88%98"
"마두동","외벽도색","https://sinbiroo.co.kr/?k=%EB%A7%88%EB%91%90%EB%8F%99-%EC%99%B8%EB%B2%BD%EB%8F%84%EC%83%89"
"장항동","창틀코킹","https://sinbiroo.co.kr/?k=%EC%9E%A5%ED%95%AD%EB%8F%99-%EC%B0%BD%ED%8B%80%EC%BD%94%ED%82%B9"
"장항동","창틀누수","https://sinbiroo.co.kr/?k=%EC%9E%A5%ED%95%AD%EB%8F%99-%EC%B0%BD%ED%8B%80%EB%88%84%EC%88%98"
"장항동","빗물누수","https://sinbiroo.co.kr/?k=%EC%9E%A5%ED%95%AD%EB%8F%99-%EB%B9%97%EB%AC%BC%EB%88%84%EC%88%98"
"장항동","창틀실리콘","https://sinbiroo.co.kr/?k=%EC%9E%A5%ED%95%AD%EB%8F%99-%EC%B0%BD%ED%8B%80%EC%8B%A4%EB%A6%AC%EC%BD%98"
"장항동","샷시실리콘","https://sinbiroo.co.kr/?k=%EC%9E%A5%ED%95%AD%EB%8F%99-%EC%83%B7%EC%8B%9C%EC%8B%A4%EB%A6%AC%EC%BD%98"
"장항동","외벽보수","https://sinbiroo.co.kr/?k=%EC%9E%A5%ED%95%AD%EB%8F%99-%EC%99%B8%EB%B2%BD%EB%B3%B4%EC%88%98"
"장항동","외벽방수","https://sinbiroo.co.kr/?k=%EC%9E%A5%ED%95%AD%EB%8F%99-%EC%99%B8%EB%B2%BD%EB%B0%A9%EC%88%98"
"장항동","옥상방수","https://sinbiroo.co.kr/?k=%EC%9E%A5%ED%95%AD%EB%8F%99-%EC%98%A5%EC%83%81%EB%B0%A9%EC%88%98"
"장항동","건물방수","https://sinbiroo.co.kr/?k=%EC%9E%A5%ED%95%AD%EB%8F%99-%EA%B1%B4%EB%AC%BC%EB%B0%A9%EC%88%98"
"장항동","외벽도색","https://sinbiroo.co.kr/?k=%EC%9E%A5%ED%95%AD%EB%8F%99-%EC%99%B8%EB%B2%BD%EB%8F%84%EC%83%89"
"고봉동","창틀코킹","https://sinbiroo.co.kr/?k=%EA%B3%A0%EB%B4%89%EB%8F%99-%EC%B0%BD%ED%8B%80%EC%BD%94%ED%82%B9"
"고봉동","창틀누수","https://sinbiroo.co.kr/?k=%EA%B3%A0%EB%B4%89%EB%8F%99-%EC%B0%BD%ED%8B%80%EB%88%84%EC%88%98"
"고봉동","빗물누수","https://sinbiroo.co.kr/?k=%EA%B3%A0%EB%B4%89%EB%8F%99-%EB%B9%97%EB%AC%BC%EB%88%84%EC%88%98"
"고봉동","창틀실리콘","https://sinbiroo.co.kr/?k=%EA%B3%A0%EB%B4%89%EB%8F%99-%EC%B0%BD%ED%8B%80%EC%8B%A4%EB%A6%AC%EC%BD%98"
"고봉동","샷시실리콘","https://sinbiroo.co.kr/?k=%EA%B3%A0%EB%B4%89%EB%8F%99-%EC%83%B7%EC%8B%9C%EC%8B%A4%EB%A6%AC%EC%BD%98"
"고봉동","외벽보수","https://sinbiroo.co.kr/?k=%EA%B3%A0%EB%B4%89%EB%8F%99-%EC%99%B8%EB%B2%BD%EB%B3%B4%EC%88%98"
"고봉동","외벽방수","https://sinbiroo.co.kr/?k=%EA%B3%A0%EB%B4%89%EB%8F%99-%EC%99%B8%EB%B2%BD%EB%B0%A9%EC%88%98"
"고봉동","옥상방수","https://sinbiroo.co.kr/?k=%EA%B3%A0%EB%B4%89%EB%8F%99-%EC%98%A5%EC%83%81%EB%B0%A9%EC%88%98"
"고봉동","건물방수","https://sinbiroo.co.kr/?k=%EA%B3%A0%EB%B4%89%EB%8F%99-%EA%B1%B4%EB%AC%BC%EB%B0%A9%EC%88%98"
"고봉동","외벽도색","https://sinbiroo.co.kr/?k=%EA%B3%A0%EB%B4%89%EB%8F%99-%EC%99%B8%EB%B2%BD%EB%8F%84%EC%83%89"
"일산서구","창틀코킹","https://sinbiroo.co.kr/?k=%EC%9D%BC%EC%82%B0%EC%84%9C%EA%B5%AC-%EC%B0%BD%ED%8B%80%EC%BD%94%ED%82%B9"
"일산서구","창틀누수","https://sinbiroo.co.kr/?k=%EC%9D%BC%EC%82%B0%EC%84%9C%EA%B5%AC-%EC%B0%BD%ED%8B%80%EB%88%84%EC%88%98"
"일산서구","빗물누수","https://sinbiroo.co.kr/?k=%EC%9D%BC%EC%82%B0%EC%84%9C%EA%B5%AC-%EB%B9%97%EB%AC%BC%EB%88%84%EC%88%98"
"일산서구","창틀실리콘","https://sinbiroo.co.kr/?k=%EC%9D%BC%EC%82%B0%EC%84%9C%EA%B5%AC-%EC%B0%BD%ED%8B%80%EC%8B%A4%EB%A6%AC%EC%BD%98"
"일산서구","샷시실리콘","https://sinbiroo.co.kr/?k=%EC%9D%BC%EC%82%B0%EC%84%9C%EA%B5%AC-%EC%83%B7%EC%8B%9C%EC%8B%A4%EB%A6%AC%EC%BD%98"
"일산서구","외벽보수","https://sinbiroo.co.kr/?k=%EC%9D%BC%EC%82%B0%EC%84%9C%EA%B5%AC-%EC%99%B8%EB%B2%BD%EB%B3%B4%EC%88%98"
"일산서구","외벽방수","https://sinbiroo.co.kr/?k=%EC%9D%BC%EC%82%B0%EC%84%9C%EA%B5%AC-%EC%99%B8%EB%B2%BD%EB%B0%A9%EC%88%98"
"일산서구","옥상방수","https://sinbiroo.co.kr/?k=%EC%9D%BC%EC%82%B0%EC%84%9C%EA%B5%AC-%EC%98%A5%EC%83%81%EB%B0%A9%EC%88%98"
"일산서구","건물방수","https://sinbiroo.co.kr/?k=%EC%9D%BC%EC%82%B0%EC%84%9C%EA%B5%AC-%EA%B1%B4%EB%AC%BC%EB%B0%A9%EC%88%98"
"일산서구","외벽도색","https://sinbiroo.co.kr/?k=%EC%9D%BC%EC%82%B0%EC%84%9C%EA%B5%AC-%EC%99%B8%EB%B2%BD%EB%8F%84%EC%83%89"
"일산동","창틀코킹","https://sinbiroo.co.kr/?k=%EC%9D%BC%EC%82%B0%EB%8F%99-%EC%B0%BD%ED%8B%80%EC%BD%94%ED%82%B9"
"일산동","창틀누수","https://sinbiroo.co.kr/?k=%EC%9D%BC%EC%82%B0%EB%8F%99-%EC%B0%BD%ED%8B%80%EB%88%84%EC%88%98"
"일산동","빗물누수","https://sinbiroo.co.kr/?k=%EC%9D%BC%EC%82%B0%EB%8F%99-%EB%B9%97%EB%AC%BC%EB%88%84%EC%88%98"
"일산동","창틀실리콘","https://sinbiroo.co.kr/?k=%EC%9D%BC%EC%82%B0%EB%8F%99-%EC%B0%BD%ED%8B%80%EC%8B%A4%EB%A6%AC%EC%BD%98"
"일산동","샷시실리콘","https://sinbiroo.co.kr/?k=%EC%9D%BC%EC%82%B0%EB%8F%99-%EC%83%B7%EC%8B%9C%EC%8B%A4%EB%A6%AC%EC%BD%98"
"일산동","외벽보수","https://sinbiroo.co.kr/?k=%EC%9D%BC%EC%82%B0%EB%8F%99-%EC%99%B8%EB%B2%BD%EB%B3%B4%EC%88%98"
"일산동","외벽방수","https://sinbiroo.co.kr/?k=%EC%9D%BC%EC%82%B0%EB%8F%99-%EC%99%B8%EB%B2%BD%EB%B0%A9%EC%88%98"
"일산동","옥상방수","https://sinbiroo.co.kr/?k=%EC%9D%BC%EC%82%B0%EB%8F%99-%EC%98%A5%EC%83%81%EB%B0%A9%EC%88%98"
"일산동","건물방수","https://sinbiroo.co.kr/?k=%EC%9D%BC%EC%82%B0%EB%8F%99-%EA%B1%B4%EB%AC%BC%EB%B0%A9%EC%88%98"
"일산동","외벽도색","https://sinbiroo.co.kr/?k=%EC%9D%BC%EC%82%B0%EB%8F%99-%EC%99%B8%EB%B2%BD%EB%8F%84%EC%83%89"
"탄현동","창틀코킹","https://sinbiroo.co.kr/?k=%ED%83%84%ED%98%84%EB%8F%99-%EC%B0%BD%ED%8B%80%EC%BD%94%ED%82%B9"
"탄현동","창틀누수","https://sinbiroo.co.kr/?k=%ED%83%84%ED%98%84%EB%8F%99-%EC%B0%BD%ED%8B%80%EB%88%84%EC%88%98"
"탄현동","빗물누수","https://sinbiroo.co.kr/?k=%ED%83%84%ED%98%84%EB%8F%99-%EB%B9%97%EB%AC%BC%EB%88%84%EC%88%98"
"탄현동","창틀실리콘","https://sinbiroo.co.kr/?k=%ED%83%84%ED%98%84%EB%8F%99-%EC%B0%BD%ED%8B%80%EC%8B%A4%EB%A6%AC%EC%BD%98"
"탄현동","샷시실리콘","https://sinbiroo.co.kr/?k=%ED%83%84%ED%98%84%EB%8F%99-%EC%83%B7%EC%8B%9C%EC%8B%A4%EB%A6%AC%EC%BD%98"
"탄현동","외벽보수","https://sinbiroo.co.kr/?k=%ED%83%84%ED%98%84%EB%8F%99-%EC%99%B8%EB%B2%BD%EB%B3%B4%EC%88%98"
"탄현동","외벽방수","https://sinbiroo.co.kr/?k=%ED%83%84%ED%98%84%EB%8F%99-%EC%99%B8%EB%B2%BD%EB%B0%A9%EC%88%98"
"탄현동","옥상방수","https://sinbiroo.co.kr/?k=%ED%83%84%ED%98%84%EB%8F%99-%EC%98%A5%EC%83%81%EB%B0%A9%EC%88%98"
"탄현동","건물방수","https://sinbiroo.co.kr/?k=%ED%83%84%ED%98%84%EB%8F%99-%EA%B1%B4%EB%AC%BC%EB%B0%A9%EC%88%98"
"탄현동","외벽도색","https://sinbiroo.co.kr/?k=%ED%83%84%ED%98%84%EB%8F%99-%EC%99%B8%EB%B2%BD%EB%8F%84%EC%83%89"
"주엽동","창틀코킹","https://sinbiroo.co.kr/?k=%EC%A3%BC%EC%97%BD%EB%8F%99-%EC%B0%BD%ED%8B%80%EC%BD%94%ED%82%B9"
"주엽동","창틀누수","https://sinbiroo.co.kr/?k=%EC%A3%BC%EC%97%BD%EB%8F%99-%EC%B0%BD%ED%8B%80%EB%88%84%EC%88%98"
"주엽동","빗물누수","https://sinbiroo.co.kr/?k=%EC%A3%BC%EC%97%BD%EB%8F%99-%EB%B9%97%EB%AC%BC%EB%88%84%EC%88%98"
"주엽동","창틀실리콘","https://sinbiroo.co.kr/?k=%EC%A3%BC%EC%97%BD%EB%8F%99-%EC%B0%BD%ED%8B%80%EC%8B%A4%EB%A6%AC%EC%BD%98"
"주엽동","샷시실리콘","https://sinbiroo.co.kr/?k=%EC%A3%BC%EC%97%BD%EB%8F%99-%EC%83%B7%EC%8B%9C%EC%8B%A4%EB%A6%AC%EC%BD%98"
"주엽동","외벽보수","https://sinbiroo.co.kr/?k=%EC%A3%BC%EC%97%BD%EB%8F%99-%EC%99%B8%EB%B2%BD%EB%B3%B4%EC%88%98"
"주엽동","외벽방수","https://sinbiroo.co.kr/?k=%EC%A3%BC%EC%97%BD%EB%8F%99-%EC%99%B8%EB%B2%BD%EB%B0%A9%EC%88%98"
"주엽동","옥상방수","https://sinbiroo.co.kr/?k=%EC%A3%BC%EC%97%BD%EB%8F%99-%EC%98%A5%EC%83%81%EB%B0%A9%EC%88%98"
"주엽동","건물방수","https://sinbiroo.co.kr/?k=%EC%A3%BC%EC%97%BD%EB%8F%99-%EA%B1%B4%EB%AC%BC%EB%B0%A9%EC%88%98"
"주엽동","외벽도색","https://sinbiroo.co.kr/?k=%EC%A3%BC%EC%97%BD%EB%8F%99-%EC%99%B8%EB%B2%BD%EB%8F%84%EC%83%89"
"대화동","창틀코킹","https://sinbiroo.co.kr/?k=%EB%8C%80%ED%99%94%EB%8F%99-%EC%B0%BD%ED%8B%80%EC%BD%94%ED%82%B9"
"대화동","창틀누수","https://sinbiroo.co.kr/?k=%EB%8C%80%ED%99%94%EB%8F%99-%EC%B0%BD%ED%8B%80%EB%88%84%EC%88%98"
"대화동","빗물누수","https://sinbiroo.co.kr/?k=%EB%8C%80%ED%99%94%EB%8F%99-%EB%B9%97%EB%AC%BC%EB%88%84%EC%88%98"
"대화동","창틀실리콘","https://sinbiroo.co.kr/?k=%EB%8C%80%ED%99%94%EB%8F%99-%EC%B0%BD%ED%8B%80%EC%8B%A4%EB%A6%AC%EC%BD%98"
"대화동","샷시실리콘","https://sinbiroo.co.kr/?k=%EB%8C%80%ED%99%94%EB%8F%99-%EC%83%B7%EC%8B%9C%EC%8B%A4%EB%A6%AC%EC%BD%98"
"대화동","외벽보수","https://sinbiroo.co.kr/?k=%EB%8C%80%ED%99%94%EB%8F%99-%EC%99%B8%EB%B2%BD%EB%B3%B4%EC%88%98"
"대화동","외벽방수","https://sinbiroo.co.kr/?k=%EB%8C%80%ED%99%94%EB%8F%99-%EC%99%B8%EB%B2%BD%EB%B0%A9%EC%88%98"
"대화동","옥상방수","https://sinbiroo.co.kr/?k=%EB%8C%80%ED%99%94%EB%8F%99-%EC%98%A5%EC%83%81%EB%B0%A9%EC%88%98"
"대화동","건물방수","https://sinbiroo.co.kr/?k=%EB%8C%80%ED%99%94%EB%8F%99-%EA%B1%B4%EB%AC%BC%EB%B0%A9%EC%88%98"
"대화동","외벽도색","https://sinbiroo.co.kr/?k=%EB%8C%80%ED%99%94%EB%8F%99-%EC%99%B8%EB%B2%BD%EB%8F%84%EC%83%89"
"송포동","창틀코킹","https://sinbiroo.co.kr/?k=%EC%86%A1%ED%8F%AC%EB%8F%99-%EC%B0%BD%ED%8B%80%EC%BD%94%ED%82%B9"
"송포동","창틀누수","https://sinbiroo.co.kr/?k=%EC%86%A1%ED%8F%AC%EB%8F%99-%EC%B0%BD%ED%8B%80%EB%88%84%EC%88%98"
"송포동","빗물누수","https://sinbiroo.co.kr/?k=%EC%86%A1%ED%8F%AC%EB%8F%99-%EB%B9%97%EB%AC%BC%EB%88%84%EC%88%98"
"송포동","창틀실리콘","https://sinbiroo.co.kr/?k=%EC%86%A1%ED%8F%AC%EB%8F%99-%EC%B0%BD%ED%8B%80%EC%8B%A4%EB%A6%AC%EC%BD%98"
"송포동","샷시실리콘","https://sinbiroo.co.kr/?k=%EC%86%A1%ED%8F%AC%EB%8F%99-%EC%83%B7%EC%8B%9C%EC%8B%A4%EB%A6%AC%EC%BD%98"
"송포동","외벽보수","https://sinbiroo.co.kr/?k=%EC%86%A1%ED%8F%AC%EB%8F%99-%EC%99%B8%EB%B2%BD%EB%B3%B4%EC%88%98"
"송포동","외벽방수","https://sinbiroo.co.kr/?k=%EC%86%A1%ED%8F%AC%EB%8F%99-%EC%99%B8%EB%B2%BD%EB%B0%A9%EC%88%98"
"송포동","옥상방수","https://sinbiroo.co.kr/?k=%EC%86%A1%ED%8F%AC%EB%8F%99-%EC%98%A5%EC%83%81%EB%B0%A9%EC%88%98"
"송포동","건물방수","https://sinbiroo.co.kr/?k=%EC%86%A1%ED%8F%AC%EB%8F%99-%EA%B1%B4%EB%AC%BC%EB%B0%A9%EC%88%98"
"송포동","외벽도색","https://sinbiroo.co.kr/?k=%EC%86%A1%ED%8F%AC%EB%8F%99-%EC%99%B8%EB%B2%BD%EB%8F%84%EC%83%89"
"덕이동","창틀코킹","https://sinbiroo.co.kr/?k=%EB%8D%95%EC%9D%B4%EB%8F%99-%EC%B0%BD%ED%8B%80%EC%BD%94%ED%82%B9"
"덕이동","창틀누수","https://sinbiroo.co.kr/?k=%EB%8D%95%EC%9D%B4%EB%8F%99-%EC%B0%BD%ED%8B%80%EB%88%84%EC%88%98"
"덕이동","빗물누수","https://sinbiroo.co.kr/?k=%EB%8D%95%EC%9D%B4%EB%8F%99-%EB%B9%97%EB%AC%BC%EB%88%84%EC%88%98"
"덕이동","창틀실리콘","https://sinbiroo.co.kr/?k=%EB%8D%95%EC%9D%B4%EB%8F%99-%EC%B0%BD%ED%8B%80%EC%8B%A4%EB%A6%AC%EC%BD%98"
"덕이동","샷시실리콘","https://sinbiroo.co.kr/?k=%EB%8D%95%EC%9D%B4%EB%8F%99-%EC%83%B7%EC%8B%9C%EC%8B%A4%EB%A6%AC%EC%BD%98"
"덕이동","외벽보수","https://sinbiroo.co.kr/?k=%EB%8D%95%EC%9D%B4%EB%8F%99-%EC%99%B8%EB%B2%BD%EB%B3%B4%EC%88%98"
"덕이동","외벽방수","https://sinbiroo.co.kr/?k=%EB%8D%95%EC%9D%B4%EB%8F%99-%EC%99%B8%EB%B2%BD%EB%B0%A9%EC%88%98"
"덕이동","옥상방수","https://sinbiroo.co.kr/?k=%EB%8D%95%EC%9D%B4%EB%8F%99-%EC%98%A5%EC%83%81%EB%B0%A9%EC%88%98"
"덕이동","건물방수","https://sinbiroo.co.kr/?k=%EB%8D%95%EC%9D%B4%EB%8F%99-%EA%B1%B4%EB%AC%BC%EB%B0%A9%EC%88%98"
"덕이동","외벽도색","https://sinbiroo.co.kr/?k=%EB%8D%95%EC%9D%B4%EB%8F%99-%EC%99%B8%EB%B2%BD%EB%8F%84%EC%83%89"
"일산 가좌동","창틀코킹","https://sinbiroo.co.kr/?k=%EC%9D%BC%EC%82%B0-%EA%B0%80%EC%A2%8C%EB%8F%99-%EC%B0%BD%ED%8B%80%EC%BD%94%ED%82%B9"
"일산 가좌동","창틀누수","https://sinbiroo.co.kr/?k=%EC%9D%BC%EC%82%B0-%EA%B0%80%EC%A2%8C%EB%8F%99-%EC%B0%BD%ED%8B%80%EB%88%84%EC%88%98"
"일산 가좌동","빗물누수","https://sinbiroo.co.kr/?k=%EC%9D%BC%EC%82%B0-%EA%B0%80%EC%A2%8C%EB%8F%99-%EB%B9%97%EB%AC%BC%EB%88%84%EC%88%98"
"일산 가좌동","창틀실리콘","https://sinbiroo.co.kr/?k=%EC%9D%BC%EC%82%B0-%EA%B0%80%EC%A2%8C%EB%8F%99-%EC%B0%BD%ED%8B%80%EC%8B%A4%EB%A6%AC%EC%BD%98"
"일산 가좌동","샷시실리콘","https://sinbiroo.co.kr/?k=%EC%9D%BC%EC%82%B0-%EA%B0%80%EC%A2%8C%EB%8F%99-%EC%83%B7%EC%8B%9C%EC%8B%A4%EB%A6%AC%EC%BD%98"
"일산 가좌동","외벽보수","https://sinbiroo.co.kr/?k=%EC%9D%BC%EC%82%B0-%EA%B0%80%EC%A2%8C%EB%8F%99-%EC%99%B8%EB%B2%BD%EB%B3%B4%EC%88%98"
"일산 가좌동","외벽방수","https://sinbiroo.co.kr/?k=%EC%9D%BC%EC%82%B0-%EA%B0%80%EC%A2%8C%EB%8F%99-%EC%99%B8%EB%B2%BD%EB%B0%A9%EC%88%98"
"일산 가좌동","옥상방수","https://sinbiroo.co.kr/?k=%EC%9D%BC%EC%82%B0-%EA%B0%80%EC%A2%8C%EB%8F%99-%EC%98%A5%EC%83%81%EB%B0%A9%EC%88%98"
"일산 가좌동","건물방수","https://sinbiroo.co.kr/?k=%EC%9D%BC%EC%82%B0-%EA%B0%80%EC%A2%8C%EB%8F%99-%EA%B1%B4%EB%AC%BC%EB%B0%A9%EC%88%98"
"일산 가좌동","외벽도색","https://sinbiroo.co.kr/?k=%EC%9D%BC%EC%82%B0-%EA%B0%80%EC%A2%8C%EB%8F%99-%EC%99%B8%EB%B2%BD%EB%8F%84%EC%83%89"
"경기 광주","창틀코킹","https://sinbiroo.co.kr/?k=%EA%B2%BD%EA%B8%B0-%EA%B4%91%EC%A3%BC-%EC%B0%BD%ED%8B%80%EC%BD%94%ED%82%B9"
"경기 광주","창틀누수","https://sinbiroo.co.kr/?k=%EA%B2%BD%EA%B8%B0-%EA%B4%91%EC%A3%BC-%EC%B0%BD%ED%8B%80%EB%88%84%EC%88%98"
"경기 광주","빗물누수","https://sinbiroo.co.kr/?k=%EA%B2%BD%EA%B8%B0-%EA%B4%91%EC%A3%BC-%EB%B9%97%EB%AC%BC%EB%88%84%EC%88%98"
"경기 광주","창틀실리콘","https://sinbiroo.co.kr/?k=%EA%B2%BD%EA%B8%B0-%EA%B4%91%EC%A3%BC-%EC%B0%BD%ED%8B%80%EC%8B%A4%EB%A6%AC%EC%BD%98"
"경기 광주","샷시실리콘","https://sinbiroo.co.kr/?k=%EA%B2%BD%EA%B8%B0-%EA%B4%91%EC%A3%BC-%EC%83%B7%EC%8B%9C%EC%8B%A4%EB%A6%AC%EC%BD%98"
"경기 광주","외벽보수","https://sinbiroo.co.kr/?k=%EA%B2%BD%EA%B8%B0-%EA%B4%91%EC%A3%BC-%EC%99%B8%EB%B2%BD%EB%B3%B4%EC%88%98"
"경기 광주","외벽방수","https://sinbiroo.co.kr/?k=%EA%B2%BD%EA%B8%B0-%EA%B4%91%EC%A3%BC-%EC%99%B8%EB%B2%BD%EB%B0%A9%EC%88%98"
"경기 광주","옥상방수","https://sinbiroo.co.kr/?k=%EA%B2%BD%EA%B8%B0-%EA%B4%91%EC%A3%BC-%EC%98%A5%EC%83%81%EB%B0%A9%EC%88%98"
"경기 광주","건물방수","https://sinbiroo.co.kr/?k=%EA%B2%BD%EA%B8%B0-%EA%B4%91%EC%A3%BC-%EA%B1%B4%EB%AC%BC%EB%B0%A9%EC%88%98"
"경기 광주","외벽도색","https://sinbiroo.co.kr/?k=%EA%B2%BD%EA%B8%B0-%EA%B4%91%EC%A3%BC-%EC%99%B8%EB%B2%BD%EB%8F%84%EC%83%89"
"초월읍","창틀코킹","https://sinbiroo.co.kr/?k=%EC%B4%88%EC%9B%94%EC%9D%8D-%EC%B0%BD%ED%8B%80%EC%BD%94%ED%82%B9"
"초월읍","창틀누수","https://sinbiroo.co.kr/?k=%EC%B4%88%EC%9B%94%EC%9D%8D-%EC%B0%BD%ED%8B%80%EB%88%84%EC%88%98"
"초월읍","빗물누수","https://sinbiroo.co.kr/?k=%EC%B4%88%EC%9B%94%EC%9D%8D-%EB%B9%97%EB%AC%BC%EB%88%84%EC%88%98"
"초월읍","창틀실리콘","https://sinbiroo.co.kr/?k=%EC%B4%88%EC%9B%94%EC%9D%8D-%EC%B0%BD%ED%8B%80%EC%8B%A4%EB%A6%AC%EC%BD%98"
"초월읍","샷시실리콘","https://sinbiroo.co.kr/?k=%EC%B4%88%EC%9B%94%EC%9D%8D-%EC%83%B7%EC%8B%9C%EC%8B%A4%EB%A6%AC%EC%BD%98"
"초월읍","외벽보수","https://sinbiroo.co.kr/?k=%EC%B4%88%EC%9B%94%EC%9D%8D-%EC%99%B8%EB%B2%BD%EB%B3%B4%EC%88%98"
"초월읍","외벽방수","https://sinbiroo.co.kr/?k=%EC%B4%88%EC%9B%94%EC%9D%8D-%EC%99%B8%EB%B2%BD%EB%B0%A9%EC%88%98"
"초월읍","옥상방수","https://sinbiroo.co.kr/?k=%EC%B4%88%EC%9B%94%EC%9D%8D-%EC%98%A5%EC%83%81%EB%B0%A9%EC%88%98"
"초월읍","건물방수","https://sinbiroo.co.kr/?k=%EC%B4%88%EC%9B%94%EC%9D%8D-%EA%B1%B4%EB%AC%BC%EB%B0%A9%EC%88%98"
"초월읍","외벽도색","https://sinbiroo.co.kr/?k=%EC%B4%88%EC%9B%94%EC%9D%8D-%EC%99%B8%EB%B2%BD%EB%8F%84%EC%83%89"
"곤지암읍","창틀코킹","https://sinbiroo.co.kr/?k=%EA%B3%A4%EC%A7%80%EC%95%94%EC%9D%8D-%EC%B0%BD%ED%8B%80%EC%BD%94%ED%82%B9"
"곤지암읍","창틀누수","https://sinbiroo.co.kr/?k=%EA%B3%A4%EC%A7%80%EC%95%94%EC%9D%8D-%EC%B0%BD%ED%8B%80%EB%88%84%EC%88%98"
"곤지암읍","빗물누수","https://sinbiroo.co.kr/?k=%EA%B3%A4%EC%A7%80%EC%95%94%EC%9D%8D-%EB%B9%97%EB%AC%BC%EB%88%84%EC%88%98"
"곤지암읍","창틀실리콘","https://sinbiroo.co.kr/?k=%EA%B3%A4%EC%A7%80%EC%95%94%EC%9D%8D-%EC%B0%BD%ED%8B%80%EC%8B%A4%EB%A6%AC%EC%BD%98"
"곤지암읍","샷시실리콘","https://sinbiroo.co.kr/?k=%EA%B3%A4%EC%A7%80%EC%95%94%EC%9D%8D-%EC%83%B7%EC%8B%9C%EC%8B%A4%EB%A6%AC%EC%BD%98"
"곤지암읍","외벽보수","https://sinbiroo.co.kr/?k=%EA%B3%A4%EC%A7%80%EC%95%94%EC%9D%8D-%EC%99%B8%EB%B2%BD%EB%B3%B4%EC%88%98"
"곤지암읍","외벽방수","https://sinbiroo.co.kr/?k=%EA%B3%A4%EC%A7%80%EC%95%94%EC%9D%8D-%EC%99%B8%EB%B2%BD%EB%B0%A9%EC%88%98"
"곤지암읍","옥상방수","https://sinbiroo.co.kr/?k=%EA%B3%A4%EC%A7%80%EC%95%94%EC%9D%8D-%EC%98%A5%EC%83%81%EB%B0%A9%EC%88%98"
"곤지암읍","건물방수","https://sinbiroo.co.kr/?k=%EA%B3%A4%EC%A7%80%EC%95%94%EC%9D%8D-%EA%B1%B4%EB%AC%BC%EB%B0%A9%EC%88%98"
"곤지암읍","외벽도색","https://sinbiroo.co.kr/?k=%EA%B3%A4%EC%A7%80%EC%95%94%EC%9D%8D-%EC%99%B8%EB%B2%BD%EB%8F%84%EC%83%89"
"도척면","창틀코킹","https://sinbiroo.co.kr/?k=%EB%8F%84%EC%B2%99%EB%A9%B4-%EC%B0%BD%ED%8B%80%EC%BD%94%ED%82%B9"
"도척면","창틀누수","https://sinbiroo.co.kr/?k=%EB%8F%84%EC%B2%99%EB%A9%B4-%EC%B0%BD%ED%8B%80%EB%88%84%EC%88%98"
"도척면","빗물누수","https://sinbiroo.co.kr/?k=%EB%8F%84%EC%B2%99%EB%A9%B4-%EB%B9%97%EB%AC%BC%EB%88%84%EC%88%98"
"도척면","창틀실리콘","https://sinbiroo.co.kr/?k=%EB%8F%84%EC%B2%99%EB%A9%B4-%EC%B0%BD%ED%8B%80%EC%8B%A4%EB%A6%AC%EC%BD%98"
"도척면","샷시실리콘","https://sinbiroo.co.kr/?k=%EB%8F%84%EC%B2%99%EB%A9%B4-%EC%83%B7%EC%8B%9C%EC%8B%A4%EB%A6%AC%EC%BD%98"
"도척면","외벽보수","https://sinbiroo.co.kr/?k=%EB%8F%84%EC%B2%99%EB%A9%B4-%EC%99%B8%EB%B2%BD%EB%B3%B4%EC%88%98"
"도척면","외벽방수","https://sinbiroo.co.kr/?k=%EB%8F%84%EC%B2%99%EB%A9%B4-%EC%99%B8%EB%B2%BD%EB%B0%A9%EC%88%98"
"도척면","옥상방수","https://sinbiroo.co.kr/?k=%EB%8F%84%EC%B2%99%EB%A9%B4-%EC%98%A5%EC%83%81%EB%B0%A9%EC%88%98"
"도척면","건물방수","https://sinbiroo.co.kr/?k=%EB%8F%84%EC%B2%99%EB%A9%B4-%EA%B1%B4%EB%AC%BC%EB%B0%A9%EC%88%98"
"도척면","외벽도색","https://sinbiroo.co.kr/?k=%EB%8F%84%EC%B2%99%EB%A9%B4-%EC%99%B8%EB%B2%BD%EB%8F%84%EC%83%89"
"퇴촌면","창틀코킹","https://sinbiroo.co.kr/?k=%ED%87%B4%EC%B4%8C%EB%A9%B4-%EC%B0%BD%ED%8B%80%EC%BD%94%ED%82%B9"
"퇴촌면","창틀누수","https://sinbiroo.co.kr/?k=%ED%87%B4%EC%B4%8C%EB%A9%B4-%EC%B0%BD%ED%8B%80%EB%88%84%EC%88%98"
"퇴촌면","빗물누수","https://sinbiroo.co.kr/?k=%ED%87%B4%EC%B4%8C%EB%A9%B4-%EB%B9%97%EB%AC%BC%EB%88%84%EC%88%98"
"퇴촌면","창틀실리콘","https://sinbiroo.co.kr/?k=%ED%87%B4%EC%B4%8C%EB%A9%B4-%EC%B0%BD%ED%8B%80%EC%8B%A4%EB%A6%AC%EC%BD%98"
"퇴촌면","샷시실리콘","https://sinbiroo.co.kr/?k=%ED%87%B4%EC%B4%8C%EB%A9%B4-%EC%83%B7%EC%8B%9C%EC%8B%A4%EB%A6%AC%EC%BD%98"
"퇴촌면","외벽보수","https://sinbiroo.co.kr/?k=%ED%87%B4%EC%B4%8C%EB%A9%B4-%EC%99%B8%EB%B2%BD%EB%B3%B4%EC%88%98"
"퇴촌면","외벽방수","https://sinbiroo.co.kr/?k=%ED%87%B4%EC%B4%8C%EB%A9%B4-%EC%99%B8%EB%B2%BD%EB%B0%A9%EC%88%98"
"퇴촌면","옥상방수","https://sinbiroo.co.kr/?k=%ED%87%B4%EC%B4%8C%EB%A9%B4-%EC%98%A5%EC%83%81%EB%B0%A9%EC%88%98"
"퇴촌면","건물방수","https://sinbiroo.co.kr/?k=%ED%87%B4%EC%B4%8C%EB%A9%B4-%EA%B1%B4%EB%AC%BC%EB%B0%A9%EC%88%98"
"퇴촌면","외벽도색","https://sinbiroo.co.kr/?k=%ED%87%B4%EC%B4%8C%EB%A9%B4-%EC%99%B8%EB%B2%BD%EB%8F%84%EC%83%89"
"남종면","창틀코킹","https://sinbiroo.co.kr/?k=%EB%82%A8%EC%A2%85%EB%A9%B4-%EC%B0%BD%ED%8B%80%EC%BD%94%ED%82%B9"
"남종면","창틀누수","https://sinbiroo.co.kr/?k=%EB%82%A8%EC%A2%85%EB%A9%B4-%EC%B0%BD%ED%8B%80%EB%88%84%EC%88%98"
"남종면","빗물누수","https://sinbiroo.co.kr/?k=%EB%82%A8%EC%A2%85%EB%A9%B4-%EB%B9%97%EB%AC%BC%EB%88%84%EC%88%98"
"남종면","창틀실리콘","https://sinbiroo.co.kr/?k=%EB%82%A8%EC%A2%85%EB%A9%B4-%EC%B0%BD%ED%8B%80%EC%8B%A4%EB%A6%AC%EC%BD%98"
"남종면","샷시실리콘","https://sinbiroo.co.kr/?k=%EB%82%A8%EC%A2%85%EB%A9%B4-%EC%83%B7%EC%8B%9C%EC%8B%A4%EB%A6%AC%EC%BD%98"
"남종면","외벽보수","https://sinbiroo.co.kr/?k=%EB%82%A8%EC%A2%85%EB%A9%B4-%EC%99%B8%EB%B2%BD%EB%B3%B4%EC%88%98"
"남종면","외벽방수","https://sinbiroo.co.kr/?k=%EB%82%A8%EC%A2%85%EB%A9%B4-%EC%99%B8%EB%B2%BD%EB%B0%A9%EC%88%98"
"남종면","옥상방수","https://sinbiroo.co.kr/?k=%EB%82%A8%EC%A2%85%EB%A9%B4-%EC%98%A5%EC%83%81%EB%B0%A9%EC%88%98"
"남종면","건물방수","https://sinbiroo.co.kr/?k=%EB%82%A8%EC%A2%85%EB%A9%B4-%EA%B1%B4%EB%AC%BC%EB%B0%A9%EC%88%98"
"남종면","외벽도색","https://sinbiroo.co.kr/?k=%EB%82%A8%EC%A2%85%EB%A9%B4-%EC%99%B8%EB%B2%BD%EB%8F%84%EC%83%89"
"남한산성면","창틀코킹","https://sinbiroo.co.kr/?k=%EB%82%A8%ED%95%9C%EC%82%B0%EC%84%B1%EB%A9%B4-%EC%B0%BD%ED%8B%80%EC%BD%94%ED%82%B9"
"남한산성면","창틀누수","https://sinbiroo.co.kr/?k=%EB%82%A8%ED%95%9C%EC%82%B0%EC%84%B1%EB%A9%B4-%EC%B0%BD%ED%8B%80%EB%88%84%EC%88%98"
"남한산성면","빗물누수","https://sinbiroo.co.kr/?k=%EB%82%A8%ED%95%9C%EC%82%B0%EC%84%B1%EB%A9%B4-%EB%B9%97%EB%AC%BC%EB%88%84%EC%88%98"
"남한산성면","창틀실리콘","https://sinbiroo.co.kr/?k=%EB%82%A8%ED%95%9C%EC%82%B0%EC%84%B1%EB%A9%B4-%EC%B0%BD%ED%8B%80%EC%8B%A4%EB%A6%AC%EC%BD%98"
"남한산성면","샷시실리콘","https://sinbiroo.co.kr/?k=%EB%82%A8%ED%95%9C%EC%82%B0%EC%84%B1%EB%A9%B4-%EC%83%B7%EC%8B%9C%EC%8B%A4%EB%A6%AC%EC%BD%98"
"남한산성면","외벽보수","https://sinbiroo.co.kr/?k=%EB%82%A8%ED%95%9C%EC%82%B0%EC%84%B1%EB%A9%B4-%EC%99%B8%EB%B2%BD%EB%B3%B4%EC%88%98"
"남한산성면","외벽방수","https://sinbiroo.co.kr/?k=%EB%82%A8%ED%95%9C%EC%82%B0%EC%84%B1%EB%A9%B4-%EC%99%B8%EB%B2%BD%EB%B0%A9%EC%88%98"
"남한산성면","옥상방수","https://sinbiroo.co.kr/?k=%EB%82%A8%ED%95%9C%EC%82%B0%EC%84%B1%EB%A9%B4-%EC%98%A5%EC%83%81%EB%B0%A9%EC%88%98"
"남한산성면","건물방수","https://sinbiroo.co.kr/?k=%EB%82%A8%ED%95%9C%EC%82%B0%EC%84%B1%EB%A9%B4-%EA%B1%B4%EB%AC%BC%EB%B0%A9%EC%88%98"
"남한산성면","외벽도색","https://sinbiroo.co.kr/?k=%EB%82%A8%ED%95%9C%EC%82%B0%EC%84%B1%EB%A9%B4-%EC%99%B8%EB%B2%BD%EB%8F%84%EC%83%89"
"오포동","창틀코킹","https://sinbiroo.co.kr/?k=%EC%98%A4%ED%8F%AC%EB%8F%99-%EC%B0%BD%ED%8B%80%EC%BD%94%ED%82%B9"
"오포동","창틀누수","https://sinbiroo.co.kr/?k=%EC%98%A4%ED%8F%AC%EB%8F%99-%EC%B0%BD%ED%8B%80%EB%88%84%EC%88%98"
"오포동","빗물누수","https://sinbiroo.co.kr/?k=%EC%98%A4%ED%8F%AC%EB%8F%99-%EB%B9%97%EB%AC%BC%EB%88%84%EC%88%98"
"오포동","창틀실리콘","https://sinbiroo.co.kr/?k=%EC%98%A4%ED%8F%AC%EB%8F%99-%EC%B0%BD%ED%8B%80%EC%8B%A4%EB%A6%AC%EC%BD%98"
"오포동","샷시실리콘","https://sinbiroo.co.kr/?k=%EC%98%A4%ED%8F%AC%EB%8F%99-%EC%83%B7%EC%8B%9C%EC%8B%A4%EB%A6%AC%EC%BD%98"
"오포동","외벽보수","https://sinbiroo.co.kr/?k=%EC%98%A4%ED%8F%AC%EB%8F%99-%EC%99%B8%EB%B2%BD%EB%B3%B4%EC%88%98"
"오포동","외벽방수","https://sinbiroo.co.kr/?k=%EC%98%A4%ED%8F%AC%EB%8F%99-%EC%99%B8%EB%B2%BD%EB%B0%A9%EC%88%98"
"오포동","옥상방수","https://sinbiroo.co.kr/?k=%EC%98%A4%ED%8F%AC%EB%8F%99-%EC%98%A5%EC%83%81%EB%B0%A9%EC%88%98"
"오포동","건물방수","https://sinbiroo.co.kr/?k=%EC%98%A4%ED%8F%AC%EB%8F%99-%EA%B1%B4%EB%AC%BC%EB%B0%A9%EC%88%98"
"오포동","외벽도색","https://sinbiroo.co.kr/?k=%EC%98%A4%ED%8F%AC%EB%8F%99-%EC%99%B8%EB%B2%BD%EB%8F%84%EC%83%89"
"경기 광주 신현동","창틀코킹","https://sinbiroo.co.kr/?k=%EA%B2%BD%EA%B8%B0-%EA%B4%91%EC%A3%BC-%EC%8B%A0%ED%98%84%EB%8F%99-%EC%B0%BD%ED%8B%80%EC%BD%94%ED%82%B9"
"경기 광주 신현동","창틀누수","https://sinbiroo.co.kr/?k=%EA%B2%BD%EA%B8%B0-%EA%B4%91%EC%A3%BC-%EC%8B%A0%ED%98%84%EB%8F%99-%EC%B0%BD%ED%8B%80%EB%88%84%EC%88%98"
"경기 광주 신현동","빗물누수","https://sinbiroo.co.kr/?k=%EA%B2%BD%EA%B8%B0-%EA%B4%91%EC%A3%BC-%EC%8B%A0%ED%98%84%EB%8F%99-%EB%B9%97%EB%AC%BC%EB%88%84%EC%88%98"
"경기 광주 신현동","창틀실리콘","https://sinbiroo.co.kr/?k=%EA%B2%BD%EA%B8%B0-%EA%B4%91%EC%A3%BC-%EC%8B%A0%ED%98%84%EB%8F%99-%EC%B0%BD%ED%8B%80%EC%8B%A4%EB%A6%AC%EC%BD%98"
"경기 광주 신현동","샷시실리콘","https://sinbiroo.co.kr/?k=%EA%B2%BD%EA%B8%B0-%EA%B4%91%EC%A3%BC-%EC%8B%A0%ED%98%84%EB%8F%99-%EC%83%B7%EC%8B%9C%EC%8B%A4%EB%A6%AC%EC%BD%98"
"경기 광주 신현동","외벽보수","https://sinbiroo.co.kr/?k=%EA%B2%BD%EA%B8%B0-%EA%B4%91%EC%A3%BC-%EC%8B%A0%ED%98%84%EB%8F%99-%EC%99%B8%EB%B2%BD%EB%B3%B4%EC%88%98"
"경기 광주 신현동","외벽방수","https://sinbiroo.co.kr/?k=%EA%B2%BD%EA%B8%B0-%EA%B4%91%EC%A3%BC-%EC%8B%A0%ED%98%84%EB%8F%99-%EC%99%B8%EB%B2%BD%EB%B0%A9%EC%88%98"
"경기 광주 신현동","옥상방수","https://sinbiroo.co.kr/?k=%EA%B2%BD%EA%B8%B0-%EA%B4%91%EC%A3%BC-%EC%8B%A0%ED%98%84%EB%8F%99-%EC%98%A5%EC%83%81%EB%B0%A9%EC%88%98"
"경기 광주 신현동","건물방수","https://sinbiroo.co.kr/?k=%EA%B2%BD%EA%B8%B0-%EA%B4%91%EC%A3%BC-%EC%8B%A0%ED%98%84%EB%8F%99-%EA%B1%B4%EB%AC%BC%EB%B0%A9%EC%88%98"
"경기 광주 신현동","외벽도색","https://sinbiroo.co.kr/?k=%EA%B2%BD%EA%B8%B0-%EA%B4%91%EC%A3%BC-%EC%8B%A0%ED%98%84%EB%8F%99-%EC%99%B8%EB%B2%BD%EB%8F%84%EC%83%89"
"능평동","창틀코킹","https://sinbiroo.co.kr/?k=%EB%8A%A5%ED%8F%89%EB%8F%99-%EC%B0%BD%ED%8B%80%EC%BD%94%ED%82%B9"
"능평동","창틀누수","https://sinbiroo.co.kr/?k=%EB%8A%A5%ED%8F%89%EB%8F%99-%EC%B0%BD%ED%8B%80%EB%88%84%EC%88%98"
"능평동","빗물누수","https://sinbiroo.co.kr/?k=%EB%8A%A5%ED%8F%89%EB%8F%99-%EB%B9%97%EB%AC%BC%EB%88%84%EC%88%98"
"능평동","창틀실리콘","https://sinbiroo.co.kr/?k=%EB%8A%A5%ED%8F%89%EB%8F%99-%EC%B0%BD%ED%8B%80%EC%8B%A4%EB%A6%AC%EC%BD%98"
"능평동","샷시실리콘","https://sinbiroo.co.kr/?k=%EB%8A%A5%ED%8F%89%EB%8F%99-%EC%83%B7%EC%8B%9C%EC%8B%A4%EB%A6%AC%EC%BD%98"
"능평동","외벽보수","https://sinbiroo.co.kr/?k=%EB%8A%A5%ED%8F%89%EB%8F%99-%EC%99%B8%EB%B2%BD%EB%B3%B4%EC%88%98"
"능평동","외벽방수","https://sinbiroo.co.kr/?k=%EB%8A%A5%ED%8F%89%EB%8F%99-%EC%99%B8%EB%B2%BD%EB%B0%A9%EC%88%98"
"능평동","옥상방수","https://sinbiroo.co.kr/?k=%EB%8A%A5%ED%8F%89%EB%8F%99-%EC%98%A5%EC%83%81%EB%B0%A9%EC%88%98"
"능평동","건물방수","https://sinbiroo.co.kr/?k=%EB%8A%A5%ED%8F%89%EB%8F%99-%EA%B1%B4%EB%AC%BC%EB%B0%A9%EC%88%98"
"능평동","외벽도색","https://sinbiroo.co.kr/?k=%EB%8A%A5%ED%8F%89%EB%8F%99-%EC%99%B8%EB%B2%BD%EB%8F%84%EC%83%89"
"경안동","창틀코킹","https://sinbiroo.co.kr/?k=%EA%B2%BD%EC%95%88%EB%8F%99-%EC%B0%BD%ED%8B%80%EC%BD%94%ED%82%B9"
"경안동","창틀누수","https://sinbiroo.co.kr/?k=%EA%B2%BD%EC%95%88%EB%8F%99-%EC%B0%BD%ED%8B%80%EB%88%84%EC%88%98"
"경안동","빗물누수","https://sinbiroo.co.kr/?k=%EA%B2%BD%EC%95%88%EB%8F%99-%EB%B9%97%EB%AC%BC%EB%88%84%EC%88%98"
"경안동","창틀실리콘","https://sinbiroo.co.kr/?k=%EA%B2%BD%EC%95%88%EB%8F%99-%EC%B0%BD%ED%8B%80%EC%8B%A4%EB%A6%AC%EC%BD%98"
"경안동","샷시실리콘","https://sinbiroo.co.kr/?k=%EA%B2%BD%EC%95%88%EB%8F%99-%EC%83%B7%EC%8B%9C%EC%8B%A4%EB%A6%AC%EC%BD%98"
"경안동","외벽보수","https://sinbiroo.co.kr/?k=%EA%B2%BD%EC%95%88%EB%8F%99-%EC%99%B8%EB%B2%BD%EB%B3%B4%EC%88%98"
"경안동","외벽방수","https://sinbiroo.co.kr/?k=%EA%B2%BD%EC%95%88%EB%8F%99-%EC%99%B8%EB%B2%BD%EB%B0%A9%EC%88%98"
"경안동","옥상방수","https://sinbiroo.co.kr/?k=%EA%B2%BD%EC%95%88%EB%8F%99-%EC%98%A5%EC%83%81%EB%B0%A9%EC%88%98"
"경안동","건물방수","https://sinbiroo.co.kr/?k=%EA%B2%BD%EC%95%88%EB%8F%99-%EA%B1%B4%EB%AC%BC%EB%B0%A9%EC%88%98"
"경안동","외벽도색","https://sinbiroo.co.kr/?k=%EA%B2%BD%EC%95%88%EB%8F%99-%EC%99%B8%EB%B2%BD%EB%8F%84%EC%83%89"
"쌍령동","창틀코킹","https://sinbiroo.co.kr/?k=%EC%8C%8D%EB%A0%B9%EB%8F%99-%EC%B0%BD%ED%8B%80%EC%BD%94%ED%82%B9"
"쌍령동","창틀누수","https://sinbiroo.co.kr/?k=%EC%8C%8D%EB%A0%B9%EB%8F%99-%EC%B0%BD%ED%8B%80%EB%88%84%EC%88%98"
"쌍령동","빗물누수","https://sinbiroo.co.kr/?k=%EC%8C%8D%EB%A0%B9%EB%8F%99-%EB%B9%97%EB%AC%BC%EB%88%84%EC%88%98"
"쌍령동","창틀실리콘","https://sinbiroo.co.kr/?k=%EC%8C%8D%EB%A0%B9%EB%8F%99-%EC%B0%BD%ED%8B%80%EC%8B%A4%EB%A6%AC%EC%BD%98"
"쌍령동","샷시실리콘","https://sinbiroo.co.kr/?k=%EC%8C%8D%EB%A0%B9%EB%8F%99-%EC%83%B7%EC%8B%9C%EC%8B%A4%EB%A6%AC%EC%BD%98"
"쌍령동","외벽보수","https://sinbiroo.co.kr/?k=%EC%8C%8D%EB%A0%B9%EB%8F%99-%EC%99%B8%EB%B2%BD%EB%B3%B4%EC%88%98"
"쌍령동","외벽방수","https://sinbiroo.co.kr/?k=%EC%8C%8D%EB%A0%B9%EB%8F%99-%EC%99%B8%EB%B2%BD%EB%B0%A9%EC%88%98"
"쌍령동","옥상방수","https://sinbiroo.co.kr/?k=%EC%8C%8D%EB%A0%B9%EB%8F%99-%EC%98%A5%EC%83%81%EB%B0%A9%EC%88%98"
"쌍령동","건물방수","https://sinbiroo.co.kr/?k=%EC%8C%8D%EB%A0%B9%EB%8F%99-%EA%B1%B4%EB%AC%BC%EB%B0%A9%EC%88%98"
"쌍령동","외벽도색","https://sinbiroo.co.kr/?k=%EC%8C%8D%EB%A0%B9%EB%8F%99-%EC%99%B8%EB%B2%BD%EB%8F%84%EC%83%89"
"경기 광주 송정동","창틀코킹","https://sinbiroo.co.kr/?k=%EA%B2%BD%EA%B8%B0-%EA%B4%91%EC%A3%BC-%EC%86%A1%EC%A0%95%EB%8F%99-%EC%B0%BD%ED%8B%80%EC%BD%94%ED%82%B9"
"경기 광주 송정동","창틀누수","https://sinbiroo.co.kr/?k=%EA%B2%BD%EA%B8%B0-%EA%B4%91%EC%A3%BC-%EC%86%A1%EC%A0%95%EB%8F%99-%EC%B0%BD%ED%8B%80%EB%88%84%EC%88%98"
"경기 광주 송정동","빗물누수","https://sinbiroo.co.kr/?k=%EA%B2%BD%EA%B8%B0-%EA%B4%91%EC%A3%BC-%EC%86%A1%EC%A0%95%EB%8F%99-%EB%B9%97%EB%AC%BC%EB%88%84%EC%88%98"
"경기 광주 송정동","창틀실리콘","https://sinbiroo.co.kr/?k=%EA%B2%BD%EA%B8%B0-%EA%B4%91%EC%A3%BC-%EC%86%A1%EC%A0%95%EB%8F%99-%EC%B0%BD%ED%8B%80%EC%8B%A4%EB%A6%AC%EC%BD%98"
"경기 광주 송정동","샷시실리콘","https://sinbiroo.co.kr/?k=%EA%B2%BD%EA%B8%B0-%EA%B4%91%EC%A3%BC-%EC%86%A1%EC%A0%95%EB%8F%99-%EC%83%B7%EC%8B%9C%EC%8B%A4%EB%A6%AC%EC%BD%98"
"경기 광주 송정동","외벽보수","https://sinbiroo.co.kr/?k=%EA%B2%BD%EA%B8%B0-%EA%B4%91%EC%A3%BC-%EC%86%A1%EC%A0%95%EB%8F%99-%EC%99%B8%EB%B2%BD%EB%B3%B4%EC%88%98"
"경기 광주 송정동","외벽방수","https://sinbiroo.co.kr/?k=%EA%B2%BD%EA%B8%B0-%EA%B4%91%EC%A3%BC-%EC%86%A1%EC%A0%95%EB%8F%99-%EC%99%B8%EB%B2%BD%EB%B0%A9%EC%88%98"
"경기 광주 송정동","옥상방수","https://sinbiroo.co.kr/?k=%EA%B2%BD%EA%B8%B0-%EA%B4%91%EC%A3%BC-%EC%86%A1%EC%A0%95%EB%8F%99-%EC%98%A5%EC%83%81%EB%B0%A9%EC%88%98"
"경기 광주 송정동","건물방수","https://sinbiroo.co.kr/?k=%EA%B2%BD%EA%B8%B0-%EA%B4%91%EC%A3%BC-%EC%86%A1%EC%A0%95%EB%8F%99-%EA%B1%B4%EB%AC%BC%EB%B0%A9%EC%88%98"
"경기 광주 송정동","외벽도색","https://sinbiroo.co.kr/?k=%EA%B2%BD%EA%B8%B0-%EA%B4%91%EC%A3%BC-%EC%86%A1%EC%A0%95%EB%8F%99-%EC%99%B8%EB%B2%BD%EB%8F%84%EC%83%89"
"탄벌동","창틀코킹","https://sinbiroo.co.kr/?k=%ED%83%84%EB%B2%8C%EB%8F%99-%EC%B0%BD%ED%8B%80%EC%BD%94%ED%82%B9"
"탄벌동","창틀누수","https://sinbiroo.co.kr/?k=%ED%83%84%EB%B2%8C%EB%8F%99-%EC%B0%BD%ED%8B%80%EB%88%84%EC%88%98"
"탄벌동","빗물누수","https://sinbiroo.co.kr/?k=%ED%83%84%EB%B2%8C%EB%8F%99-%EB%B9%97%EB%AC%BC%EB%88%84%EC%88%98"
"탄벌동","창틀실리콘","https://sinbiroo.co.kr/?k=%ED%83%84%EB%B2%8C%EB%8F%99-%EC%B0%BD%ED%8B%80%EC%8B%A4%EB%A6%AC%EC%BD%98"
"탄벌동","샷시실리콘","https://sinbiroo.co.kr/?k=%ED%83%84%EB%B2%8C%EB%8F%99-%EC%83%B7%EC%8B%9C%EC%8B%A4%EB%A6%AC%EC%BD%98"
"탄벌동","외벽보수","https://sinbiroo.co.kr/?k=%ED%83%84%EB%B2%8C%EB%8F%99-%EC%99%B8%EB%B2%BD%EB%B3%B4%EC%88%98"
"탄벌동","외벽방수","https://sinbiroo.co.kr/?k=%ED%83%84%EB%B2%8C%EB%8F%99-%EC%99%B8%EB%B2%BD%EB%B0%A9%EC%88%98"
"탄벌동","옥상방수","https://sinbiroo.co.kr/?k=%ED%83%84%EB%B2%8C%EB%8F%99-%EC%98%A5%EC%83%81%EB%B0%A9%EC%88%98"
"탄벌동","건물방수","https://sinbiroo.co.kr/?k=%ED%83%84%EB%B2%8C%EB%8F%99-%EA%B1%B4%EB%AC%BC%EB%B0%A9%EC%88%98"
"탄벌동","외벽도색","https://sinbiroo.co.kr/?k=%ED%83%84%EB%B2%8C%EB%8F%99-%EC%99%B8%EB%B2%BD%EB%8F%84%EC%83%89"
"광남동","창틀코킹","https://sinbiroo.co.kr/?k=%EA%B4%91%EB%82%A8%EB%8F%99-%EC%B0%BD%ED%8B%80%EC%BD%94%ED%82%B9"
"광남동","창틀누수","https://sinbiroo.co.kr/?k=%EA%B4%91%EB%82%A8%EB%8F%99-%EC%B0%BD%ED%8B%80%EB%88%84%EC%88%98"
"광남동","빗물누수","https://sinbiroo.co.kr/?k=%EA%B4%91%EB%82%A8%EB%8F%99-%EB%B9%97%EB%AC%BC%EB%88%84%EC%88%98"
"광남동","창틀실리콘","https://sinbiroo.co.kr/?k=%EA%B4%91%EB%82%A8%EB%8F%99-%EC%B0%BD%ED%8B%80%EC%8B%A4%EB%A6%AC%EC%BD%98"
"광남동","샷시실리콘","https://sinbiroo.co.kr/?k=%EA%B4%91%EB%82%A8%EB%8F%99-%EC%83%B7%EC%8B%9C%EC%8B%A4%EB%A6%AC%EC%BD%98"
"광남동","외벽보수","https://sinbiroo.co.kr/?k=%EA%B4%91%EB%82%A8%EB%8F%99-%EC%99%B8%EB%B2%BD%EB%B3%B4%EC%88%98"
"광남동","외벽방수","https://sinbiroo.co.kr/?k=%EA%B4%91%EB%82%A8%EB%8F%99-%EC%99%B8%EB%B2%BD%EB%B0%A9%EC%88%98"
"광남동","옥상방수","https://sinbiroo.co.kr/?k=%EA%B4%91%EB%82%A8%EB%8F%99-%EC%98%A5%EC%83%81%EB%B0%A9%EC%88%98"
"광남동","건물방수","https://sinbiroo.co.kr/?k=%EA%B4%91%EB%82%A8%EB%8F%99-%EA%B1%B4%EB%AC%BC%EB%B0%A9%EC%88%98"
"광남동","외벽도색","https://sinbiroo.co.kr/?k=%EA%B4%91%EB%82%A8%EB%8F%99-%EC%99%B8%EB%B2%BD%EB%8F%84%EC%83%89"
"태전동","창틀코킹","https://sinbiroo.co.kr/?k=%ED%83%9C%EC%A0%84%EB%8F%99-%EC%B0%BD%ED%8B%80%EC%BD%94%ED%82%B9"
"태전동","창틀누수","https://sinbiroo.co.kr/?k=%ED%83%9C%EC%A0%84%EB%8F%99-%EC%B0%BD%ED%8B%80%EB%88%84%EC%88%98"
"태전동","빗물누수","https://sinbiroo.co.kr/?k=%ED%83%9C%EC%A0%84%EB%8F%99-%EB%B9%97%EB%AC%BC%EB%88%84%EC%88%98"
"태전동","창틀실리콘","https://sinbiroo.co.kr/?k=%ED%83%9C%EC%A0%84%EB%8F%99-%EC%B0%BD%ED%8B%80%EC%8B%A4%EB%A6%AC%EC%BD%98"
"태전동","샷시실리콘","https://sinbiroo.co.kr/?k=%ED%83%9C%EC%A0%84%EB%8F%99-%EC%83%B7%EC%8B%9C%EC%8B%A4%EB%A6%AC%EC%BD%98"
"태전동","외벽보수","https://sinbiroo.co.kr/?k=%ED%83%9C%EC%A0%84%EB%8F%99-%EC%99%B8%EB%B2%BD%EB%B3%B4%EC%88%98"
"태전동","외벽방수","https://sinbiroo.co.kr/?k=%ED%83%9C%EC%A0%84%EB%8F%99-%EC%99%B8%EB%B2%BD%EB%B0%A9%EC%88%98"
"태전동","옥상방수","https://sinbiroo.co.kr/?k=%ED%83%9C%EC%A0%84%EB%8F%99-%EC%98%A5%EC%83%81%EB%B0%A9%EC%88%98"
"태전동","건물방수","https://sinbiroo.co.kr/?k=%ED%83%9C%EC%A0%84%EB%8F%99-%EA%B1%B4%EB%AC%BC%EB%B0%A9%EC%88%98"
"태전동","외벽도색","https://sinbiroo.co.kr/?k=%ED%83%9C%EC%A0%84%EB%8F%99-%EC%99%B8%EB%B2%BD%EB%8F%84%EC%83%89"
"고산동","창틀코킹","https://sinbiroo.co.kr/?k=%EA%B3%A0%EC%82%B0%EB%8F%99-%EC%B0%BD%ED%8B%80%EC%BD%94%ED%82%B9"
"고산동","창틀누수","https://sinbiroo.co.kr/?k=%EA%B3%A0%EC%82%B0%EB%8F%99-%EC%B0%BD%ED%8B%80%EB%88%84%EC%88%98"
"고산동","빗물누수","https://sinbiroo.co.kr/?k=%EA%B3%A0%EC%82%B0%EB%8F%99-%EB%B9%97%EB%AC%BC%EB%88%84%EC%88%98"
"고산동","창틀실리콘","https://sinbiroo.co.kr/?k=%EA%B3%A0%EC%82%B0%EB%8F%99-%EC%B0%BD%ED%8B%80%EC%8B%A4%EB%A6%AC%EC%BD%98"
"고산동","샷시실리콘","https://sinbiroo.co.kr/?k=%EA%B3%A0%EC%82%B0%EB%8F%99-%EC%83%B7%EC%8B%9C%EC%8B%A4%EB%A6%AC%EC%BD%98"
"고산동","외벽보수","https://sinbiroo.co.kr/?k=%EA%B3%A0%EC%82%B0%EB%8F%99-%EC%99%B8%EB%B2%BD%EB%B3%B4%EC%88%98"
"고산동","외벽방수","https://sinbiroo.co.kr/?k=%EA%B3%A0%EC%82%B0%EB%8F%99-%EC%99%B8%EB%B2%BD%EB%B0%A9%EC%88%98"
"고산동","옥상방수","https://sinbiroo.co.kr/?k=%EA%B3%A0%EC%82%B0%EB%8F%99-%EC%98%A5%EC%83%81%EB%B0%A9%EC%88%98"
"고산동","건물방수","https://sinbiroo.co.kr/?k=%EA%B3%A0%EC%82%B0%EB%8F%99-%EA%B1%B4%EB%AC%BC%EB%B0%A9%EC%88%98"
"고산동","외벽도색","https://sinbiroo.co.kr/?k=%EA%B3%A0%EC%82%B0%EB%8F%99-%EC%99%B8%EB%B2%BD%EB%8F%84%EC%83%89"
"문형동","창틀코킹","https://sinbiroo.co.kr/?k=%EB%AC%B8%ED%98%95%EB%8F%99-%EC%B0%BD%ED%8B%80%EC%BD%94%ED%82%B9"
"문형동","창틀누수","https://sinbiroo.co.kr/?k=%EB%AC%B8%ED%98%95%EB%8F%99-%EC%B0%BD%ED%8B%80%EB%88%84%EC%88%98"
"문형동","빗물누수","https://sinbiroo.co.kr/?k=%EB%AC%B8%ED%98%95%EB%8F%99-%EB%B9%97%EB%AC%BC%EB%88%84%EC%88%98"
"문형동","창틀실리콘","https://sinbiroo.co.kr/?k=%EB%AC%B8%ED%98%95%EB%8F%99-%EC%B0%BD%ED%8B%80%EC%8B%A4%EB%A6%AC%EC%BD%98"
"문형동","샷시실리콘","https://sinbiroo.co.kr/?k=%EB%AC%B8%ED%98%95%EB%8F%99-%EC%83%B7%EC%8B%9C%EC%8B%A4%EB%A6%AC%EC%BD%98"
"문형동","외벽보수","https://sinbiroo.co.kr/?k=%EB%AC%B8%ED%98%95%EB%8F%99-%EC%99%B8%EB%B2%BD%EB%B3%B4%EC%88%98"
"문형동","외벽방수","https://sinbiroo.co.kr/?k=%EB%AC%B8%ED%98%95%EB%8F%99-%EC%99%B8%EB%B2%BD%EB%B0%A9%EC%88%98"
"문형동","옥상방수","https://sinbiroo.co.kr/?k=%EB%AC%B8%ED%98%95%EB%8F%99-%EC%98%A5%EC%83%81%EB%B0%A9%EC%88%98"
"문형동","건물방수","https://sinbiroo.co.kr/?k=%EB%AC%B8%ED%98%95%EB%8F%99-%EA%B1%B4%EB%AC%BC%EB%B0%A9%EC%88%98"
"문형동","외벽도색","https://sinbiroo.co.kr/?k=%EB%AC%B8%ED%98%95%EB%8F%99-%EC%99%B8%EB%B2%BD%EB%8F%84%EC%83%89"
"추자동","창틀코킹","https://sinbiroo.co.kr/?k=%EC%B6%94%EC%9E%90%EB%8F%99-%EC%B0%BD%ED%8B%80%EC%BD%94%ED%82%B9"
"추자동","창틀누수","https://sinbiroo.co.kr/?k=%EC%B6%94%EC%9E%90%EB%8F%99-%EC%B0%BD%ED%8B%80%EB%88%84%EC%88%98"
"추자동","빗물누수","https://sinbiroo.co.kr/?k=%EC%B6%94%EC%9E%90%EB%8F%99-%EB%B9%97%EB%AC%BC%EB%88%84%EC%88%98"
"추자동","창틀실리콘","https://sinbiroo.co.kr/?k=%EC%B6%94%EC%9E%90%EB%8F%99-%EC%B0%BD%ED%8B%80%EC%8B%A4%EB%A6%AC%EC%BD%98"
"추자동","샷시실리콘","https://sinbiroo.co.kr/?k=%EC%B6%94%EC%9E%90%EB%8F%99-%EC%83%B7%EC%8B%9C%EC%8B%A4%EB%A6%AC%EC%BD%98"
"추자동","외벽보수","https://sinbiroo.co.kr/?k=%EC%B6%94%EC%9E%90%EB%8F%99-%EC%99%B8%EB%B2%BD%EB%B3%B4%EC%88%98"
"추자동","외벽방수","https://sinbiroo.co.kr/?k=%EC%B6%94%EC%9E%90%EB%8F%99-%EC%99%B8%EB%B2%BD%EB%B0%A9%EC%88%98"
"추자동","옥상방수","https://sinbiroo.co.kr/?k=%EC%B6%94%EC%9E%90%EB%8F%99-%EC%98%A5%EC%83%81%EB%B0%A9%EC%88%98"
"추자동","건물방수","https://sinbiroo.co.kr/?k=%EC%B6%94%EC%9E%90%EB%8F%99-%EA%B1%B4%EB%AC%BC%EB%B0%A9%EC%88%98"
"추자동","외벽도색","https://sinbiroo.co.kr/?k=%EC%B6%94%EC%9E%90%EB%8F%99-%EC%99%B8%EB%B2%BD%EB%8F%84%EC%83%89"
"양벌동","창틀코킹","https://sinbiroo.co.kr/?k=%EC%96%91%EB%B2%8C%EB%8F%99-%EC%B0%BD%ED%8B%80%EC%BD%94%ED%82%B9"
"양벌동","창틀누수","https://sinbiroo.co.kr/?k=%EC%96%91%EB%B2%8C%EB%8F%99-%EC%B0%BD%ED%8B%80%EB%88%84%EC%88%98"
"양벌동","빗물누수","https://sinbiroo.co.kr/?k=%EC%96%91%EB%B2%8C%EB%8F%99-%EB%B9%97%EB%AC%BC%EB%88%84%EC%88%98"
"양벌동","창틀실리콘","https://sinbiroo.co.kr/?k=%EC%96%91%EB%B2%8C%EB%8F%99-%EC%B0%BD%ED%8B%80%EC%8B%A4%EB%A6%AC%EC%BD%98"
"양벌동","샷시실리콘","https://sinbiroo.co.kr/?k=%EC%96%91%EB%B2%8C%EB%8F%99-%EC%83%B7%EC%8B%9C%EC%8B%A4%EB%A6%AC%EC%BD%98"
"양벌동","외벽보수","https://sinbiroo.co.kr/?k=%EC%96%91%EB%B2%8C%EB%8F%99-%EC%99%B8%EB%B2%BD%EB%B3%B4%EC%88%98"
"양벌동","외벽방수","https://sinbiroo.co.kr/?k=%EC%96%91%EB%B2%8C%EB%8F%99-%EC%99%B8%EB%B2%BD%EB%B0%A9%EC%88%98"
"양벌동","옥상방수","https://sinbiroo.co.kr/?k=%EC%96%91%EB%B2%8C%EB%8F%99-%EC%98%A5%EC%83%81%EB%B0%A9%EC%88%98"
"양벌동","건물방수","https://sinbiroo.co.kr/?k=%EC%96%91%EB%B2%8C%EB%8F%99-%EA%B1%B4%EB%AC%BC%EB%B0%A9%EC%88%98"
"양벌동","외벽도색","https://sinbiroo.co.kr/?k=%EC%96%91%EB%B2%8C%EB%8F%99-%EC%99%B8%EB%B2%BD%EB%8F%84%EC%83%89"
"역동","창틀코킹","https://sinbiroo.co.kr/?k=%EC%97%AD%EB%8F%99-%EC%B0%BD%ED%8B%80%EC%BD%94%ED%82%B9"
"역동","창틀누수","https://sinbiroo.co.kr/?k=%EC%97%AD%EB%8F%99-%EC%B0%BD%ED%8B%80%EB%88%84%EC%88%98"
"역동","빗물누수","https://sinbiroo.co.kr/?k=%EC%97%AD%EB%8F%99-%EB%B9%97%EB%AC%BC%EB%88%84%EC%88%98"
"역동","창틀실리콘","https://sinbiroo.co.kr/?k=%EC%97%AD%EB%8F%99-%EC%B0%BD%ED%8B%80%EC%8B%A4%EB%A6%AC%EC%BD%98"
"역동","샷시실리콘","https://sinbiroo.co.kr/?k=%EC%97%AD%EB%8F%99-%EC%83%B7%EC%8B%9C%EC%8B%A4%EB%A6%AC%EC%BD%98"
"역동","외벽보수","https://sinbiroo.co.kr/?k=%EC%97%AD%EB%8F%99-%EC%99%B8%EB%B2%BD%EB%B3%B4%EC%88%98"
"역동","외벽방수","https://sinbiroo.co.kr/?k=%EC%97%AD%EB%8F%99-%EC%99%B8%EB%B2%BD%EB%B0%A9%EC%88%98"
"역동","옥상방수","https://sinbiroo.co.kr/?k=%EC%97%AD%EB%8F%99-%EC%98%A5%EC%83%81%EB%B0%A9%EC%88%98"
"역동","건물방수","https://sinbiroo.co.kr/?k=%EC%97%AD%EB%8F%99-%EA%B1%B4%EB%AC%BC%EB%B0%A9%EC%88%98"
"역동","외벽도색","https://sinbiroo.co.kr/?k=%EC%97%AD%EB%8F%99-%EC%99%B8%EB%B2%BD%EB%8F%84%EC%83%89"
"회덕동","창틀코킹","https://sinbiroo.co.kr/?k=%ED%9A%8C%EB%8D%95%EB%8F%99-%EC%B0%BD%ED%8B%80%EC%BD%94%ED%82%B9"
"회덕동","창틀누수","https://sinbiroo.co.kr/?k=%ED%9A%8C%EB%8D%95%EB%8F%99-%EC%B0%BD%ED%8B%80%EB%88%84%EC%88%98"
"회덕동","빗물누수","https://sinbiroo.co.kr/?k=%ED%9A%8C%EB%8D%95%EB%8F%99-%EB%B9%97%EB%AC%BC%EB%88%84%EC%88%98"
"회덕동","창틀실리콘","https://sinbiroo.co.kr/?k=%ED%9A%8C%EB%8D%95%EB%8F%99-%EC%B0%BD%ED%8B%80%EC%8B%A4%EB%A6%AC%EC%BD%98"
"회덕동","샷시실리콘","https://sinbiroo.co.kr/?k=%ED%9A%8C%EB%8D%95%EB%8F%99-%EC%83%B7%EC%8B%9C%EC%8B%A4%EB%A6%AC%EC%BD%98"
"회덕동","외벽보수","https://sinbiroo.co.kr/?k=%ED%9A%8C%EB%8D%95%EB%8F%99-%EC%99%B8%EB%B2%BD%EB%B3%B4%EC%88%98"
"회덕동","외벽방수","https://sinbiroo.co.kr/?k=%ED%9A%8C%EB%8D%95%EB%8F%99-%EC%99%B8%EB%B2%BD%EB%B0%A9%EC%88%98"
"회덕동","옥상방수","https://sinbiroo.co.kr/?k=%ED%9A%8C%EB%8D%95%EB%8F%99-%EC%98%A5%EC%83%81%EB%B0%A9%EC%88%98"
"회덕동","건물방수","https://sinbiroo.co.kr/?k=%ED%9A%8C%EB%8D%95%EB%8F%99-%EA%B1%B4%EB%AC%BC%EB%B0%A9%EC%88%98"
"회덕동","외벽도색","https://sinbiroo.co.kr/?k=%ED%9A%8C%EB%8D%95%EB%8F%99-%EC%99%B8%EB%B2%BD%EB%8F%84%EC%83%89"
"목현동","창틀코킹","https://sinbiroo.co.kr/?k=%EB%AA%A9%ED%98%84%EB%8F%99-%EC%B0%BD%ED%8B%80%EC%BD%94%ED%82%B9"
"목현동","창틀누수","https://sinbiroo.co.kr/?k=%EB%AA%A9%ED%98%84%EB%8F%99-%EC%B0%BD%ED%8B%80%EB%88%84%EC%88%98"
"목현동","빗물누수","https://sinbiroo.co.kr/?k=%EB%AA%A9%ED%98%84%EB%8F%99-%EB%B9%97%EB%AC%BC%EB%88%84%EC%88%98"
"목현동","창틀실리콘","https://sinbiroo.co.kr/?k=%EB%AA%A9%ED%98%84%EB%8F%99-%EC%B0%BD%ED%8B%80%EC%8B%A4%EB%A6%AC%EC%BD%98"
"목현동","샷시실리콘","https://sinbiroo.co.kr/?k=%EB%AA%A9%ED%98%84%EB%8F%99-%EC%83%B7%EC%8B%9C%EC%8B%A4%EB%A6%AC%EC%BD%98"
"목현동","외벽보수","https://sinbiroo.co.kr/?k=%EB%AA%A9%ED%98%84%EB%8F%99-%EC%99%B8%EB%B2%BD%EB%B3%B4%EC%88%98"
"목현동","외벽방수","https://sinbiroo.co.kr/?k=%EB%AA%A9%ED%98%84%EB%8F%99-%EC%99%B8%EB%B2%BD%EB%B0%A9%EC%88%98"
"목현동","옥상방수","https://sinbiroo.co.kr/?k=%EB%AA%A9%ED%98%84%EB%8F%99-%EC%98%A5%EC%83%81%EB%B0%A9%EC%88%98"
"목현동","건물방수","https://sinbiroo.co.kr/?k=%EB%AA%A9%ED%98%84%EB%8F%99-%EA%B1%B4%EB%AC%BC%EB%B0%A9%EC%88%98"
"목현동","외벽도색","https://sinbiroo.co.kr/?k=%EB%AA%A9%ED%98%84%EB%8F%99-%EC%99%B8%EB%B2%BD%EB%8F%84%EC%83%89"
"삼동","창틀코킹","https://sinbiroo.co.kr/?k=%EC%82%BC%EB%8F%99-%EC%B0%BD%ED%8B%80%EC%BD%94%ED%82%B9"
"삼동","창틀누수","https://sinbiroo.co.kr/?k=%EC%82%BC%EB%8F%99-%EC%B0%BD%ED%8B%80%EB%88%84%EC%88%98"
"삼동","빗물누수","https://sinbiroo.co.kr/?k=%EC%82%BC%EB%8F%99-%EB%B9%97%EB%AC%BC%EB%88%84%EC%88%98"
"삼동","창틀실리콘","https://sinbiroo.co.kr/?k=%EC%82%BC%EB%8F%99-%EC%B0%BD%ED%8B%80%EC%8B%A4%EB%A6%AC%EC%BD%98"
"삼동","샷시실리콘","https://sinbiroo.co.kr/?k=%EC%82%BC%EB%8F%99-%EC%83%B7%EC%8B%9C%EC%8B%A4%EB%A6%AC%EC%BD%98"
"삼동","외벽보수","https://sinbiroo.co.kr/?k=%EC%82%BC%EB%8F%99-%EC%99%B8%EB%B2%BD%EB%B3%B4%EC%88%98"
"삼동","외벽방수","https://sinbiroo.co.kr/?k=%EC%82%BC%EB%8F%99-%EC%99%B8%EB%B2%BD%EB%B0%A9%EC%88%98"
"삼동","옥상방수","https://sinbiroo.co.kr/?k=%EC%82%BC%EB%8F%99-%EC%98%A5%EC%83%81%EB%B0%A9%EC%88%98"
"삼동","건물방수","https://sinbiroo.co.kr/?k=%EC%82%BC%EB%8F%99-%EA%B1%B4%EB%AC%BC%EB%B0%A9%EC%88%98"
"삼동","외벽도색","https://sinbiroo.co.kr/?k=%EC%82%BC%EB%8F%99-%EC%99%B8%EB%B2%BD%EB%8F%84%EC%83%89"
"중대동","창틀코킹","https://sinbiroo.co.kr/?k=%EC%A4%91%EB%8C%80%EB%8F%99-%EC%B0%BD%ED%8B%80%EC%BD%94%ED%82%B9"
"중대동","창틀누수","https://sinbiroo.co.kr/?k=%EC%A4%91%EB%8C%80%EB%8F%99-%EC%B0%BD%ED%8B%80%EB%88%84%EC%88%98"
"중대동","빗물누수","https://sinbiroo.co.kr/?k=%EC%A4%91%EB%8C%80%EB%8F%99-%EB%B9%97%EB%AC%BC%EB%88%84%EC%88%98"
"중대동","창틀실리콘","https://sinbiroo.co.kr/?k=%EC%A4%91%EB%8C%80%EB%8F%99-%EC%B0%BD%ED%8B%80%EC%8B%A4%EB%A6%AC%EC%BD%98"
"중대동","샷시실리콘","https://sinbiroo.co.kr/?k=%EC%A4%91%EB%8C%80%EB%8F%99-%EC%83%B7%EC%8B%9C%EC%8B%A4%EB%A6%AC%EC%BD%98"
"중대동","외벽보수","https://sinbiroo.co.kr/?k=%EC%A4%91%EB%8C%80%EB%8F%99-%EC%99%B8%EB%B2%BD%EB%B3%B4%EC%88%98"
"중대동","외벽방수","https://sinbiroo.co.kr/?k=%EC%A4%91%EB%8C%80%EB%8F%99-%EC%99%B8%EB%B2%BD%EB%B0%A9%EC%88%98"
"중대동","옥상방수","https://sinbiroo.co.kr/?k=%EC%A4%91%EB%8C%80%EB%8F%99-%EC%98%A5%EC%83%81%EB%B0%A9%EC%88%98"
"중대동","건물방수","https://sinbiroo.co.kr/?k=%EC%A4%91%EB%8C%80%EB%8F%99-%EA%B1%B4%EB%AC%BC%EB%B0%A9%EC%88%98"
"중대동","외벽도색","https://sinbiroo.co.kr/?k=%EC%A4%91%EB%8C%80%EB%8F%99-%EC%99%B8%EB%B2%BD%EB%8F%84%EC%83%89"
"직동","창틀코킹","https://sinbiroo.co.kr/?k=%EC%A7%81%EB%8F%99-%EC%B0%BD%ED%8B%80%EC%BD%94%ED%82%B9"
"직동","창틀누수","https://sinbiroo.co.kr/?k=%EC%A7%81%EB%8F%99-%EC%B0%BD%ED%8B%80%EB%88%84%EC%88%98"
"직동","빗물누수","https://sinbiroo.co.kr/?k=%EC%A7%81%EB%8F%99-%EB%B9%97%EB%AC%BC%EB%88%84%EC%88%98"
"직동","창틀실리콘","https://sinbiroo.co.kr/?k=%EC%A7%81%EB%8F%99-%EC%B0%BD%ED%8B%80%EC%8B%A4%EB%A6%AC%EC%BD%98"
"직동","샷시실리콘","https://sinbiroo.co.kr/?k=%EC%A7%81%EB%8F%99-%EC%83%B7%EC%8B%9C%EC%8B%A4%EB%A6%AC%EC%BD%98"
"직동","외벽보수","https://sinbiroo.co.kr/?k=%EC%A7%81%EB%8F%99-%EC%99%B8%EB%B2%BD%EB%B3%B4%EC%88%98"
"직동","외벽방수","https://sinbiroo.co.kr/?k=%EC%A7%81%EB%8F%99-%EC%99%B8%EB%B2%BD%EB%B0%A9%EC%88%98"
"직동","옥상방수","https://sinbiroo.co.kr/?k=%EC%A7%81%EB%8F%99-%EC%98%A5%EC%83%81%EB%B0%A9%EC%88%98"
"직동","건물방수","https://sinbiroo.co.kr/?k=%EC%A7%81%EB%8F%99-%EA%B1%B4%EB%AC%BC%EB%B0%A9%EC%88%98"
"직동","외벽도색","https://sinbiroo.co.kr/?k=%EC%A7%81%EB%8F%99-%EC%99%B8%EB%B2%BD%EB%8F%84%EC%83%89"
"목동","창틀코킹","https://sinbiroo.co.kr/?k=%EB%AA%A9%EB%8F%99-%EC%B0%BD%ED%8B%80%EC%BD%94%ED%82%B9"
"목동","창틀누수","https://sinbiroo.co.kr/?k=%EB%AA%A9%EB%8F%99-%EC%B0%BD%ED%8B%80%EB%88%84%EC%88%98"
"목동","빗물누수","https://sinbiroo.co.kr/?k=%EB%AA%A9%EB%8F%99-%EB%B9%97%EB%AC%BC%EB%88%84%EC%88%98"
"목동","창틀실리콘","https://sinbiroo.co.kr/?k=%EB%AA%A9%EB%8F%99-%EC%B0%BD%ED%8B%80%EC%8B%A4%EB%A6%AC%EC%BD%98"
"목동","샷시실리콘","https://sinbiroo.co.kr/?k=%EB%AA%A9%EB%8F%99-%EC%83%B7%EC%8B%9C%EC%8B%A4%EB%A6%AC%EC%BD%98"
"목동","외벽보수","https://sinbiroo.co.kr/?k=%EB%AA%A9%EB%8F%99-%EC%99%B8%EB%B2%BD%EB%B3%B4%EC%88%98"
"목동","외벽방수","https://sinbiroo.co.kr/?k=%EB%AA%A9%EB%8F%99-%EC%99%B8%EB%B2%BD%EB%B0%A9%EC%88%98"
"목동","옥상방수","https://sinbiroo.co.kr/?k=%EB%AA%A9%EB%8F%99-%EC%98%A5%EC%83%81%EB%B0%A9%EC%88%98"
"목동","건물방수","https://sinbiroo.co.kr/?k=%EB%AA%A9%EB%8F%99-%EA%B1%B4%EB%AC%BC%EB%B0%A9%EC%88%98"
"목동","외벽도색","https://sinbiroo.co.kr/?k=%EB%AA%A9%EB%8F%99-%EC%99%B8%EB%B2%BD%EB%8F%84%EC%83%89"
"광주시","창틀코킹","https://sinbiroo.co.kr/?k=%EA%B4%91%EC%A3%BC%EC%8B%9C-%EC%B0%BD%ED%8B%80%EC%BD%94%ED%82%B9"
"광주시","창틀누수","https://sinbiroo.co.kr/?k=%EA%B4%91%EC%A3%BC%EC%8B%9C-%EC%B0%BD%ED%8B%80%EB%88%84%EC%88%98"
"광주시","빗물누수","https://sinbiroo.co.kr/?k=%EA%B4%91%EC%A3%BC%EC%8B%9C-%EB%B9%97%EB%AC%BC%EB%88%84%EC%88%98"
"광주시","창틀실리콘","https://sinbiroo.co.kr/?k=%EA%B4%91%EC%A3%BC%EC%8B%9C-%EC%B0%BD%ED%8B%80%EC%8B%A4%EB%A6%AC%EC%BD%98"
"광주시","샷시실리콘","https://sinbiroo.co.kr/?k=%EA%B4%91%EC%A3%BC%EC%8B%9C-%EC%83%B7%EC%8B%9C%EC%8B%A4%EB%A6%AC%EC%BD%98"
"광주시","외벽보수","https://sinbiroo.co.kr/?k=%EA%B4%91%EC%A3%BC%EC%8B%9C-%EC%99%B8%EB%B2%BD%EB%B3%B4%EC%88%98"
"광주시","외벽방수","https://sinbiroo.co.kr/?k=%EA%B4%91%EC%A3%BC%EC%8B%9C-%EC%99%B8%EB%B2%BD%EB%B0%A9%EC%88%98"
"광주시","옥상방수","https://sinbiroo.co.kr/?k=%EA%B4%91%EC%A3%BC%EC%8B%9C-%EC%98%A5%EC%83%81%EB%B0%A9%EC%88%98"
"광주시","건물방수","https://sinbiroo.co.kr/?k=%EA%B4%91%EC%A3%BC%EC%8B%9C-%EA%B1%B4%EB%AC%BC%EB%B0%A9%EC%88%98"
"광주시","외벽도색","https://sinbiroo.co.kr/?k=%EA%B4%91%EC%A3%BC%EC%8B%9C-%EC%99%B8%EB%B2%BD%EB%8F%84%EC%83%89"
